instance,solver,seed,n_vars,n_decision,degree,penalty_mult,penalty_weight,safe_penalty_weight,quadratized,n_slack,n_aux,grid,family,reads,p_success,p_success_lo,p_success_hi,p_feasible,best_feasible_obj,best_gap_C,mean_benefit_ratio,best_benefit_ratio,time_per_read_s,tts99_s,wall_time_s,p_success_pp,p_success_lo_pp,p_success_hi_pp,p_feasible_pp,best_feasible_obj_pp,best_gap_C_pp,mean_benefit_ratio_pp,best_benefit_ratio_pp,time_per_read_s_pp,tts99_s_pp,wall_time_s_pp
park_8x8_s0,SA,0,13,9,2,1.0,2.217360875680209,2.217360875680209,False,4,0,8,park,32,0.53125,0.3644923793257382,0.6913087009831766,1.0,30.93816733259885,0.0,0.9803768354460525,1.0,0.007512501062507226,0.045660550064165924,0.24040003400023124,1.0,0.8928172849426366,1.0,1.0,30.93816733259885,0.0,1.0,1.0,0.008636107218762845,0.008636107218762845,0.27635543100041104
park_8x8_s0,SA,1,13,9,2,1.0,2.217360875680209,2.217360875680209,False,4,0,8,park,32,0.53125,0.3644923793257382,0.6913087009831766,1.0,30.93816733259885,0.0,0.9859349322663321,1.0,0.0009368778749916373,0.005694289925436385,0.029980091999732394,1.0,0.8928172849426366,1.0,1.0,30.93816733259885,0.0,1.0,1.0,0.0020824245937376418,0.0020824245937376418,0.06663758699960454
park_8x8_s0,SA,2,13,9,2,1.0,2.217360875680209,2.217360875680209,False,4,0,8,park,32,0.4375,0.2816508596944317,0.6067469796877387,1.0,30.93816733259885,0.0,0.9895092576896802,1.0,0.000842580749988997,0.0067439512585324365,0.026962583999647904,1.0,0.8928172849426366,1.0,1.0,30.93816733259885,0.0,1.0,1.0,0.002082733687487348,0.002082733687487348,0.06664747799959514
park_8x8_s0,SA,3,13,9,2,1.0,2.217360875680209,2.217360875680209,False,4,0,8,park,32,0.25,0.1325224398262155,0.42106891770246624,1.0,30.93816733259885,0.0,0.9791587341075779,1.0,0.0008198680937567815,0.013124321823858044,0.026235779000217008,1.0,0.8928172849426366,1.0,1.0,30.93816733259885,0.0,1.0,1.0,0.0021655333125067955,0.0021655333125067955,0.06929706600021746
park_8x8_s0,Tabu,0,13,9,2,1.0,2.217360875680209,2.217360875680209,False,4,0,8,park,32,1.0,0.8928172849426366,1.0,1.0,30.93816733259885,0.0,1.0,1.0,0.0005427024999988816,0.0005427024999988816,0.017366479999964213,1.0,0.8928172849426366,1.0,1.0,30.93816733259885,0.0,1.0,1.0,0.0014327776562481631,0.0014327776562481631,0.04584888499994122
park_8x8_s0,Tabu,1,13,9,2,1.0,2.217360875680209,2.217360875680209,False,4,0,8,park,32,1.0,0.8928172849426366,1.0,1.0,30.93816733259885,0.0,1.0,1.0,0.0002026351874917509,0.0002026351874917509,0.006484325999736029,1.0,0.8928172849426366,1.0,1.0,30.93816733259885,0.0,1.0,1.0,0.0010888397499968505,0.0010888397499968505,0.034842871999899216
park_8x8_s0,Tabu,2,13,9,2,1.0,2.217360875680209,2.217360875680209,False,4,0,8,park,32,1.0,0.8928172849426366,1.0,1.0,30.93816733259885,0.0,1.0,1.0,0.00019784893748919785,0.00019784893748919785,0.006331165999654331,1.0,0.8928172849426366,1.0,1.0,30.93816733259885,0.0,1.0,1.0,0.0011614802499906318,0.0011614802499906318,0.03716736799970022
park_8x8_s0,Tabu,3,13,9,2,1.0,2.217360875680209,2.217360875680209,False,4,0,8,park,32,1.0,0.8928172849426366,1.0,1.0,30.93816733259885,0.0,1.0,1.0,0.00020030246874114255,0.00020030246874114255,0.0064096789997165615,1.0,0.8928172849426366,1.0,1.0,30.93816733259885,0.0,1.0,1.0,0.0011114738437498772,0.0011114738437498772,0.03556716299999607
park_8x8_s0,SQA,0,13,9,2,1.0,2.217360875680209,2.217360875680209,False,4,0,8,park,32,1.0,0.8928172849426366,1.0,1.0,30.93816733259885,0.0,1.0,1.0,0.024912529781246917,0.024912529781246917,0.7972009529999013,1.0,0.8928172849426366,1.0,1.0,30.93816733259885,0.0,1.0,1.0,0.025826882031239506,0.025826882031239506,0.8264602249996642
park_8x8_s0,SQA,1,13,9,2,1.0,2.217360875680209,2.217360875680209,False,4,0,8,park,32,1.0,0.8928172849426366,1.0,1.0,30.93816733259885,0.0,1.0,1.0,0.023905548906256513,0.023905548906256513,0.7649775650002084,1.0,0.8928172849426366,1.0,1.0,30.93816733259885,0.0,1.0,1.0,0.024825113968759638,0.024825113968759638,0.7944036470003084
park_8x8_s0,SQA,2,13,9,2,1.0,2.217360875680209,2.217360875680209,False,4,0,8,park,32,1.0,0.8928172849426366,1.0,1.0,30.93816733259885,0.0,1.0,1.0,0.02471129281249773,0.02471129281249773,0.7907613699999274,1.0,0.8928172849426366,1.0,1.0,30.93816733259885,0.0,1.0,1.0,0.025726324749996365,0.025726324749996365,0.8232423919998837
park_8x8_s0,SQA,3,13,9,2,1.0,2.217360875680209,2.217360875680209,False,4,0,8,park,32,1.0,0.8928172849426366,1.0,1.0,30.93816733259885,0.0,1.0,1.0,0.024134427156255356,0.024134427156255356,0.7723016690001714,1.0,0.8928172849426366,1.0,1.0,30.93816733259885,0.0,1.0,1.0,0.025044795499994166,0.025044795499994166,0.8014334559998133
park_8x8_s0,Greedy,0,13,9,2,1.0,2.217360875680209,2.217360875680209,False,4,0,8,park,32,0.21875,0.11023696931531854,0.3875533079044484,0.78125,30.93816733259885,0.0,0.7344053105007817,1.0,0.00018233843749726475,0.003401520177575951,0.005834829999912472,1.0,0.8928172849426366,1.0,1.0,30.93816733259885,0.0,1.0,1.0,0.0016521358437415756,0.0016521358437415756,0.05286834699973042
park_8x8_s0,Greedy,1,13,9,2,1.0,2.217360875680209,2.217360875680209,False,4,0,8,park,32,0.25,0.1325224398262155,0.42106891770246624,0.78125,30.93816733259885,0.0,0.712501991288556,1.0,6.901281238924639e-06,0.00011047464423401528,0.00022084099964558845,1.0,0.8928172849426366,1.0,1.0,30.93816733259885,0.0,1.0,1.0,0.0015048682812448533,0.0015048682812448533,0.048155784999835305
park_8x8_s0,Greedy,2,13,9,2,1.0,2.217360875680209,2.217360875680209,False,4,0,8,park,32,0.0625,0.017310203195157234,0.2014746724800358,0.65625,30.93816733259885,0.0,0.6062334118980018,1.0,7.042999996542676e-06,0.0005025558849552093,0.00022537599988936563,1.0,0.8928172849426366,1.0,1.0,30.93816733259885,0.0,1.0,1.0,0.001600034374988013,0.001600034374988013,0.05120109999961642
park_8x8_s0,Greedy,3,13,9,2,1.0,2.217360875680209,2.217360875680209,False,4,0,8,park,32,0.1875,0.08889423936162782,0.3530949575492244,0.6875,30.93816733259885,0.0,0.6562450730115517,1.0,7.172468755811678e-06,0.0001590759984720191,0.0002295190001859737,1.0,0.8928172849426366,1.0,1.0,30.93816733259885,0.0,1.0,1.0,0.0015183277187560407,0.0015183277187560407,0.0485864870001933
park_8x8_s0,Random,0,13,9,2,1.0,2.217360875680209,2.217360875680209,False,4,0,8,park,32,0.0,0.0,0.1071827150573635,0.0625,31.031284547508093,0.09311721490924185,0.050688531267032495,0.8723129793916062,9.757959374212533e-05,inf,0.0031225469997480104,1.0,0.8928172849426366,1.0,1.0,30.93816733259885,0.0,1.0,1.0,0.0026653824062350395,0.0026653824062350395,0.08529223699952126
park_8x8_s0,Random,1,13,9,2,1.0,2.217360875680209,2.217360875680209,False,4,0,8,park,32,0.0,0.0,0.1071827150573635,0.125,30.97007026038138,0.03190292778252868,0.09712419774551057,0.9562530966888751,3.996906244196907e-06,inf,0.00012790099981430103,1.0,0.8928172849426366,1.0,1.0,30.93816733259885,0.0,1.0,1.0,0.0024307767812388192,0.0024307767812388192,0.07778485699964222
park_8x8_s0,Random,2,13,9,2,1.0,2.217360875680209,2.217360875680209,False,4,0,8,park,32,0.0,0.0,0.1071827150573635,0.0625,30.99933466944903,0.061167336850179055,0.053664590928986414,0.9161242632894274,3.5460312517443526e-06,inf,0.00011347300005581928,1.0,0.8928172849426366,1.0,1.0,30.93816733259885,0.0,1.0,1.0,0.002455994937506034,0.002455994937506034,0.07859183800019309
park_8x8_s0,Random,3,13,9,2,1.0,2.217360875680209,2.217360875680209,False,4,0,8,park,32,0.0,0.0,0.1071827150573635,0.0625,30.99933466944903,0.061167336850179055,0.056531423908602926,0.9161242632894274,3.786281240536482e-06,inf,0.00012116099969716743,1.0,0.8928172849426366,1.0,1.0,30.93816733259885,0.0,1.0,1.0,0.002578865531248198,0.002578865531248198,0.08252369699994233
park_8x8_s0,SQA-fixedT,0,13,9,2,1.0,2.217360875680209,2.217360875680209,False,4,0,8,park,32,1.0,0.8928172849426366,1.0,1.0,30.93816733259885,0.0,1.0,1.0,0.038240128249995564,0.038240128249995564,1.223684103999858,1.0,0.8928172849426366,1.0,1.0,30.93816733259885,0.0,1.0,1.0,0.039245496624985776,0.039245496624985776,1.2558558919995448
park_8x8_s0,SQA-fixedT,1,13,9,2,1.0,2.217360875680209,2.217360875680209,False,4,0,8,park,32,1.0,0.8928172849426366,1.0,1.0,30.93816733259885,0.0,1.0,1.0,0.03926622565624882,0.03926622565624882,1.2565192209999623,1.0,0.8928172849426366,1.0,1.0,30.93816733259885,0.0,1.0,1.0,0.04015809996874964,0.04015809996874964,1.2850591989999884
park_8x8_s0,SQA-fixedT,2,13,9,2,1.0,2.217360875680209,2.217360875680209,False,4,0,8,park,32,1.0,0.8928172849426366,1.0,1.0,30.93816733259885,0.0,1.0,1.0,0.038510664374996395,0.038510664374996395,1.2323412599998846,1.0,0.8928172849426366,1.0,1.0,30.93816733259885,0.0,1.0,1.0,0.03941695934375389,0.03941695934375389,1.2613426990001244
park_8x8_s0,SQA-fixedT,3,13,9,2,1.0,2.217360875680209,2.217360875680209,False,4,0,8,park,32,1.0,0.8928172849426366,1.0,1.0,30.93816733259885,0.0,1.0,1.0,0.04025423649999027,0.04025423649999027,1.2881355679996886,1.0,0.8928172849426366,1.0,1.0,30.93816733259885,0.0,1.0,1.0,0.04117660243748844,0.04117660243748844,1.31765127799963
park_8x8_s0,SA-matched,0,13,9,2,1.0,2.217360875680209,2.217360875680209,False,4,0,8,park,32,1.0,0.8928172849426366,1.0,1.0,30.93816733259885,0.0,1.0,1.0,0.014216702031248474,0.014216702031248474,0.45493446499995116,1.0,0.8928172849426366,1.0,1.0,30.93816733259885,0.0,1.0,1.0,0.01511886856249589,0.01511886856249589,0.4838037939998685
park_8x8_s0,SA-matched,1,13,9,2,1.0,2.217360875680209,2.217360875680209,False,4,0,8,park,32,1.0,0.8928172849426366,1.0,1.0,30.93816733259885,0.0,1.0,1.0,0.013610016593744945,0.013610016593744945,0.43552053099983823,1.0,0.8928172849426366,1.0,1.0,30.93816733259885,0.0,1.0,1.0,0.014503520406250914,0.014503520406250914,0.46411265300002924
park_8x8_s0,SA-matched,2,13,9,2,1.0,2.217360875680209,2.217360875680209,False,4,0,8,park,32,1.0,0.8928172849426366,1.0,1.0,30.93816733259885,0.0,1.0,1.0,0.013674054437501582,0.013674054437501582,0.4375697420000506,1.0,0.8928172849426366,1.0,1.0,30.93816733259885,0.0,1.0,1.0,0.014564068281245568,0.014564068281245568,0.4660501849998582
park_8x8_s0,SA-matched,3,13,9,2,1.0,2.217360875680209,2.217360875680209,False,4,0,8,park,32,1.0,0.8928172849426366,1.0,1.0,30.93816733259885,0.0,1.0,1.0,0.013670609999991257,0.013670609999991257,0.4374595199997202,1.0,0.8928172849426366,1.0,1.0,30.93816733259885,0.0,1.0,1.0,0.014569076656243851,0.014569076656243851,0.46621045299980324
park_8x8_s0,QAOA(p=4),0,13,9,2,1.0,2.217360875680209,2.217360875680209,False,4,0,8,park,256,0.0078125,0.0021450454442769468,0.02803334015679694,0.7890625,30.93816733259885,0.0,0.5791037769885801,1.0,0.01104052242187592,6.482511067434863,2.8263737400002356,1.0,0.9852156082782743,1.0,1.0,30.93816733259885,0.0,1.0,1.0,0.01281900995703289,0.01281900995703289,3.2816665490004198
park_8x8_s0,QAOA(p=4),1,13,9,2,1.0,2.217360875680209,2.217360875680209,False,4,0,8,park,256,0.01171875,0.003993214821806392,0.03388216771894151,0.78515625,30.93816733259885,0.0,0.5762115443099527,1.0,0.009201419242188535,3.59469465734655,2.355563326000265,1.0,0.9852156082782743,1.0,1.0,30.93816733259885,0.0,1.0,1.0,0.011020937843749579,0.011020937843749579,2.821360087999892
park_8x8_s0,QAOA(p=4),2,13,9,2,1.0,2.217360875680209,2.217360875680209,False,4,0,8,park,256,0.01171875,0.003993214821806392,0.03388216771894151,0.7890625,30.93816733259885,0.0,0.5823713362834202,1.0,0.011707095410155688,4.573580685355613,2.997016424999856,1.0,0.9852156082782743,1.0,1.0,30.93816733259885,0.0,1.0,1.0,0.013432406125000185,0.013432406125000185,3.4386959680000473
park_8x8_s0,QAOA(p=4),3,13,9,2,1.0,2.217360875680209,2.217360875680209,False,4,0,8,park,256,0.015625,0.00609249965946242,0.039479879820959504,0.79296875,30.93816733259885,0.0,0.5878999039377394,1.0,0.010254169812499825,2.998547543602136,2.625067471999955,1.0,0.9852156082782743,1.0,1.0,30.93816733259885,0.0,1.0,1.0,0.011977532019530557,0.011977532019530557,3.0662481969998225
park_8x8_s1,SA,0,13,9,2,1.0,1.9170104625467155,1.9170104625467155,False,4,0,8,park,32,0.5,0.33630614316859386,0.6636938568314061,1.0,30.890692549806975,0.0,0.9733180809930232,1.0,0.000850474593747208,0.005650430893913532,0.027215186999910657,1.0,0.8928172849426366,1.0,1.0,30.890692549806975,0.0,1.0,1.0,0.002009757562490222,0.002009757562490222,0.0643122419996871
park_8x8_s1,SA,1,13,9,2,1.0,1.9170104625467155,1.9170104625467155,False,4,0,8,park,32,0.40625,0.255194024803138,0.5774027342701177,1.0,30.890692549806975,0.0,0.9660752599276071,1.0,0.0010045693124993704,0.008874429212889487,0.032146217999979854,1.0,0.8928172849426366,1.0,1.0,30.890692549806975,0.0,1.0,1.0,0.002537649187502211,0.002537649187502211,0.08120477400007076
park_8x8_s1,SA,2,13,9,2,1.0,1.9170104625467155,1.9170104625467155,False,4,0,8,park,32,0.5,0.33630614316859386,0.6636938568314061,1.0,30.890692549806975,0.0,0.9807335861248726,1.0,0.0008300666249994038,0.005514843284427704,0.02656213199998092,1.0,0.8928172849426366,1.0,1.0,30.890692549806975,0.0,1.0,1.0,0.0020308134687496704,0.0020308134687496704,0.06498603099998945
park_8x8_s1,SA,3,13,9,2,1.0,1.9170104625467155,1.9170104625467155,False,4,0,8,park,32,0.46875,0.30869129901682335,0.6355076206742619,1.0,30.890692549806975,0.0,0.9725772176359313,1.0,0.0009023623125017366,0.0065697767787873396,0.02887559400005557,1.0,0.8928172849426366,1.0,1.0,30.890692549806975,0.0,1.0,1.0,0.002083078906252922,0.002083078906252922,0.0666585250000935
park_8x8_s1,Tabu,0,13,9,2,1.0,1.9170104625467155,1.9170104625467155,False,4,0,8,park,32,1.0,0.8928172849426366,1.0,1.0,30.890692549806975,0.0,1.0,1.0,0.00023844599999733873,0.00023844599999733873,0.007630271999914839,1.0,0.8928172849426366,1.0,1.0,30.890692549806975,0.0,1.0,1.0,0.0011155003437437472,0.0011155003437437472,0.03569601099979991
park_8x8_s1,Tabu,1,13,9,2,1.0,1.9170104625467155,1.9170104625467155,False,4,0,8,park,32,1.0,0.8928172849426366,1.0,1.0,30.890692549806975,0.0,1.0,1.0,0.00020488484375391636,0.00020488484375391636,0.006556315000125323,1.0,0.8928172849426366,1.0,1.0,30.890692549806975,0.0,1.0,1.0,0.0011387968750113941,0.0011387968750113941,0.03644150000036461
park_8x8_s1,Tabu,2,13,9,2,1.0,1.9170104625467155,1.9170104625467155,False,4,0,8,park,32,1.0,0.8928172849426366,1.0,1.0,30.890692549806975,0.0,1.0,1.0,0.00021460349999813388,0.00021460349999813388,0.006867311999940284,1.0,0.8928172849426366,1.0,1.0,30.890692549806975,0.0,1.0,1.0,0.0011144858124936263,0.0011144858124936263,0.03566354599979604
park_8x8_s1,Tabu,3,13,9,2,1.0,1.9170104625467155,1.9170104625467155,False,4,0,8,park,32,1.0,0.8928172849426366,1.0,1.0,30.890692549806975,0.0,1.0,1.0,0.00021001581249890933,0.00021001581249890933,0.0067205059999650985,1.0,0.8928172849426366,1.0,1.0,30.890692549806975,0.0,1.0,1.0,0.0010789648125069107,0.0010789648125069107,0.03452687400022114
park_8x8_s1,SQA,0,13,9,2,1.0,1.9170104625467155,1.9170104625467155,False,4,0,8,park,32,1.0,0.8928172849426366,1.0,1.0,30.890692549806975,0.0,1.0,1.0,0.02415659071874643,0.02415659071874643,0.7730109029998857,1.0,0.8928172849426366,1.0,1.0,30.890692549806975,0.0,1.0,1.0,0.02514598118749234,0.02514598118749234,0.8046713979997548
park_8x8_s1,SQA,1,13,9,2,1.0,1.9170104625467155,1.9170104625467155,False,4,0,8,park,32,1.0,0.8928172849426366,1.0,1.0,30.890692549806975,0.0,1.0,1.0,0.024971289406252595,0.024971289406252595,0.799081261000083,1.0,0.8928172849426366,1.0,1.0,30.890692549806975,0.0,1.0,1.0,0.025867775781250657,0.025867775781250657,0.827768825000021
park_8x8_s1,SQA,2,13,9,2,1.0,1.9170104625467155,1.9170104625467155,False,4,0,8,park,32,1.0,0.8928172849426366,1.0,1.0,30.890692549806975,0.0,1.0,1.0,0.02419551559374611,0.02419551559374611,0.7742564989998755,1.0,0.8928172849426366,1.0,1.0,30.890692549806975,0.0,1.0,1.0,0.025115281875002893,0.025115281875002893,0.8036890200000926
park_8x8_s1,SQA,3,13,9,2,1.0,1.9170104625467155,1.9170104625467155,False,4,0,8,park,32,1.0,0.8928172849426366,1.0,1.0,30.890692549806975,0.0,1.0,1.0,0.024557564874996274,0.024557564874996274,0.7858420759998808,1.0,0.8928172849426366,1.0,1.0,30.890692549806975,0.0,1.0,1.0,0.02550195474999839,0.02550195474999839,0.8160625519999485
park_8x8_s1,Greedy,0,13,9,2,1.0,1.9170104625467155,1.9170104625467155,False,4,0,8,park,32,0.21875,0.11023696931531854,0.3875533079044484,0.78125,30.890692549806975,0.0,0.7147981382787993,1.0,6.890031244211059e-06,0.00012853340536969458,0.00022048099981475389,1.0,0.8928172849426366,1.0,1.0,30.890692549806975,0.0,1.0,1.0,0.0014302721562557963,0.0014302721562557963,0.04576870900018548
park_8x8_s1,Greedy,1,13,9,2,1.0,1.9170104625467155,1.9170104625467155,False,4,0,8,park,32,0.125,0.04970053844474301,0.2806864978482796,0.78125,30.890692549806975,0.0,0.6727958179373811,1.0,6.774999988579111e-06,0.0002336531308799096,0.00021679999963453156,1.0,0.8928172849426366,1.0,1.0,30.890692549806975,0.0,1.0,1.0,0.0015727820312463336,0.0015727820312463336,0.05032902499988268
park_8x8_s1,Greedy,2,13,9,2,1.0,1.9170104625467155,1.9170104625467155,False,4,0,8,park,32,0.125,0.04970053844474301,0.2806864978482796,0.65625,30.890692549806975,0.0,0.5908482865140556,1.0,7.79268749795392e-06,0.0002687506767431785,0.00024936599993452546,1.0,0.8928172849426366,1.0,1.0,30.890692549806975,0.0,1.0,1.0,0.0015550242812452097,0.0015550242812452097,0.04976077699984671
park_8x8_s1,Greedy,3,13,9,2,1.0,1.9170104625467155,1.9170104625467155,False,4,0,8,park,32,0.21875,0.11023696931531854,0.3875533079044484,0.6875,30.890692549806975,0.0,0.6333089423498821,1.0,7.738437489024363e-06,0.00014436040816803318,0.00024762999964877963,1.0,0.8928172849426366,1.0,1.0,30.890692549806975,0.0,1.0,1.0,0.0015196457812436392,0.0015196457812436392,0.048628664999796456
park_8x8_s1,Random,0,13,9,2,1.0,1.9170104625467155,1.9170104625467155,False,4,0,8,park,32,0.0,0.0,0.1071827150573635,0.0625,30.936743843173797,0.046051293366822676,0.05323787413277781,0.9355615177453042,5.142437501604036e-06,inf,0.00016455800005132915,1.0,0.8928172849426366,1.0,1.0,30.890692549806975,0.0,1.0,1.0,0.002540483406249905,0.002540483406249905,0.08129546899999696
park_8x8_s1,Random,1,13,9,2,1.0,1.9170104625467155,1.9170104625467155,False,4,0,8,park,32,0.0,0.0,0.1071827150573635,0.125,31.029687804349308,0.1389952545423334,0.08242884021934231,0.8055072379407736,3.4442499980968933e-06,inf,0.00011021599993910058,1.0,0.8928172849426366,1.0,1.0,30.890692549806975,0.0,1.0,1.0,0.0025135499999890953,0.0025135499999890953,0.08043359999965105
park_8x8_s1,Random,2,13,9,2,1.0,1.9170104625467155,1.9170104625467155,False,4,0,8,park,32,0.0,0.0,0.1071827150573635,0.0625,30.998679370713457,0.1079868209064827,0.044105179151691085,0.8488966034613785,3.5424374971171346e-06,inf,0.00011335799990774831,1.0,0.8928172849426366,1.0,1.0,30.890692549806975,0.0,1.0,1.0,0.0024300033124973197,0.0024300033124973197,0.07776010599991423
park_8x8_s1,Random,3,13,9,2,1.0,1.9170104625467155,1.9170104625467155,False,4,0,8,park,32,0.0,0.0,0.1071827150573635,0.0625,30.998679370713457,0.1079868209064827,0.05192679513171079,0.8488966034613785,3.874249998148116e-06,inf,0.0001239759999407397,1.0,0.8928172849426366,1.0,1.0,30.890692549806975,0.0,1.0,1.0,0.002560092343756537,0.002560092343756537,0.08192295500020919
park_8x8_s1,SQA-fixedT,0,13,9,2,1.0,1.9170104625467155,1.9170104625467155,False,4,0,8,park,32,1.0,0.8928172849426366,1.0,1.0,30.890692549806975,0.0,1.0,1.0,0.038982853874998113,0.038982853874998113,1.2474513239999396,1.0,0.8928172849426366,1.0,1.0,30.890692549806975,0.0,1.0,1.0,0.03991579206250151,0.03991579206250151,1.2773053460000483
park_8x8_s1,SQA-fixedT,1,13,9,2,1.0,1.9170104625467155,1.9170104625467155,False,4,0,8,park,32,1.0,0.8928172849426366,1.0,1.0,30.890692549806975,0.0,1.0,1.0,0.03773715940626232,0.03773715940626232,1.2075891010003943,1.0,0.8928172849426366,1.0,1.0,30.890692549806975,0.0,1.0,1.0,0.03865762415627216,0.03865762415627216,1.2370439730007092
park_8x8_s1,SQA-fixedT,2,13,9,2,1.0,1.9170104625467155,1.9170104625467155,False,4,0,8,park,32,1.0,0.8928172849426366,1.0,1.0,30.890692549806975,0.0,1.0,1.0,0.03823088775000372,0.03823088775000372,1.223388408000119,1.0,0.8928172849426366,1.0,1.0,30.890692549806975,0.0,1.0,1.0,0.039569703906252585,0.039569703906252585,1.2662305250000827
park_8x8_s1,SQA-fixedT,3,13,9,2,1.0,1.9170104625467155,1.9170104625467155,False,4,0,8,park,32,1.0,0.8928172849426366,1.0,1.0,30.890692549806975,0.0,1.0,1.0,0.03853732565625023,0.03853732565625023,1.2331944210000074,1.0,0.8928172849426366,1.0,1.0,30.890692549806975,0.0,1.0,1.0,0.03951055546875182,0.03951055546875182,1.2643377750000582
park_8x8_s1,SA-matched,0,13,9,2,1.0,1.9170104625467155,1.9170104625467155,False,4,0,8,park,32,1.0,0.8928172849426366,1.0,1.0,30.890692549806975,0.0,1.0,1.0,0.014333143249999125,0.014333143249999125,0.458660583999972,1.0,0.8928172849426366,1.0,1.0,30.890692549806975,0.0,1.0,1.0,0.015262817874997836,0.015262817874997836,0.48841017199993075
park_8x8_s1,SA-matched,1,13,9,2,1.0,1.9170104625467155,1.9170104625467155,False,4,0,8,park,32,1.0,0.8928172849426366,1.0,1.0,30.890692549806975,0.0,1.0,1.0,0.014245981000001962,0.014245981000001962,0.45587139200006277,1.0,0.8928172849426366,1.0,1.0,30.890692549806975,0.0,1.0,1.0,0.015120201281263235,0.015120201281263235,0.4838464410004235
park_8x8_s1,SA-matched,2,13,9,2,1.0,1.9170104625467155,1.9170104625467155,False,4,0,8,park,32,1.0,0.8928172849426366,1.0,1.0,30.890692549806975,0.0,1.0,1.0,0.014896000999996772,0.014896000999996772,0.4766720319998967,1.0,0.8928172849426366,1.0,1.0,30.890692549806975,0.0,1.0,1.0,0.015824940718744074,0.015824940718744074,0.5063981029998104
park_8x8_s1,SA-matched,3,13,9,2,1.0,1.9170104625467155,1.9170104625467155,False,4,0,8,park,32,1.0,0.8928172849426366,1.0,1.0,30.890692549806975,0.0,1.0,1.0,0.014123285468741642,0.014123285468741642,0.45194513499973255,1.0,0.8928172849426366,1.0,1.0,30.890692549806975,0.0,1.0,1.0,0.01500263521873535,0.01500263521873535,0.4800843269995312
park_8x8_s1,QAOA(p=4),0,13,9,2,1.0,1.9170104625467155,1.9170104625467155,False,4,0,8,park,256,0.01171875,0.003993214821806392,0.03388216771894151,0.78125,30.890692549806975,0.0,0.5159205011742962,1.0,0.009383112558593254,3.6656763153456775,2.402076814999873,1.0,0.9852156082782743,1.0,1.0,30.890692549806975,0.0,1.0,1.0,0.011501866617185996,0.011501866617185996,2.944477853999615
park_8x8_s1,QAOA(p=4),1,13,9,2,1.0,1.9170104625467155,1.9170104625467155,False,4,0,8,park,256,0.03125,0.015918067732609054,0.06044229950650894,0.78515625,30.890692549806975,0.0,0.5393365040358392,1.0,0.010995306656250037,1.5948766748621408,2.8147985040000094,1.0,0.9852156082782743,1.0,1.0,30.890692549806975,0.0,1.0,1.0,0.012714947613281069,0.012714947613281069,3.2550265889999537
park_8x8_s1,QAOA(p=4),2,13,9,2,1.0,1.9170104625467155,1.9170104625467155,False,4,0,8,park,256,0.0234375,0.010784720423856631,0.050181652935913326,0.78515625,30.890692549806975,0.0,0.5240477512808676,1.0,0.009868999769530262,1.9163187020388157,2.526463940999747,1.0,0.9852156082782743,1.0,1.0,30.890692549806975,0.0,1.0,1.0,0.011580486699218184,0.011580486699218184,2.964604594999855
park_8x8_s1,QAOA(p=4),3,13,9,2,1.0,1.9170104625467155,1.9170104625467155,False,4,0,8,park,256,0.00390625,0.0006898644160236098,0.02179152424537626,0.78125,30.890692549806975,0.0,0.5232084318862965,1.0,0.009659882187500912,11.366005561206183,2.4729298400002335,1.0,0.9852156082782743,1.0,1.0,30.890692549806975,0.0,1.0,1.0,0.011375403867189604,0.011375403867189604,2.9121033900005386
park_8x8_s2,SA,0,13,9,2,1.0,1.8260767723678328,1.8260767723678328,False,4,0,8,park,32,0.53125,0.3644923793257382,0.6913087009831766,1.0,30.90119341319868,0.0,0.9671056245418606,1.0,0.0008308831875041278,0.005050060301468276,0.02658826200013209,1.0,0.8928172849426366,1.0,1.0,30.90119341319868,0.0,1.0,1.0,0.0019447205000062695,0.0019447205000062695,0.062231056000200624
park_8x8_s2,SA,1,13,9,2,1.0,1.8260767723678328,1.8260767723678328,False,4,0,8,park,32,0.40625,0.255194024803138,0.5774027342701177,1.0,30.90119341319868,0.0,0.9466660865971714,1.0,0.0008283630000107678,0.007317811438896547,0.02650761600034457,1.0,0.8928172849426366,1.0,1.0,30.90119341319868,0.0,1.0,1.0,0.0020163892187667898,0.0020163892187667898,0.06452445500053727
park_8x8_s2,SA,2,13,9,2,1.0,1.8260767723678328,1.8260767723678328,False,4,0,8,park,32,0.5,0.33630614316859386,0.6636938568314061,1.0,30.90119341319868,0.0,0.9617840528876778,1.0,0.0008361983437481513,0.0055555815419905275,0.02675834699994084,1.0,0.8928172849426366,1.0,1.0,30.90119341319868,0.0,1.0,1.0,0.002023580031249139,0.002023580031249139,0.06475456099997245
park_8x8_s2,SA,3,13,9,2,1.0,1.8260767723678328,1.8260767723678328,False,4,0,8,park,32,0.46875,0.30869129901682335,0.6355076206742619,1.0,30.90119341319868,0.0,0.9626201175654732,1.0,0.0008206998437572111,0.005975221594663115,0.026262395000230754,1.0,0.8928172849426366,1.0,1.0,30.90119341319868,0.0,1.0,1.0,0.0020135336562532302,0.0020135336562532302,0.06443307700010337
park_8x8_s2,Tabu,0,13,9,2,1.0,1.8260767723678328,1.8260767723678328,False,4,0,8,park,32,1.0,0.8928172849426366,1.0,1.0,30.90119341319868,0.0,1.0,1.0,0.0002072896875091601,0.0002072896875091601,0.006633270000293123,1.0,0.8928172849426366,1.0,1.0,30.90119341319868,0.0,1.0,1.0,0.0010885453124984679,0.0010885453124984679,0.03483344999995097
park_8x8_s2,Tabu,1,13,9,2,1.0,1.8260767723678328,1.8260767723678328,False,4,0,8,park,32,1.0,0.8928172849426366,1.0,1.0,30.90119341319868,0.0,1.0,1.0,0.00019755509376295777,0.00019755509376295777,0.0063217630004146486,1.0,0.8928172849426366,1.0,1.0,30.90119341319868,0.0,1.0,1.0,0.0010684875312705344,0.0010684875312705344,0.0341916010006571
park_8x8_s2,Tabu,2,13,9,2,1.0,1.8260767723678328,1.8260767723678328,False,4,0,8,park,32,1.0,0.8928172849426366,1.0,1.0,30.90119341319868,0.0,1.0,1.0,0.0001911507499983145,0.0001911507499983145,0.006116823999946064,1.0,0.8928172849426366,1.0,1.0,30.90119341319868,0.0,1.0,1.0,0.0010828842812600215,0.0010828842812600215,0.034652297000320686
park_8x8_s2,Tabu,3,13,9,2,1.0,1.8260767723678328,1.8260767723678328,False,4,0,8,park,32,1.0,0.8928172849426366,1.0,1.0,30.90119341319868,0.0,1.0,1.0,0.0001955196562448691,0.0001955196562448691,0.0062566289998358116,1.0,0.8928172849426366,1.0,1.0,30.90119341319868,0.0,1.0,1.0,0.001061718187486349,0.001061718187486349,0.03397498199956317
park_8x8_s2,SQA,0,13,9,2,1.0,1.8260767723678328,1.8260767723678328,False,4,0,8,park,32,1.0,0.8928172849426366,1.0,1.0,30.90119341319868,0.0,1.0,1.0,0.023992516781248696,0.023992516781248696,0.7677605369999583,1.0,0.8928172849426366,1.0,1.0,30.90119341319868,0.0,1.0,1.0,0.024893202093750233,0.024893202093750233,0.7965824670000075
park_8x8_s2,SQA,1,13,9,2,1.0,1.8260767723678328,1.8260767723678328,False,4,0,8,park,32,1.0,0.8928172849426366,1.0,1.0,30.90119341319868,0.0,1.0,1.0,0.025457177687499666,0.025457177687499666,0.8146296859999893,1.0,0.8928172849426366,1.0,1.0,30.90119341319868,0.0,1.0,1.0,0.02633393159374009,0.02633393159374009,0.8426858109996829
park_8x8_s2,SQA,2,13,9,2,1.0,1.8260767723678328,1.8260767723678328,False,4,0,8,park,32,1.0,0.8928172849426366,1.0,1.0,30.90119341319868,0.0,1.0,1.0,0.024142396374998043,0.024142396374998043,0.7725566839999374,1.0,0.8928172849426366,1.0,1.0,30.90119341319868,0.0,1.0,1.0,0.02502281912499882,0.02502281912499882,0.8007302119999622
park_8x8_s2,SQA,3,13,9,2,1.0,1.8260767723678328,1.8260767723678328,False,4,0,8,park,32,1.0,0.8928172849426366,1.0,1.0,30.90119341319868,0.0,1.0,1.0,0.025272978468748875,0.025272978468748875,0.808735310999964,1.0,0.8928172849426366,1.0,1.0,30.90119341319868,0.0,1.0,1.0,0.026145979781247775,0.026145979781247775,0.8366713529999288
park_8x8_s2,Greedy,0,13,9,2,1.0,1.8260767723678328,1.8260767723678328,False,4,0,8,park,32,0.25,0.1325224398262155,0.42106891770246624,0.78125,30.90119341319868,0.0,0.7160409571180167,1.0,7.259781256152564e-06,0.00011621345714280708,0.00023231300019688206,1.0,0.8928172849426366,1.0,1.0,30.90119341319868,0.0,1.0,1.0,0.0013564199687579048,0.0013564199687579048,0.043405439000252954
park_8x8_s2,Greedy,1,13,9,2,1.0,1.8260767723678328,1.8260767723678328,False,4,0,8,park,32,0.25,0.1325224398262155,0.42106891770246624,0.78125,30.90119341319868,0.0,0.6893113335707024,1.0,6.844468757094546e-06,0.0001095651987990385,0.00021902300022702548,1.0,0.8928172849426366,1.0,1.0,30.90119341319868,0.0,1.0,1.0,0.0013590797500171448,0.0013590797500171448,0.04349055200054863
park_8x8_s2,Greedy,2,13,9,2,1.0,1.8260767723678328,1.8260767723678328,False,4,0,8,park,32,0.15625,0.06864319106627216,0.31754492553566527,0.65625,30.90119341319868,0.0,0.5755962769181218,1.0,6.6624062498021885e-06,0.00018058674850216056,0.00021319699999367003,1.0,0.8928172849426366,1.0,1.0,30.90119341319868,0.0,1.0,1.0,0.00145849006250387,0.00145849006250387,0.04667168200012384
park_8x8_s2,Greedy,3,13,9,2,1.0,1.8260767723678328,1.8260767723678328,False,4,0,8,park,32,0.1875,0.08889423936162782,0.3530949575492244,0.6875,30.90119341319868,0.0,0.611525898546561,1.0,6.447312500768021e-06,0.00014299297890838132,0.00020631400002457667,1.0,0.8928172849426366,1.0,1.0,30.90119341319868,0.0,1.0,1.0,0.0013951884999983122,0.0013951884999983122,0.04464603199994599
park_8x8_s2,Random,0,13,9,2,1.0,1.8260767723678328,1.8260767723678328,False,4,0,8,park,32,0.0,0.0,0.1071827150573635,0.0625,30.99421942801089,0.09302601481221018,0.05285716014446147,0.8689304306676641,3.6237812395256697e-06,inf,0.00011596099966482143,1.0,0.8928172849426366,1.0,1.0,30.90119341319868,0.0,1.0,1.0,0.002392552656232283,0.002392552656232283,0.07656168499943306
park_8x8_s2,Random,1,13,9,2,1.0,1.8260767723678328,1.8260767723678328,False,4,0,8,park,32,0.0,0.0,0.1071827150573635,0.125,31.07655304633478,0.17535963313610026,0.08394210548904382,0.7529259783962253,4.472781242270685e-06,inf,0.0001431289997526619,1.0,0.8928172849426366,1.0,1.0,30.90119341319868,0.0,1.0,1.0,0.002281325156246794,0.002281325156246794,0.07300240499989741
park_8x8_s2,Random,2,13,9,2,1.0,1.8260767723678328,1.8260767723678328,False,4,0,8,park,32,0.0,0.0,0.1071827150573635,0.0625,30.98510152284866,0.08390810964997897,0.04882185868693949,0.8817771585989768,3.699437499449232e-06,inf,0.00011838199998237542,1.0,0.8928172849426366,1.0,1.0,30.90119341319868,0.0,1.0,1.0,0.0023046370000088245,0.0023046370000088245,0.07374838400028239
park_8x8_s2,Random,3,13,9,2,1.0,1.8260767723678328,1.8260767723678328,False,4,0,8,park,32,0.0,0.0,0.1071827150573635,0.0625,30.98510152284866,0.08390810964997897,0.05118785763169381,0.8817771585989768,3.717093747468425e-06,inf,0.0001189469999189896,1.0,0.8928172849426366,1.0,1.0,30.90119341319868,0.0,1.0,1.0,0.00233110796874314,0.00233110796874314,0.07459545499978049
park_8x8_s2,SQA-fixedT,0,13,9,2,1.0,1.8260767723678328,1.8260767723678328,False,4,0,8,park,32,1.0,0.8928172849426366,1.0,1.0,30.90119341319868,0.0,1.0,1.0,0.03706452790623871,0.03706452790623871,1.1860648929996387,1.0,0.8928172849426366,1.0,1.0,30.90119341319868,0.0,1.0,1.0,0.037965588624985,0.037965588624985,1.21489883599952
park_8x8_s2,SQA-fixedT,1,13,9,2,1.0,1.8260767723678328,1.8260767723678328,False,4,0,8,park,32,1.0,0.8928172849426366,1.0,1.0,30.90119341319868,0.0,1.0,1.0,0.037433808593746676,0.037433808593746676,1.1978818749998936,1.0,0.8928172849426366,1.0,1.0,30.90119341319868,0.0,1.0,1.0,0.038313620843737795,0.038313620843737795,1.2260358669996094
park_8x8_s2,SQA-fixedT,2,13,9,2,1.0,1.8260767723678328,1.8260767723678328,False,4,0,8,park,32,1.0,0.8928172849426366,1.0,1.0,30.90119341319868,0.0,1.0,1.0,0.03737284815623809,0.03737284815623809,1.195931140999619,1.0,0.8928172849426366,1.0,1.0,30.90119341319868,0.0,1.0,1.0,0.03825639293748395,0.03825639293748395,1.2242045739994865
park_8x8_s2,SQA-fixedT,3,13,9,2,1.0,1.8260767723678328,1.8260767723678328,False,4,0,8,park,32,1.0,0.8928172849426366,1.0,1.0,30.90119341319868,0.0,1.0,1.0,0.038280531499992776,0.038280531499992776,1.2249770079997688,1.0,0.8928172849426366,1.0,1.0,30.90119341319868,0.0,1.0,1.0,0.03916650349999884,0.03916650349999884,1.2533281119999629
park_8x8_s2,SA-matched,0,13,9,2,1.0,1.8260767723678328,1.8260767723678328,False,4,0,8,park,32,1.0,0.8928172849426366,1.0,1.0,30.90119341319868,0.0,1.0,1.0,0.01372171925000032,0.01372171925000032,0.4390950160000102,1.0,0.8928172849426366,1.0,1.0,30.90119341319868,0.0,1.0,1.0,0.014660295781254717,0.014660295781254717,0.46912946500015096
park_8x8_s2,SA-matched,1,13,9,2,1.0,1.8260767723678328,1.8260767723678328,False,4,0,8,park,32,1.0,0.8928172849426366,1.0,1.0,30.90119341319868,0.0,1.0,1.0,0.01362362725001276,0.01362362725001276,0.4359560720004083,1.0,0.8928172849426366,1.0,1.0,30.90119341319868,0.0,1.0,1.0,0.014505642375013394,0.014505642375013394,0.4641805560004286
park_8x8_s2,SA-matched,2,13,9,2,1.0,1.8260767723678328,1.8260767723678328,False,4,0,8,park,32,1.0,0.8928172849426366,1.0,1.0,30.90119341319868,0.0,1.0,1.0,0.013669973906246469,0.013669973906246469,0.437439164999887,1.0,0.8928172849426366,1.0,1.0,30.90119341319868,0.0,1.0,1.0,0.014551666374998717,0.014551666374998717,0.46565332399995896
park_8x8_s2,SA-matched,3,13,9,2,1.0,1.8260767723678328,1.8260767723678328,False,4,0,8,park,32,1.0,0.8928172849426366,1.0,1.0,30.90119341319868,0.0,1.0,1.0,0.013938522937507969,0.013938522937507969,0.446032734000255,1.0,0.8928172849426366,1.0,1.0,30.90119341319868,0.0,1.0,1.0,0.014813641250015053,0.014813641250015053,0.4740365200004817
park_8x8_s2,QAOA(p=4),0,13,9,2,1.0,1.8260767723678328,1.8260767723678328,False,4,0,8,park,256,0.0078125,0.0021450454442769468,0.02803334015679694,0.78125,30.90119341319868,0.0,0.5058759319000669,1.0,0.009755640664062426,5.728084791476457,2.497444009999981,1.0,0.9852156082782743,1.0,1.0,30.90119341319868,0.0,1.0,1.0,0.01145613061328099,0.01145613061328099,2.9327694369999335
park_8x8_s2,QAOA(p=4),1,13,9,2,1.0,1.8260767723678328,1.8260767723678328,False,4,0,8,park,256,0.0078125,0.0021450454442769468,0.02803334015679694,0.78125,30.90119341319868,0.0,0.5028605886133067,1.0,0.009864347816407104,5.791912868740935,2.5252730410002187,1.0,0.9852156082782743,1.0,1.0,30.90119341319868,0.0,1.0,1.0,0.011562695683595692,0.011562695683595692,2.960050095000497
park_8x8_s2,QAOA(p=4),2,13,9,2,1.0,1.8260767723678328,1.8260767723678328,False,4,0,8,park,256,0.0078125,0.0021450454442769468,0.02803334015679694,0.77734375,30.90119341319868,0.0,0.5019322202660508,1.0,0.009703477730470311,5.697457002192614,2.4840902990003997,1.0,0.9852156082782743,1.0,1.0,30.90119341319868,0.0,1.0,1.0,0.011463553238282742,0.011463553238282742,2.934669629000382
park_8x8_s2,QAOA(p=4),3,13,9,2,1.0,1.8260767723678328,1.8260767723678328,False,4,0,8,park,256,0.01953125,0.008370606318218642,0.044898770101877296,0.78515625,30.90119341319868,0.0,0.5095479032115896,1.0,0.010011316285154948,2.337387653885318,2.5628969689996666,1.0,0.9852156082782743,1.0,1.0,30.90119341319868,0.0,1.0,1.0,0.011750992437498553,0.011750992437498553,3.0082540639996296
park_10x10_s0,SA,0,17,13,2,1.0,2.0859137300451054,2.0859137300451054,False,4,0,10,park,32,0.03125,0.005537717362550945,0.15744607800372734,1.0,30.884832998049035,0.0,0.9464753676661453,1.0,0.001238763281250499,0.17968345265014343,0.039640425000015966,1.0,0.8928172849426366,1.0,1.0,30.884832998049035,0.0,1.0,1.0,0.004283745562503327,0.004283745562503327,0.13707985800010647
park_10x10_s0,SA,1,17,13,2,1.0,2.0859137300451054,2.0859137300451054,False,4,0,10,park,32,0.03125,0.005537717362550945,0.15744607800372734,1.0,30.884832998049035,0.0,0.9552799889707686,1.0,0.0012146553749943223,0.17618658452542557,0.038868971999818314,1.0,0.8928172849426366,1.0,1.0,30.884832998049035,0.0,1.0,1.0,0.004044115343745602,0.004044115343745602,0.12941169099985927
park_10x10_s0,SA,2,17,13,2,1.0,2.0859137300451054,2.0859137300451054,False,4,0,10,park,32,0.0,0.0,0.1071827150573635,1.0,30.884878101750637,4.510370160204502e-05,0.9419551474687223,0.9999587396512181,0.0013054258125038132,inf,0.04177362600012202,1.0,0.8928172849426366,1.0,1.0,30.884832998049035,0.0,1.0,1.0,0.004509009218750748,0.004509009218750748,0.14428829500002394
park_10x10_s0,SA,3,17,13,2,1.0,2.0859137300451054,2.0859137300451054,False,4,0,10,park,32,0.03125,0.005537717362550945,0.15744607800372734,1.0,30.884832998049035,0.0,0.940153510120576,1.0,0.0012274025937415445,0.1780355772352154,0.03927688299972942,1.0,0.8928172849426366,1.0,1.0,30.884832998049035,0.0,1.0,1.0,0.0043511579374779785,0.0043511579374779785,0.1392370539992953
park_10x10_s0,Tabu,0,17,13,2,1.0,2.0859137300451054,2.0859137300451054,False,4,0,10,park,32,1.0,0.8928172849426366,1.0,1.0,30.884832998049035,0.0,1.0,1.0,0.0005821540624992849,0.0005821540624992849,0.018628929999977117,1.0,0.8928172849426366,1.0,1.0,30.884832998049035,0.0,1.0,1.0,0.0022841370000037386,0.0022841370000037386,0.07309238400011964
park_10x10_s0,Tabu,1,17,13,2,1.0,2.0859137300451054,2.0859137300451054,False,4,0,10,park,32,1.0,0.8928172849426366,1.0,1.0,30.884832998049035,0.0,1.0,1.0,0.0005801886875076434,0.0005801886875076434,0.01856603800024459,1.0,0.8928172849426366,1.0,1.0,30.884832998049035,0.0,1.0,1.0,0.0022855630312506037,0.0022855630312506037,0.07313801700001932
park_10x10_s0,Tabu,2,17,13,2,1.0,2.0859137300451054,2.0859137300451054,False,4,0,10,park,32,1.0,0.8928172849426366,1.0,1.0,30.884832998049035,0.0,1.0,1.0,0.0005740882187552643,0.0005740882187552643,0.018370823000168457,1.0,0.8928172849426366,1.0,1.0,30.884832998049035,0.0,1.0,1.0,0.00227172212501614,0.00227172212501614,0.07269510800051648
park_10x10_s0,Tabu,3,17,13,2,1.0,2.0859137300451054,2.0859137300451054,False,4,0,10,park,32,1.0,0.8928172849426366,1.0,1.0,30.884832998049035,0.0,1.0,1.0,0.0005721152187447842,0.0005721152187447842,0.018307686999833095,1.0,0.8928172849426366,1.0,1.0,30.884832998049035,0.0,1.0,1.0,0.002250226593744742,0.002250226593744742,0.07200725099983174
park_10x10_s0,SQA,0,17,13,2,1.0,2.0859137300451054,2.0859137300451054,False,4,0,10,park,32,0.53125,0.3644923793257382,0.6913087009831766,1.0,30.884832998049035,0.0,0.9969662296105037,1.0,0.03703417056249236,0.22509156204886935,1.1850934579997556,1.0,0.8928172849426366,1.0,1.0,30.884832998049035,0.0,1.0,1.0,0.03927329884373876,0.03927329884373876,1.2567455629996402
park_10x10_s0,SQA,1,17,13,2,1.0,2.0859137300451054,2.0859137300451054,False,4,0,10,park,32,0.5625,0.3932530203122613,0.7183491403055682,1.0,30.884832998049035,0.0,0.9957655562783932,1.0,0.03764764150000133,0.20972334572640103,1.2047245280000425,1.0,0.8928172849426366,1.0,1.0,30.884832998049035,0.0,1.0,1.0,0.039911567343750676,0.039911567343750676,1.2771701550000216
park_10x10_s0,SQA,2,17,13,2,1.0,2.0859137300451054,2.0859137300451054,False,4,0,10,park,32,0.375,0.2293366846595921,0.5474589941047487,1.0,30.884832998049035,0.0,0.9960907536839384,1.0,0.03713257243749979,0.3638308406099796,1.1882423179999932,1.0,0.8928172849426366,1.0,1.0,30.884832998049035,0.0,1.0,1.0,0.03946200753124174,0.03946200753124174,1.2627842409997356
park_10x10_s0,SQA,3,17,13,2,1.0,2.0859137300451054,2.0859137300451054,False,4,0,10,park,32,0.5,0.33630614316859386,0.6636938568314061,1.0,30.884832998049035,0.0,0.9964987857380045,1.0,0.036921920375007744,0.24530392922186472,1.1815014520002478,1.0,0.8928172849426366,1.0,1.0,30.884832998049035,0.0,1.0,1.0,0.03913690759375754,0.03913690759375754,1.2523810430002413
park_10x10_s0,Greedy,0,17,13,2,1.0,2.0859137300451054,2.0859137300451054,False,4,0,10,park,32,0.0625,0.017310203195157234,0.2014746724800358,1.0,30.884832998049035,0.0,0.8882400005282833,1.0,1.126590625233348e-05,0.0008038829318817493,0.00036050900007467135,1.0,0.8928172849426366,1.0,1.0,30.884832998049035,0.0,1.0,1.0,0.0033152342187463546,0.0033152342187463546,0.10608749499988335
park_10x10_s0,Greedy,1,17,13,2,1.0,2.0859137300451054,2.0859137300451054,False,4,0,10,park,32,0.0625,0.017310203195157234,0.2014746724800358,1.0,30.884832998049035,0.0,0.834547761141328,1.0,9.389437508389165e-06,0.0006699868065563699,0.00030046200026845327,1.0,0.8928172849426366,1.0,1.0,30.884832998049035,0.0,1.0,1.0,0.0037610070937574847,0.0037610070937574847,0.12035222700023951
park_10x10_s0,Greedy,2,17,13,2,1.0,2.0859137300451054,2.0859137300451054,False,4,0,10,park,32,0.0,0.0,0.1071827150573635,1.0,30.884878101750637,4.510370160204502e-05,0.8418881077266638,0.9999587396512181,8.640156252681663e-06,inf,0.0002764850000858132,1.0,0.8928172849426366,1.0,1.0,30.884832998049035,0.0,1.0,1.0,0.0037009790625148753,0.0037009790625148753,0.11843133000047601
park_10x10_s0,Greedy,3,17,13,2,1.0,2.0859137300451054,2.0859137300451054,False,4,0,10,park,32,0.0625,0.017310203195157234,0.2014746724800358,1.0,30.884832998049035,0.0,0.8294034588995254,1.0,9.027531248761989e-06,0.0006441628507609634,0.00028888099996038363,1.0,0.8928172849426366,1.0,1.0,30.884832998049035,0.0,1.0,1.0,0.0037020661250011244,0.0037020661250011244,0.11846611600003598
park_10x10_s0,Random,0,17,13,2,1.0,2.0859137300451054,2.0859137300451054,False,4,0,10,park,32,0.0,0.0,0.1071827150573635,0.0625,31.008521313434542,0.12368831538550751,0.042523881937675256,0.8868513480758548,3.853875000459084e-06,inf,0.00012332400001469068,1.0,0.8928172849426366,1.0,1.0,30.884832998049035,0.0,1.0,1.0,0.005924758843747213,0.005924758843747213,0.18959228299991082
park_10x10_s0,Random,1,17,13,2,1.0,2.0859137300451054,2.0859137300451054,False,4,0,10,park,32,0.0,0.0,0.1071827150573635,0.09375,31.152223580170016,0.26739058212098143,0.0429362192850212,0.7553941630629852,4.2015937395945e-06,inf,0.000134450999667024,1.0,0.8928172849426366,1.0,1.0,30.884832998049035,0.0,1.0,1.0,0.0061923439687490145,0.0061923439687490145,0.19815500699996846
park_10x10_s0,Random,2,17,13,2,1.0,2.0859137300451054,2.0859137300451054,False,4,0,10,park,32,0.0,0.0,0.1071827150573635,0.09375,30.916878481009977,0.03204548296094245,0.07768402787217743,0.9706851598229977,3.8887187514546895e-06,inf,0.00012443900004655006,1.0,0.8928172849426366,1.0,1.0,30.884832998049035,0.0,1.0,1.0,0.005875604562504577,0.005875604562504577,0.18801934600014647
park_10x10_s0,Random,3,17,13,2,1.0,2.0859137300451054,2.0859137300451054,False,4,0,10,park,32,0.0,0.0,0.1071827150573635,0.125,31.047607824460265,0.16277482641122987,0.08266576088646595,0.8510954562020382,3.889906253107256e-06,inf,0.0001244770000994322,1.0,0.8928172849426366,1.0,1.0,30.884832998049035,0.0,1.0,1.0,0.006105378500009806,0.006105378500009806,0.1953721120003138
park_10x10_s0,SQA-fixedT,0,17,13,2,1.0,2.0859137300451054,2.0859137300451054,False,4,0,10,park,32,0.8125,0.6469050424507756,0.9111057606383721,1.0,30.884832998049035,0.0,0.9980942010442895,1.0,0.057538557249998235,0.15829066830235985,1.8412338319999435,1.0,0.8928172849426366,1.0,1.0,30.884832998049035,0.0,1.0,1.0,0.059541283999990924,0.059541283999990924,1.9053210879997096
park_10x10_s0,SQA-fixedT,1,17,13,2,1.0,2.0859137300451054,2.0859137300451054,False,4,0,10,park,32,0.84375,0.6824550744643347,0.9313568089337279,1.0,30.884832998049035,0.0,0.9997491876007842,1.0,0.05730094487499571,0.1421542254190029,1.8336302359998626,1.0,0.8928172849426366,1.0,1.0,30.884832998049035,0.0,1.0,1.0,0.05915460362500369,0.05915460362500369,1.892947316000118
park_10x10_s0,SQA-fixedT,2,17,13,2,1.0,2.0859137300451054,2.0859137300451054,False,4,0,10,park,32,0.9375,0.7985253275199642,0.9826897968048427,1.0,30.884832998049035,0.0,0.9999974212282011,1.0,0.057043694718757365,0.09474752606120895,1.8253982310002357,1.0,0.8928172849426366,1.0,1.0,30.884832998049035,0.0,1.0,1.0,0.05878615956250144,0.05878615956250144,1.881157106000046
park_10x10_s0,SQA-fixedT,3,17,13,2,1.0,2.0859137300451054,2.0859137300451054,False,4,0,10,park,32,0.875,0.7193135021517204,0.950299461555257,1.0,30.884832998049035,0.0,0.9999948424564022,1.0,0.05793115593750997,0.12829542298541013,1.853796990000319,1.0,0.8928172849426366,1.0,1.0,30.884832998049035,0.0,1.0,1.0,0.05973485415626101,0.05973485415626101,1.9115153330003523
park_10x10_s0,SA-matched,0,17,13,2,1.0,2.0859137300451054,2.0859137300451054,False,4,0,10,park,32,0.4375,0.2816508596944317,0.6067469796877387,1.0,30.884832998049035,0.0,0.997013933217177,1.0,0.02045050790624714,0.16368428608624627,0.6544162529999085,1.0,0.8928172849426366,1.0,1.0,30.884832998049035,0.0,1.0,1.0,0.022649490812497675,0.022649490812497675,0.7247837059999256
park_10x10_s0,SA-matched,1,17,13,2,1.0,2.0859137300451054,2.0859137300451054,False,4,0,10,park,32,0.5625,0.3932530203122613,0.7183491403055682,1.0,30.884832998049035,0.0,0.9986437926198358,1.0,0.020144368156252312,0.11221803329362501,0.644619781000074,1.0,0.8928172849426366,1.0,1.0,30.884832998049035,0.0,1.0,1.0,0.022242339250013288,0.022242339250013288,0.7117548560004252
park_10x10_s0,SA-matched,2,17,13,2,1.0,2.0859137300451054,2.0859137300451054,False,4,0,10,park,32,0.40625,0.255194024803138,0.5774027342701177,1.0,30.884832998049035,0.0,0.9976824602643019,1.0,0.02053742921874857,0.18142895621911273,0.6571977349999543,1.0,0.8928172849426366,1.0,1.0,30.884832998049035,0.0,1.0,1.0,0.022764989968749205,0.022764989968749205,0.7284796789999746
park_10x10_s0,SA-matched,3,17,13,2,1.0,2.0859137300451054,2.0859137300451054,False,4,0,10,park,32,0.28125,0.15564406845647866,0.4537483693811179,1.0,30.884832998049035,0.0,0.996092686918048,1.0,0.020768590531247355,0.2896148418627045,0.6645948969999154,1.0,0.8928172849426366,1.0,1.0,30.884832998049035,0.0,1.0,1.0,0.023435572218744483,0.023435572218744483,0.7499383109998234
park_10x10_s1,SA,0,17,13,2,1.0,2.134744499884816,2.134744499884816,False,4,0,10,park,32,0.03125,0.005537717362550945,0.15744607800372734,1.0,31.001445170401094,0.0,0.9605416002196181,1.0,0.0012157884687411524,0.17635094054056447,0.03890523099971688,1.0,0.8928172849426366,1.0,1.0,31.001445170401094,0.0,1.0,1.0,0.0048589706874935246,0.0048589706874935246,0.15548706199979279
park_10x10_s1,SA,1,17,13,2,1.0,2.134744499884816,2.134744499884816,False,4,0,10,park,32,0.03125,0.005537717362550945,0.15744607800372734,1.0,31.001445170401094,0.0,0.9584297923860801,1.0,0.0012266533125000478,0.1779268934838354,0.03925290600000153,1.0,0.8928172849426366,1.0,1.0,31.001445170401094,0.0,1.0,1.0,0.004219908781252002,0.004219908781252002,0.13503708100006406
park_10x10_s1,SA,2,17,13,2,1.0,2.134744499884816,2.134744499884816,False,4,0,10,park,32,0.09375,0.032400962626319516,0.24218499335778831,1.0,31.001445170401094,0.0,0.9609017939029687,1.0,0.001217481281244659,0.056955550094145,0.038959400999829086,1.0,0.8928172849426366,1.0,1.0,31.001445170401094,0.0,1.0,1.0,0.004106038687496039,0.004106038687496039,0.13139323799987324
park_10x10_s1,SA,3,17,13,2,1.0,2.134744499884816,2.134744499884816,False,4,0,10,park,32,0.03125,0.005537717362550945,0.15744607800372734,1.0,31.001445170401094,0.0,0.9611643910975749,1.0,0.0012169247812465755,0.17651576343881656,0.03894159299989042,1.0,0.8928172849426366,1.0,1.0,31.001445170401094,0.0,1.0,1.0,0.004245463437499097,0.004245463437499097,0.13585482999997112
park_10x10_s1,Tabu,0,17,13,2,1.0,2.134744499884816,2.134744499884816,False,4,0,10,park,32,1.0,0.8928172849426366,1.0,1.0,31.001445170401094,0.0,1.0,1.0,0.0005556285312451337,0.0005556285312451337,0.017780112999844278,1.0,0.8928172849426366,1.0,1.0,31.001445170401094,0.0,1.0,1.0,0.002238773062501309,0.002238773062501309,0.07164073800004189
park_10x10_s1,Tabu,1,17,13,2,1.0,2.134744499884816,2.134744499884816,False,4,0,10,park,32,1.0,0.8928172849426366,1.0,1.0,31.001445170401094,0.0,1.0,1.0,0.0005448217500116925,0.0005448217500116925,0.01743429600037416,1.0,0.8928172849426366,1.0,1.0,31.001445170401094,0.0,1.0,1.0,0.002264572718758018,0.002264572718758018,0.07246632700025657
park_10x10_s1,Tabu,2,17,13,2,1.0,2.134744499884816,2.134744499884816,False,4,0,10,park,32,1.0,0.8928172849426366,1.0,1.0,31.001445170401094,0.0,1.0,1.0,0.0005485628437469359,0.0005485628437469359,0.017554010999901948,1.0,0.8928172849426366,1.0,1.0,31.001445170401094,0.0,1.0,1.0,0.0023205140937392343,0.0023205140937392343,0.0742564509996555
park_10x10_s1,Tabu,3,17,13,2,1.0,2.134744499884816,2.134744499884816,False,4,0,10,park,32,1.0,0.8928172849426366,1.0,1.0,31.001445170401094,0.0,1.0,1.0,0.0005484485937472527,0.0005484485937472527,0.017550354999912088,1.0,0.8928172849426366,1.0,1.0,31.001445170401094,0.0,1.0,1.0,0.002276190125002131,0.002276190125002131,0.07283808400006819
park_10x10_s1,SQA,0,17,13,2,1.0,2.134744499884816,2.134744499884816,False,4,0,10,park,32,0.625,0.45254100589525126,0.7706633153404079,1.0,31.001445170401094,0.0,0.9946579767663175,1.0,0.036432425249998346,0.17105680529955222,1.165837607999947,1.0,0.8928172849426366,1.0,1.0,31.001445170401094,0.0,1.0,1.0,0.0385940207187474,0.0385940207187474,1.2350086629999169
park_10x10_s1,SQA,1,17,13,2,1.0,2.134744499884816,2.134744499884816,False,4,0,10,park,32,0.625,0.45254100589525126,0.7706633153404079,1.0,31.001445170401094,0.0,0.995339306305977,1.0,0.03786653643749105,0.17779021589446892,1.2117291659997136,1.0,0.8928172849426366,1.0,1.0,31.001445170401094,0.0,1.0,1.0,0.03997127462498895,0.03997127462498895,1.2790807879996464
park_10x10_s1,SQA,2,17,13,2,1.0,2.134744499884816,2.134744499884816,False,4,0,10,park,32,0.53125,0.3644923793257382,0.6913087009831766,1.0,31.001445170401094,0.0,0.9942734001738625,1.0,0.03710846421874692,0.22554311462538623,1.1874708549999013,1.0,0.8928172849426366,1.0,1.0,31.001445170401094,0.0,1.0,1.0,0.03932116718749512,0.03932116718749512,1.2582773499998439
park_10x10_s1,SQA,3,17,13,2,1.0,2.134744499884816,2.134744499884816,False,4,0,10,park,32,0.5625,0.3932530203122613,0.7183491403055682,1.0,31.001445170401094,0.0,0.9956809372093001,1.0,0.0389304709687508,0.21686959121385213,1.2457750710000255,1.0,0.8928172849426366,1.0,1.0,31.001445170401094,0.0,1.0,1.0,0.04105620465624327,0.04105620465624327,1.3137985489997845
park_10x10_s1,Greedy,0,17,13,2,1.0,2.134744499884816,2.134744499884816,False,4,0,10,park,32,0.0625,0.017310203195157234,0.2014746724800358,1.0,31.001445170401094,0.0,0.8933792553079766,1.0,1.216371875045752e-05,0.0008679466766978877,0.0003892390000146406,1.0,0.8928172849426366,1.0,1.0,31.001445170401094,0.0,1.0,1.0,0.0033535907499953055,0.0033535907499953055,0.10731490399984978
park_10x10_s1,Greedy,1,17,13,2,1.0,2.134744499884816,2.134744499884816,False,4,0,10,park,32,0.0625,0.017310203195157234,0.2014746724800358,1.0,31.001445170401094,0.0,0.8679751166839142,1.0,9.130312506044902e-06,0.0006514968456120183,0.00029217000019343686,1.0,0.8928172849426366,1.0,1.0,31.001445170401094,0.0,1.0,1.0,0.003427213000009033,0.003427213000009033,0.10967081600028905
park_10x10_s1,Greedy,2,17,13,2,1.0,2.134744499884816,2.134744499884816,False,4,0,10,park,32,0.0625,0.017310203195157234,0.2014746724800358,1.0,31.001445170401094,0.0,0.8779397982836513,1.0,1.0762718744672384e-05,0.0007679778000721278,0.0003444069998295163,1.0,0.8928172849426366,1.0,1.0,31.001445170401094,0.0,1.0,1.0,0.0035208254687404406,0.0035208254687404406,0.1126664149996941
park_10x10_s1,Greedy,3,17,13,2,1.0,2.134744499884816,2.134744499884816,False,4,0,10,park,32,0.03125,0.005537717362550945,0.15744607800372734,1.0,31.001445170401094,0.0,0.853048534007296,1.0,1.0532843745636455e-05,0.0015277961165670977,0.0003370509998603666,1.0,0.8928172849426366,1.0,1.0,31.001445170401094,0.0,1.0,1.0,0.0039030524374936704,0.0039030524374936704,0.12489767799979745
park_10x10_s1,Random,0,17,13,2,1.0,2.134744499884816,2.134744499884816,False,4,0,10,park,32,0.0,0.0,0.1071827150573635,0.0625,31.179012403106878,0.17756723270578334,0.04405040263135521,0.8321906056624019,4.5074999945882155e-06,inf,0.0001442399998268229,1.0,0.8928172849426366,1.0,1.0,31.001445170401094,0.0,1.0,1.0,0.006217789624997749,0.006217789624997749,0.19896926799992798
park_10x10_s1,Random,1,17,13,2,1.0,2.134744499884816,2.134744499884816,False,4,0,10,park,32,0.0,0.0,0.1071827150573635,0.09375,31.303540359185224,0.3020951887841292,0.04580243206334206,0.714505824697036,5.007124997291612e-06,inf,0.0001602279999133316,1.0,0.8928172849426366,1.0,1.0,31.001445170401094,0.0,1.0,1.0,0.005816041406248473,0.005816041406248473,0.18611332499995115
park_10x10_s1,Random,2,17,13,2,1.0,2.134744499884816,2.134744499884816,False,4,0,10,park,32,0.0,0.0,0.1071827150573635,0.09375,31.146501130638573,0.14505596023747813,0.0767896540119141,0.8629152886960708,4.1932187428983525e-06,inf,0.00013418299977274728,1.0,0.8928172849426366,1.0,1.0,31.001445170401094,0.0,1.0,1.0,0.005608834843741306,0.005608834843741306,0.1794827149997218
park_10x10_s1,Random,3,17,13,2,1.0,2.134744499884816,2.134744499884816,False,4,0,10,park,32,0.0,0.0,0.1071827150573635,0.125,31.092827822654044,0.09138265225294973,0.09335767632725867,0.9136390915493983,3.920406257407194e-06,inf,0.0001254530002370302,1.0,0.8928172849426366,1.0,1.0,31.001445170401094,0.0,1.0,1.0,0.006056509187502002,0.006056509187502002,0.19380829400006405
park_10x10_s1,SQA-fixedT,0,17,13,2,1.0,2.134744499884816,2.134744499884816,False,4,0,10,park,32,0.875,0.7193135021517204,0.950299461555257,1.0,31.001445170401094,0.0,0.9988258899298331,1.0,0.05953496509374645,0.13184724878203652,1.9051188829998864,1.0,0.8928172849426366,1.0,1.0,31.001445170401094,0.0,1.0,1.0,0.06143528359373818,0.06143528359373818,1.9659290749996217
park_10x10_s1,SQA-fixedT,1,17,13,2,1.0,2.134744499884816,2.134744499884816,False,4,0,10,park,32,0.90625,0.7578150066422116,0.9675990373736805,1.0,31.001445170401094,0.0,0.999090779106381,1.0,0.05740615868749899,0.11168201309873474,1.8369970779999676,1.0,0.8928172849426366,1.0,1.0,31.001445170401094,0.0,1.0,1.0,0.05943465618749144,0.05943465618749144,1.9019089979997261
park_10x10_s1,SQA-fixedT,2,17,13,2,1.0,2.134744499884816,2.134744499884816,False,4,0,10,park,32,0.875,0.7193135021517204,0.950299461555257,1.0,31.001445170401094,0.0,0.9988258899298331,1.0,0.06013905381249174,0.13318507497310617,1.9244497219997356,1.0,0.8928172849426366,1.0,1.0,31.001445170401094,0.0,1.0,1.0,0.061924711031252855,0.061924711031252855,1.9815907530000914
park_10x10_s1,SQA-fixedT,3,17,13,2,1.0,2.134744499884816,2.134744499884816,False,4,0,10,park,32,0.84375,0.6824550744643347,0.9313568089337279,1.0,31.001445170401094,0.0,0.9983513232081693,1.0,0.057964219218760604,0.14379970004047535,1.8548550150003393,1.0,0.8928172849426366,1.0,1.0,31.001445170401094,0.0,1.0,1.0,0.05981948149999994,0.05981948149999994,1.914223407999998
park_10x10_s1,SA-matched,0,17,13,2,1.0,2.134744499884816,2.134744499884816,False,4,0,10,park,32,0.59375,0.4225972657298823,0.744805975196862,1.0,31.001445170401094,0.0,0.9956521466609511,1.0,0.020551729156238707,0.10506841034718122,0.6576553329996386,1.0,0.8928172849426366,1.0,1.0,31.001445170401094,0.0,1.0,1.0,0.02264845831248863,0.02264845831248863,0.7247506659996361
park_10x10_s1,SA-matched,1,17,13,2,1.0,2.134744499884816,2.134744499884816,False,4,0,10,park,32,0.5,0.33630614316859386,0.6636938568314061,1.0,31.001445170401094,0.0,0.9944247493608784,1.0,0.02161976356249795,0.14363859996616807,0.6918324339999344,1.0,0.8928172849426366,1.0,1.0,31.001445170401094,0.0,1.0,1.0,0.023855272874996558,0.023855272874996558,0.7633687319998899
park_10x10_s1,SA-matched,2,17,13,2,1.0,2.134744499884816,2.134744499884816,False,4,0,10,park,32,0.625,0.45254100589525126,0.7706633153404079,1.0,31.001445170401094,0.0,0.995423308485758,1.0,0.02045253509373879,0.0960283398485006,0.6544811229996412,1.0,0.8928172849426366,1.0,1.0,31.001445170401094,0.0,1.0,1.0,0.022516572281233493,0.022516572281233493,0.7205303129994718
park_10x10_s1,SA-matched,3,17,13,2,1.0,2.134744499884816,2.134744499884816,False,4,0,10,park,32,0.46875,0.30869129901682335,0.6355076206742619,1.0,31.001445170401094,0.0,0.9944474854065899,1.0,0.02116320753124512,0.15408173355329927,0.6772226409998439,1.0,0.8928172849426366,1.0,1.0,31.001445170401094,0.0,1.0,1.0,0.023633861031242986,0.023633861031242986,0.7562835529997756
park_10x10_s2,SA,0,17,13,2,1.0,2.1364652390478533,2.1364652390478533,False,4,0,10,park,32,0.03125,0.005537717362550945,0.15744607800372734,1.0,30.98585353454809,0.0,0.9441018067410683,1.0,0.0012856594999988147,0.18648578093067453,0.04114110399996207,1.0,0.8928172849426366,1.0,1.0,30.98585353454809,0.0,1.0,1.0,0.005074970093744469,0.005074970093744469,0.162399042999823
park_10x10_s2,SA,1,17,13,2,1.0,2.1364652390478533,2.1364652390478533,False,4,0,10,park,32,0.0,0.0,0.1071827150573635,1.0,31.00031665598119,0.014463121433099246,0.9451251608388813,0.9863822387763602,0.0012513136875043074,inf,0.040042038000137836,1.0,0.8928172849426366,1.0,1.0,30.98585353454809,0.0,1.0,1.0,0.004335002718761416,0.004335002718761416,0.1387200870003653
park_10x10_s2,SA,2,17,13,2,1.0,2.1364652390478533,2.1364652390478533,False,4,0,10,park,32,0.09375,0.032400962626319516,0.24218499335778831,1.0,30.98585353454809,0.0,0.9471168484609769,1.0,0.0012472217812558029,0.058346854062677415,0.03991109700018569,1.0,0.8928172849426366,1.0,1.0,30.98585353454809,0.0,1.0,1.0,0.004268455093765056,0.004268455093765056,0.13659056300048178
park_10x10_s2,SA,3,17,13,2,1.0,2.1364652390478533,2.1364652390478533,False,4,0,10,park,32,0.0625,0.017310203195157234,0.2014746724800358,1.0,30.98585353454809,0.0,0.9511101103252722,1.0,0.001269999062500915,0.0906212555815335,0.04063997000002928,1.0,0.8928172849426366,1.0,1.0,30.98585353454809,0.0,1.0,1.0,0.004084657343739195,0.004084657343739195,0.13070903499965425
park_10x10_s2,Tabu,0,17,13,2,1.0,2.1364652390478533,2.1364652390478533,False,4,0,10,park,32,1.0,0.8928172849426366,1.0,1.0,30.98585353454809,0.0,1.0,1.0,0.0005798016250082583,0.0005798016250082583,0.018553652000264265,1.0,0.8928172849426366,1.0,1.0,30.98585353454809,0.0,1.0,1.0,0.002313115062506199,0.002313115062506199,0.07401968200019837
park_10x10_s2,Tabu,1,17,13,2,1.0,2.1364652390478533,2.1364652390478533,False,4,0,10,park,32,1.0,0.8928172849426366,1.0,1.0,30.98585353454809,0.0,1.0,1.0,0.0005728940000011562,0.0005728940000011562,0.018332608000037,1.0,0.8928172849426366,1.0,1.0,30.98585353454809,0.0,1.0,1.0,0.002364345218751396,0.002364345218751396,0.07565904700004467
park_10x10_s2,Tabu,2,17,13,2,1.0,2.1364652390478533,2.1364652390478533,False,4,0,10,park,32,1.0,0.8928172849426366,1.0,1.0,30.98585353454809,0.0,1.0,1.0,0.0005674636875028227,0.0005674636875028227,0.018158838000090327,1.0,0.8928172849426366,1.0,1.0,30.98585353454809,0.0,1.0,1.0,0.0024192761874957114,0.0024192761874957114,0.07741683799986276
park_10x10_s2,Tabu,3,17,13,2,1.0,2.1364652390478533,2.1364652390478533,False,4,0,10,park,32,1.0,0.8928172849426366,1.0,1.0,30.98585353454809,0.0,1.0,1.0,0.0005694192499987594,0.0005694192499987594,0.0182214159999603,1.0,0.8928172849426366,1.0,1.0,30.98585353454809,0.0,1.0,1.0,0.0023267089062386503,0.0023267089062386503,0.07445468499963681
park_10x10_s2,SQA,0,17,13,2,1.0,2.1364652390478533,2.1364652390478533,False,4,0,10,park,32,0.59375,0.4225972657298823,0.744805975196862,1.0,30.98585353454809,0.0,0.992501646575386,1.0,0.03750031128124931,0.19171613560551767,1.200009960999978,1.0,0.8928172849426366,1.0,1.0,30.98585353454809,0.0,1.0,1.0,0.03958591737500683,0.03958591737500683,1.2667493560002185
park_10x10_s2,SQA,1,17,13,2,1.0,2.1364652390478533,2.1364652390478533,False,4,0,10,park,32,0.5625,0.3932530203122613,0.7183491403055682,1.0,30.98585353454809,0.0,0.9929962513589001,1.0,0.0367585567500015,0.20477053006584292,1.176273816000048,1.0,0.8928172849426366,1.0,1.0,30.98585353454809,0.0,1.0,1.0,0.038856191343754176,0.038856191343754176,1.2433981230001336
park_10x10_s2,SQA,2,17,13,2,1.0,2.1364652390478533,2.1364652390478533,False,4,0,10,park,32,0.59375,0.4225972657298823,0.744805975196862,1.0,30.98585353454809,0.0,0.9933137744962226,1.0,0.03770469190625647,0.1927610086287079,1.206550141000207,1.0,0.8928172849426366,1.0,1.0,30.98585353454809,0.0,1.0,1.0,0.03977229281251482,0.03977229281251482,1.2727133700004742
park_10x10_s2,SQA,3,17,13,2,1.0,2.1364652390478533,2.1364652390478533,False,4,0,10,park,32,0.4375,0.2816508596944317,0.6067469796877387,1.0,30.98585353454809,0.0,0.9904466824797238,1.0,0.03663331637500278,0.29321023542805014,1.172266124000089,1.0,0.8928172849426366,1.0,1.0,30.98585353454809,0.0,1.0,1.0,0.03881654368750276,0.03881654368750276,1.2421293980000883
park_10x10_s2,Greedy,0,17,13,2,1.0,2.1364652390478533,2.1364652390478533,False,4,0,10,park,32,0.09375,0.032400962626319516,0.24218499335778831,1.0,30.98585353454809,0.0,0.8833365608914475,1.0,1.1505218751040047e-05,0.0005382309141123252,0.0003681670000332815,1.0,0.8928172849426366,1.0,1.0,30.98585353454809,0.0,1.0,1.0,0.003342369906249587,0.003342369906249587,0.10695583699998679
park_10x10_s2,Greedy,1,17,13,2,1.0,2.1364652390478533,2.1364652390478533,False,4,0,10,park,32,0.125,0.04970053844474301,0.2806864978482796,1.0,30.98585353454809,0.0,0.8745260928492171,1.0,1.3602875000628956e-05,0.0004691297916196143,0.0004352920000201266,1.0,0.8928172849426366,1.0,1.0,30.98585353454809,0.0,1.0,1.0,0.0030504245937521546,0.0030504245937521546,0.09761358700006895
park_10x10_s2,Greedy,2,17,13,2,1.0,2.1364652390478533,2.1364652390478533,False,4,0,10,park,32,0.03125,0.005537717362550945,0.15744607800372734,1.0,30.98585353454809,0.0,0.8684464131495374,1.0,9.81521874621194e-06,0.0014237041245325202,0.0003140869998787821,1.0,0.8928172849426366,1.0,1.0,30.98585353454809,0.0,1.0,1.0,0.003409363812494348,0.003409363812494348,0.10909964199981914
park_10x10_s2,Greedy,3,17,13,2,1.0,2.1364652390478533,2.1364652390478533,False,4,0,10,park,32,0.15625,0.06864319106627216,0.31754492553566527,1.0,30.98585353454809,0.0,0.8557681818265424,1.0,9.441531247489365e-06,0.00025591586056708494,0.0003021289999196597,1.0,0.8928172849426366,1.0,1.0,30.98585353454809,0.0,1.0,1.0,0.003355521937493222,0.003355521937493222,0.10737670199978311
park_10x10_s2,Random,0,17,13,2,1.0,2.1364652390478533,2.1364652390478533,False,4,0,10,park,32,0.0,0.0,0.1071827150573635,0.0625,31.107961597570597,0.12210806302250532,0.04317718124069944,0.88502907526475,3.951312507410876e-06,inf,0.00012644200023714802,1.0,0.8928172849426366,1.0,1.0,30.98585353454809,0.0,1.0,1.0,0.006060808031250531,0.006060808031250531,0.19394585700001699
park_10x10_s2,Random,1,17,13,2,1.0,2.1364652390478533,2.1364652390478533,False,4,0,10,park,32,0.0,0.0,0.1071827150573635,0.09375,31.296184804351324,0.3103312698032319,0.047615740898447,0.7078073946929613,4.0962187455306776e-06,inf,0.00013107899985698168,1.0,0.8928172849426366,1.0,1.0,30.98585353454809,0.0,1.0,1.0,0.005373797062489416,0.005373797062489416,0.1719615059996613
park_10x10_s2,Random,2,17,13,2,1.0,2.1364652390478533,2.1364652390478533,False,4,0,10,park,32,0.0,0.0,0.1071827150573635,0.09375,31.043210968196476,0.057357433648384415,0.07812593305936202,0.945995071711357,3.82840624979508e-06,inf,0.00012250899999344256,1.0,0.8928172849426366,1.0,1.0,30.98585353454809,0.0,1.0,1.0,0.005658945968747275,0.005658945968747275,0.1810862709999128
park_10x10_s2,Random,3,17,13,2,1.0,2.1364652390478533,2.1364652390478533,False,4,0,10,park,32,0.0,0.0,0.1071827150573635,0.125,31.180477710188942,0.19462417564085044,0.09255761911065047,0.8167514831093488,4.332125001837994e-06,inf,0.00013862800005881581,1.0,0.8928172849426366,1.0,1.0,30.98585353454809,0.0,1.0,1.0,0.005705319312497181,0.005705319312497181,0.1825702179999098
park_10x10_s2,SQA-fixedT,0,17,13,2,1.0,2.1364652390478533,2.1364652390478533,False,4,0,10,park,32,0.8125,0.6469050424507756,0.9111057606383721,1.0,30.98585353454809,0.0,0.9974466697705675,1.0,0.05801736759374876,0.15960789301088094,1.8565557629999603,1.0,0.8928172849426366,1.0,1.0,30.98585353454809,0.0,1.0,1.0,0.05991182468750367,0.05991182468750367,1.9171783900001174
park_10x10_s2,SQA-fixedT,1,17,13,2,1.0,2.1364652390478533,2.1364652390478533,False,4,0,10,park,32,0.78125,0.6124466920955516,0.8897630306846815,1.0,30.98585353454809,0.0,0.9966238559732568,1.0,0.05718451968749605,0.17327278769694546,1.8299046299998736,1.0,0.8928172849426366,1.0,1.0,30.98585353454809,0.0,1.0,1.0,0.05911514478124502,0.05911514478124502,1.8916846329998407
park_10x10_s2,SQA-fixedT,2,17,13,2,1.0,2.1364652390478533,2.1364652390478533,False,4,0,10,park,32,0.8125,0.6469050424507756,0.9111057606383721,1.0,30.98585353454809,0.0,0.9972480403910315,1.0,0.057155676781249554,0.15723735017665813,1.8289816569999857,1.0,0.8928172849426366,1.0,1.0,30.98585353454809,0.0,1.0,1.0,0.05903414859373868,0.05903414859373868,1.8890927549996377
park_10x10_s2,SQA-fixedT,3,17,13,2,1.0,2.1364652390478533,2.1364652390478533,False,4,0,10,park,32,0.78125,0.6124466920955516,0.8897630306846815,1.0,30.98585353454809,0.0,0.9968224853527927,1.0,0.05832860284374419,0.17673943354661906,1.8665152909998142,1.0,0.8928172849426366,1.0,1.0,30.98585353454809,0.0,1.0,1.0,0.06026579599999593,0.06026579599999593,1.9285054719998698
park_10x10_s2,SA-matched,0,17,13,2,1.0,2.1364652390478533,2.1364652390478533,False,4,0,10,park,32,0.46875,0.30869129901682335,0.6355076206742619,1.0,30.98585353454809,0.0,0.99087620306906,1.0,0.020887174812500575,0.15207203820070223,0.6683895940000184,1.0,0.8928172849426366,1.0,1.0,30.98585353454809,0.0,1.0,1.0,0.023052723187490187,0.023052723187490187,0.737687141999686
park_10x10_s2,SA-matched,1,17,13,2,1.0,2.1364652390478533,2.1364652390478533,False,4,0,10,park,32,0.5625,0.3932530203122613,0.7183491403055682,1.0,30.98585353454809,0.0,0.9936273603028931,1.0,0.021038712125005077,0.11720014643229403,0.6732387880001625,1.0,0.8928172849426366,1.0,1.0,30.98585353454809,0.0,1.0,1.0,0.023155009937497084,0.023155009937497084,0.7409603179999067
park_10x10_s2,SA-matched,2,17,13,2,1.0,2.1364652390478533,2.1364652390478533,False,4,0,10,park,32,0.4375,0.2816508596944317,0.6067469796877387,1.0,30.98585353454809,0.0,0.989512877806376,1.0,0.020742707625004186,0.16602303007141345,0.663766644000134,1.0,0.8928172849426366,1.0,1.0,30.98585353454809,0.0,1.0,1.0,0.02294557412500353,0.02294557412500353,0.734258372000113
park_10x10_s2,SA-matched,3,17,13,2,1.0,2.1364652390478533,2.1364652390478533,False,4,0,10,park,32,0.6875,0.514330003019676,0.8204764788338126,1.0,30.98585353454809,0.0,0.9933383262148293,1.0,0.021114421687499885,0.08359664493196652,0.6756614939999963,1.0,0.8928172849426366,1.0,1.0,30.98585353454809,0.0,1.0,1.0,0.023090874187502664,0.023090874187502664,0.7389079740000852
park_12x12_s0,SA,0,27,22,2,1.0,2.6455760175421426,2.6455760175421426,False,5,0,12,park,32,0.0,0.0,0.1071827150573635,1.0,30.95153056861491,0.01593078557097627,0.9103511169204247,0.98560778075254,0.002680685374997438,inf,0.08578193199991802,1.0,0.8928172849426366,1.0,1.0,30.935599783043934,0.0,1.0,1.0,0.01485706006249643,0.01485706006249643,0.47542592199988576
park_12x12_s0,SA,1,27,22,2,1.0,2.6455760175421426,2.6455760175421426,False,5,0,12,park,32,0.0,0.0,0.1071827150573635,1.0,30.973197839201262,0.037598056157328585,0.9196078096505853,0.9660330957890468,0.0024538769687438844,inf,0.0785240629998043,1.0,0.8928172849426366,1.0,1.0,30.935599783043934,0.0,1.0,1.0,0.013043364687490566,0.013043364687490566,0.4173876699996981
park_12x12_s0,SA,2,27,22,2,1.0,2.6455760175421426,2.6455760175421426,False,5,0,12,park,32,0.0,0.0,0.1071827150573635,1.0,30.976194101511567,0.04059431846763317,0.9094833414984339,0.9633262070483328,0.0024736647812488854,inf,0.07915727299996433,1.0,0.8928172849426366,1.0,1.0,30.935599783043934,0.0,1.0,1.0,0.013705129999991073,0.013705129999991073,0.4385641599997143
park_12x12_s0,SA,3,27,22,2,1.0,2.6455760175421426,2.6455760175421426,False,5,0,12,park,32,0.0,0.0,0.1071827150573635,1.0,30.941268785877632,0.005669002833698755,0.9089362674116347,0.9948784991591557,0.00243437184374784,inf,0.07789989899993088,1.0,0.8928172849426366,1.0,1.0,30.935599783043934,0.0,1.0,1.0,0.014709031593753252,0.014709031593753252,0.4706890110001041
park_12x12_s0,Tabu,0,27,22,2,1.0,2.6455760175421426,2.6455760175421426,False,5,0,12,park,32,1.0,0.8928172849426366,1.0,1.0,30.935599783043934,0.0,1.0,1.0,0.0018772393749912908,0.0018772393749912908,0.060071659999721305,1.0,0.8928172849426366,1.0,1.0,30.935599783043934,0.0,1.0,1.0,0.006335995343732748,0.006335995343732748,0.20275185099944792
park_12x12_s0,Tabu,1,27,22,2,1.0,2.6455760175421426,2.6455760175421426,False,5,0,12,park,32,1.0,0.8928172849426366,1.0,1.0,30.935599783043934,0.0,1.0,1.0,0.0018481480625069935,0.0018481480625069935,0.05914073800022379,1.0,0.8928172849426366,1.0,1.0,30.935599783043934,0.0,1.0,1.0,0.006226693687494844,0.006226693687494844,0.19925419799983501
park_12x12_s0,Tabu,2,27,22,2,1.0,2.6455760175421426,2.6455760175421426,False,5,0,12,park,32,0.96875,0.8425539219962727,0.9944622826374491,1.0,30.935599783043934,0.0,0.9966528705324638,1.0,0.001796144593754434,0.0023866652753891607,0.05747662700014189,1.0,0.8928172849426366,1.0,1.0,30.935599783043934,0.0,1.0,1.0,0.0063060884062622335,0.0063060884062622335,0.20179482900039147
park_12x12_s0,Tabu,3,27,22,2,1.0,2.6455760175421426,2.6455760175421426,False,5,0,12,park,32,1.0,0.8928172849426366,1.0,1.0,30.935599783043934,0.0,1.0,1.0,0.002018333406240913,0.002018333406240913,0.06458666899970922,1.0,0.8928172849426366,1.0,1.0,30.935599783043934,0.0,1.0,1.0,0.006581925312488579,0.006581925312488579,0.21062160999963453
park_12x12_s0,SQA,0,27,22,2,1.0,2.6455760175421426,2.6455760175421426,False,5,0,12,park,32,0.0,0.0,0.1071827150573635,1.0,30.94790713786663,0.012307354822695515,0.9658124443231595,0.9888812671430827,0.08781644765625174,inf,2.8101263250000557,1.0,0.8928172849426366,1.0,1.0,30.935599783043934,0.0,1.0,1.0,0.0975671411875112,0.0975671411875112,3.1221485180003583
park_12x12_s0,SQA,1,27,22,2,1.0,2.6455760175421426,2.6455760175421426,False,5,0,12,park,32,0.0,0.0,0.1071827150573635,1.0,30.946633282826326,0.011033499782392653,0.9612231353409351,0.990032095578243,0.08268676999999514,inf,2.6459766399998443,1.0,0.8928172849426366,1.0,1.0,30.935599783043934,0.0,1.0,1.0,0.09282176849998791,0.09282176849998791,2.970296591999613
park_12x12_s0,SQA,2,27,22,2,1.0,2.6455760175421426,2.6455760175421426,False,5,0,12,park,32,0.0,0.0,0.1071827150573635,1.0,30.946633282826326,0.011033499782392653,0.9643722180930678,0.990032095578243,0.08457160984374923,inf,2.7062915149999753,1.0,0.8928172849426366,1.0,1.0,30.935599783043934,0.0,1.0,1.0,0.09394877790624889,0.09394877790624889,3.0063608929999646
park_12x12_s0,SQA,3,27,22,2,1.0,2.6455760175421426,2.6455760175421426,False,5,0,12,park,32,0.0,0.0,0.1071827150573635,1.0,30.936942779695794,0.0013429966518607728,0.9665084628973819,0.9987867075244927,0.08380262959376239,inf,2.6816841470003965,1.0,0.8928172849426366,1.0,1.0,30.935599783043934,0.0,1.0,1.0,0.09294398696876272,0.09294398696876272,2.974207583000407
park_12x12_s0,Greedy,0,27,22,2,1.0,2.6455760175421426,2.6455760175421426,False,5,0,12,park,32,0.03125,0.005537717362550945,0.15744607800372734,0.4375,30.935599783043934,0.0,0.40868048209239016,1.0,2.354337499355097e-05,0.003414982482858109,0.000753387999793631,1.0,0.8928172849426366,1.0,1.0,30.935599783043934,0.0,1.0,1.0,0.012461809187499284,0.012461809187499284,0.3987778939999771
park_12x12_s0,Greedy,1,27,22,2,1.0,2.6455760175421426,2.6455760175421426,False,5,0,12,park,32,0.0,0.0,0.1071827150573635,0.5,30.95233013725312,0.016730354209187226,0.42822163880331465,0.9848854330005565,2.139656250221833e-05,inf,0.0006846900000709866,1.0,0.8928172849426366,1.0,1.0,30.935599783043934,0.0,1.0,1.0,0.014670695062491745,0.014670695062491745,0.46946224199973585
park_12x12_s0,Greedy,2,27,22,2,1.0,2.6455760175421426,2.6455760175421426,False,5,0,12,park,32,0.0,0.0,0.1071827150573635,0.53125,30.941268785877632,0.005669002833698755,0.4818258604499601,0.9948784991591557,2.002187500238506e-05,inf,0.0006407000000763219,1.0,0.8928172849426366,1.0,1.0,30.935599783043934,0.0,1.0,1.0,0.015193679562500506,0.015193679562500506,0.4861977460000162
park_12x12_s0,Greedy,3,27,22,2,1.0,2.6455760175421426,2.6455760175421426,False,5,0,12,park,32,0.0,0.0,0.1071827150573635,0.4375,30.936942779695794,0.0013429966518607728,0.40751738451106656,0.9987867075244927,1.9798656254010893e-05,inf,0.0006335570001283486,1.0,0.8928172849426366,1.0,1.0,30.935599783043934,0.0,1.0,1.0,0.013648962562498923,0.013648962562498923,0.43676680199996554
park_12x12_s0,Random,0,27,22,2,1.0,2.6455760175421426,2.6455760175421426,False,5,0,12,park,32,0.0,0.0,0.1071827150573635,0.0,,,0.0,0.0,6.154156253046494e-06,inf,0.00019693300009748782,1.0,0.8928172849426366,1.0,1.0,30.935599783043934,0.0,1.0,1.0,0.02467850984375275,0.02467850984375275,0.789712315000088
park_12x12_s0,Random,1,27,22,2,1.0,2.6455760175421426,2.6455760175421426,False,5,0,12,park,32,0.0,0.0,0.1071827150573635,0.03125,31.428624358216503,0.49302457517256926,0.017330963826579757,0.5545908424505522,5.185468737067822e-06,inf,0.0001659349995861703,1.0,0.8928172849426366,1.0,1.0,30.935599783043934,0.0,1.0,1.0,0.022333520874994406,0.022333520874994406,0.714672667999821
park_12x12_s0,Random,2,27,22,2,1.0,2.6455760175421426,2.6455760175421426,False,5,0,12,park,32,0.0,0.0,0.1071827150573635,0.03125,31.096589545333124,0.1609897622891907,0.026704948013353623,0.8545583364273159,5.157406249622909e-06,inf,0.00016503699998793309,1.0,0.8928172849426366,1.0,1.0,30.935599783043934,0.0,1.0,1.0,0.023660813656249502,0.023660813656249502,0.7571460369999841
park_12x12_s0,Random,3,27,22,2,1.0,2.6455760175421426,2.6455760175421426,False,5,0,12,park,32,0.0,0.0,0.1071827150573635,0.0,,,0.0,0.0,5.573937500003012e-06,inf,0.0001783660000000964,1.0,0.8928172849426366,1.0,1.0,30.935599783043934,0.0,1.0,1.0,0.02329993181250245,0.02329993181250245,0.7455978180000784
park_12x12_s0,SQA-fixedT,0,27,22,2,1.0,2.6455760175421426,2.6455760175421426,False,5,0,12,park,32,0.0,0.0,0.1071827150573635,1.0,30.93681196399359,0.001212180949657693,0.9682076846267171,0.9989048892838749,0.12484440590624502,inf,3.9950209889998405,1.0,0.8928172849426366,1.0,1.0,30.935599783043934,0.0,1.0,1.0,0.13391987215624113,0.13391987215624113,4.285435908999716
park_12x12_s0,SQA-fixedT,1,27,22,2,1.0,2.6455760175421426,2.6455760175421426,False,5,0,12,park,32,0.0,0.0,0.1071827150573635,1.0,30.93681196399359,0.001212180949657693,0.9689588854791896,0.9989048892838749,0.1254400237187525,inf,4.01408075900008,1.0,0.8928172849426366,1.0,1.0,30.935599783043934,0.0,1.0,1.0,0.13478878496874813,0.13478878496874813,4.31324111899994
park_12x12_s0,SQA-fixedT,2,27,22,2,1.0,2.6455760175421426,2.6455760175421426,False,5,0,12,park,32,0.0,0.0,0.1071827150573635,1.0,30.945146346671518,0.009546563627583993,0.9695565048249676,0.9913754261410478,0.12514543599999683,inf,4.004653951999899,1.0,0.8928172849426366,1.0,1.0,30.935599783043934,0.0,1.0,1.0,0.13547251453124431,0.13547251453124431,4.335120464999818
park_12x12_s0,SQA-fixedT,3,27,22,2,1.0,2.6455760175421426,2.6455760175421426,False,5,0,12,park,32,0.0,0.0,0.1071827150573635,1.0,30.93681196399359,0.001212180949657693,0.9734032382215418,0.9989048892838749,0.1270062824374918,inf,4.064201037999737,1.0,0.8928172849426366,1.0,1.0,30.935599783043934,0.0,1.0,1.0,0.13613265906248273,0.13613265906248273,4.356245089999447
park_12x12_s0,SA-matched,0,27,22,2,1.0,2.6455760175421426,2.6455760175421426,False,5,0,12,park,32,0.0,0.0,0.1071827150573635,1.0,30.93870835352336,0.0031085704794264757,0.9669179441632855,0.9971916496090691,0.04065012062500273,inf,1.3008038600000873,1.0,0.8928172849426366,1.0,1.0,30.935599783043934,0.0,1.0,1.0,0.049659542812491964,0.049659542812491964,1.5891053699997428
park_12x12_s0,SA-matched,1,27,22,2,1.0,2.6455760175421426,2.6455760175421426,False,5,0,12,park,32,0.0,0.0,0.1071827150573635,1.0,30.941268785877632,0.005669002833698755,0.9705217185527674,0.9948784991591557,0.0425868826562521,inf,1.3627802450000672,1.0,0.8928172849426366,1.0,1.0,30.935599783043934,0.0,1.0,1.0,0.05161079793751355,0.05161079793751355,1.6515455340004337
park_12x12_s0,SA-matched,2,27,22,2,1.0,2.6455760175421426,2.6455760175421426,False,5,0,12,park,32,0.0,0.0,0.1071827150573635,1.0,30.944258028613767,0.008658245569833412,0.9674213814019138,0.9921779520548932,0.04087898253125388,inf,1.3081274410001242,1.0,0.8928172849426366,1.0,1.0,30.935599783043934,0.0,1.0,1.0,0.05009719565624948,0.05009719565624948,1.6031102609999834
park_12x12_s0,SA-matched,3,27,22,2,1.0,2.6455760175421426,2.6455760175421426,False,5,0,12,park,32,0.0,0.0,0.1071827150573635,1.0,30.93870835352336,0.0031085704794264757,0.9717331548328325,0.9971916496090691,0.043917501031245365,inf,1.4053600329998517,1.0,0.8928172849426366,1.0,1.0,30.935599783043934,0.0,1.0,1.0,0.05345758250000188,0.05345758250000188,1.71064264000006
park_12x12_s1,SA,0,27,22,2,1.0,2.644966333797298,2.644966333797298,False,5,0,12,park,32,0.0,0.0,0.1071827150573635,1.0,31.05007978877941,0.053513177190470884,0.8929531263375488,0.9530914401547295,0.0024392430312616398,inf,0.07805577700037247,1.0,0.8928172849426366,1.0,1.0,30.99656661158894,0.0,1.0,1.0,0.013758360875016251,0.013758360875016251,0.44026754800052004
park_12x12_s1,SA,1,27,22,2,1.0,2.644966333797298,2.644966333797298,False,5,0,12,park,32,0.0,0.0,0.1071827150573635,1.0,31.012115877056495,0.015549265467555529,0.9042231161504681,0.9863698309831488,0.00243623099999013,inf,0.07795939199968416,1.0,0.8928172849426366,1.0,1.0,30.99656661158894,0.0,1.0,1.0,0.013393080937490254,0.013393080937490254,0.4285785899996881
park_12x12_s1,SA,2,27,22,2,1.0,2.644966333797298,2.644966333797298,False,5,0,12,park,32,0.0,0.0,0.1071827150573635,1.0,31.03364186925009,0.03707525766115083,0.9182008579180416,0.9675005852000391,0.002474108031250921,inf,0.07917145700002948,1.0,0.8928172849426366,1.0,1.0,30.99656661158894,0.0,1.0,1.0,0.013167623062500411,0.013167623062500411,0.42136393800001315
park_12x12_s1,SA,3,27,22,2,1.0,2.644966333797298,2.644966333797298,False,5,0,12,park,32,0.0,0.0,0.1071827150573635,1.0,31.036516465947532,0.03994985435859277,0.9032510235038953,0.9649807723559424,0.0024669296875003965,inf,0.07894175000001269,1.0,0.8928172849426366,1.0,1.0,30.99656661158894,0.0,1.0,1.0,0.014069578218737888,0.014069578218737888,0.4502265029996124
park_12x12_s1,Tabu,0,27,22,2,1.0,2.644966333797298,2.644966333797298,False,5,0,12,park,32,1.0,0.8928172849426366,1.0,1.0,30.99656661158894,0.0,1.0,1.0,0.0018571973749885728,0.0018571973749885728,0.05943031599963433,1.0,0.8928172849426366,1.0,1.0,30.99656661158894,0.0,1.0,1.0,0.007204136562492636,0.007204136562492636,0.23053236999976434
park_12x12_s1,Tabu,1,27,22,2,1.0,2.644966333797298,2.644966333797298,False,5,0,12,park,32,1.0,0.8928172849426366,1.0,1.0,30.99656661158894,0.0,1.0,1.0,0.002420121874990855,0.002420121874990855,0.07744389999970736,1.0,0.8928172849426366,1.0,1.0,30.99656661158894,0.0,1.0,1.0,0.0070623578750002025,0.0070623578750002025,0.22599545200000648
park_12x12_s1,Tabu,2,27,22,2,1.0,2.644966333797298,2.644966333797298,False,5,0,12,park,32,0.96875,0.8425539219962727,0.9944622826374491,1.0,30.99656661158894,0.0,0.9969289906499701,1.0,0.0018612387187459944,0.00247316047643779,0.05955963899987182,1.0,0.8928172849426366,1.0,1.0,30.99656661158894,0.0,1.0,1.0,0.006641664437495365,0.006641664437495365,0.21253326199985167
park_12x12_s1,Tabu,3,27,22,2,1.0,2.644966333797298,2.644966333797298,False,5,0,12,park,32,1.0,0.8928172849426366,1.0,1.0,30.99656661158894,0.0,1.0,1.0,0.0018755197812510005,0.0018755197812510005,0.060016633000032016,1.0,0.8928172849426366,1.0,1.0,30.99656661158894,0.0,1.0,1.0,0.006899146843750259,0.006899146843750259,0.2207726990000083
park_12x12_s1,SQA,0,27,22,2,1.0,2.644966333797298,2.644966333797298,False,5,0,12,park,32,0.0,0.0,0.1071827150573635,1.0,31.00059678135396,0.00403016976502002,0.9637556543091721,0.9964672353701566,0.08530643253124026,inf,2.7298058409996884,1.0,0.8928172849426366,1.0,1.0,30.99656661158894,0.0,1.0,1.0,0.0959922051250004,0.0959922051250004,3.0717505640000127
park_12x12_s1,SQA,1,27,22,2,1.0,2.644966333797298,2.644966333797298,False,5,0,12,park,32,0.0,0.0,0.1071827150573635,1.0,31.01413225299532,0.017565641406381616,0.9605150266842208,0.9846023169545886,0.08561217234375817,inf,2.7395895150002616,1.0,0.8928172849426366,1.0,1.0,30.99656661158894,0.0,1.0,1.0,0.09415157371876148,0.09415157371876148,3.0128503590003675
park_12x12_s1,SQA,2,27,22,2,1.0,2.644966333797298,2.644966333797298,False,5,0,12,park,32,0.0,0.0,0.1071827150573635,1.0,31.00184110919405,0.005274497605110895,0.960382752846187,0.9953764829607774,0.08401725665625293,inf,2.6885522130000936,1.0,0.8928172849426366,1.0,1.0,30.99656661158894,0.0,1.0,1.0,0.09337633471875506,0.09337633471875506,2.988042711000162
park_12x12_s1,SQA,3,27,22,2,1.0,2.644966333797298,2.644966333797298,False,5,0,12,park,32,0.0,0.0,0.1071827150573635,1.0,31.00718484964393,0.010618238054991735,0.9616874641994326,0.9906922690558803,0.08549226193750314,inf,2.7357523820001006,1.0,0.8928172849426366,1.0,1.0,30.99656661158894,0.0,1.0,1.0,0.09386631325000394,0.09386631325000394,3.003722024000126
park_12x12_s1,Greedy,0,27,22,2,1.0,2.644966333797298,2.644966333797298,False,5,0,12,park,32,0.0,0.0,0.1071827150573635,0.4375,30.99660887166672,4.226007778029839e-05,0.40478198610851157,0.9999629556776163,2.3499906248503066e-05,inf,0.0007519969999520981,1.0,0.8928172849426366,1.0,1.0,30.99656661158894,0.0,1.0,1.0,0.011729427000005899,0.011729427000005899,0.37534166400018876
park_12x12_s1,Greedy,1,27,22,2,1.0,2.644966333797298,2.644966333797298,False,5,0,12,park,32,0.0,0.0,0.1071827150573635,0.5,31.01534988683102,0.018783275242082453,0.44080193358345376,0.983534963965094,2.1862062496325052e-05,inf,0.0006995859998824017,1.0,0.8928172849426366,1.0,1.0,30.99656661158894,0.0,1.0,1.0,0.011996705437496757,0.011996705437496757,0.38389457399989624
park_12x12_s1,Greedy,2,27,22,2,1.0,2.644966333797298,2.644966333797298,False,5,0,12,park,32,0.0,0.0,0.1071827150573635,0.53125,30.99660887166672,4.226007778029839e-05,0.486623701611682,0.9999629556776163,1.9581156252002074e-05,inf,0.0006265970000640664,1.0,0.8928172849426366,1.0,1.0,30.99656661158894,0.0,1.0,1.0,0.011533791343751432,0.011533791343751432,0.3690813230000458
park_12x12_s1,Greedy,3,27,22,2,1.0,2.644966333797298,2.644966333797298,False,5,0,12,park,32,0.0,0.0,0.1071827150573635,0.4375,31.01126122861584,0.014694617026901113,0.4027459103657459,0.9871189983776095,2.100468749688389e-05,inf,0.0006721499999002845,1.0,0.8928172849426366,1.0,1.0,30.99656661158894,0.0,1.0,1.0,0.01308207803124617,0.01308207803124617,0.4186264969998774
park_12x12_s1,Random,0,27,22,2,1.0,2.644966333797298,2.644966333797298,False,5,0,12,park,32,0.0,0.0,0.1071827150573635,0.0,,,0.0,0.0,6.452875012996628e-06,inf,0.0002064920004158921,1.0,0.8928172849426366,1.0,1.0,30.99656661158894,0.0,1.0,1.0,0.024200595187522822,0.024200595187522822,0.7744190460007303
park_12x12_s1,Random,1,27,22,2,1.0,2.644966333797298,2.644966333797298,False,5,0,12,park,32,0.0,0.0,0.1071827150573635,0.03125,31.512316984915625,0.5157503733266857,0.017121991884409923,0.5479037403011175,5.164843756233495e-06,inf,0.00016527500019947183,1.0,0.8928172849426366,1.0,1.0,30.99656661158894,0.0,1.0,1.0,0.02530623262499887,0.02530623262499887,0.8097994439999638
park_12x12_s1,Random,2,27,22,2,1.0,2.644966333797298,2.644966333797298,False,5,0,12,park,32,0.0,0.0,0.1071827150573635,0.03125,31.188604833916457,0.19203822232751833,0.02598947532786732,0.8316632104917543,6.644500004426845e-06,inf,0.00021262400014165905,1.0,0.8928172849426366,1.0,1.0,30.99656661158894,0.0,1.0,1.0,0.02228998600000409,0.02228998600000409,0.7132795520001309
park_12x12_s1,Random,3,27,22,2,1.0,2.644966333797298,2.644966333797298,False,5,0,12,park,32,0.0,0.0,0.1071827150573635,0.0,,,0.0,0.0,6.4176250020864245e-06,inf,0.00020536400006676558,1.0,0.8928172849426366,1.0,1.0,30.99656661158894,0.0,1.0,1.0,0.023719252062505802,0.023719252062505802,0.7590160660001857
park_12x12_s1,SQA-fixedT,0,27,22,2,1.0,2.644966333797298,2.644966333797298,False,5,0,12,park,32,0.0,0.0,0.1071827150573635,1.0,31.00718484964393,0.010618238054991735,0.9644296246255692,0.9906922690558803,0.12236130384376054,inf,3.9155617230003372,1.0,0.8928172849426366,1.0,1.0,30.99656661158894,0.0,1.0,1.0,0.13109727178125752,0.13109727178125752,4.195112697000241
park_12x12_s1,SQA-fixedT,1,27,22,2,1.0,2.644966333797298,2.644966333797298,False,5,0,12,park,32,0.0,0.0,0.1071827150573635,1.0,31.00506867449894,0.008502062910000774,0.9626004408490962,0.9925472650333861,0.12223602737499561,inf,3.9115528759998597,1.0,0.8928172849426366,1.0,1.0,30.99656661158894,0.0,1.0,1.0,0.13066562281250071,0.13066562281250071,4.181299930000023
park_12x12_s1,SQA-fixedT,2,27,22,2,1.0,2.644966333797298,2.644966333797298,False,5,0,12,park,32,0.0,0.0,0.1071827150573635,1.0,30.99660887166672,4.226007778029839e-05,0.9666992683799605,0.9999629556776163,0.12241382043750093,inf,3.91724225400003,1.0,0.8928172849426366,1.0,1.0,30.99656661158894,0.0,1.0,1.0,0.13052464140625375,0.13052464140625375,4.17678852500012
park_12x12_s1,SQA-fixedT,3,27,22,2,1.0,2.644966333797298,2.644966333797298,False,5,0,12,park,32,0.0,0.0,0.1071827150573635,1.0,31.0178058036623,0.021239192073359447,0.9641550048322735,0.9813821573536511,0.12121763871874691,inf,3.878964438999901,1.0,0.8928172849426366,1.0,1.0,30.99656661158894,0.0,1.0,1.0,0.12965316478124578,0.12965316478124578,4.148901272999865
park_12x12_s1,SA-matched,0,27,22,2,1.0,2.644966333797298,2.644966333797298,False,5,0,12,park,32,0.0,0.0,0.1071827150573635,1.0,31.00506867449894,0.008502062910000774,0.9632039856943998,0.9925472650333861,0.04087783071874185,inf,1.3080905829997391,1.0,0.8928172849426366,1.0,1.0,30.99656661158894,0.0,1.0,1.0,0.04943876156249871,0.04943876156249871,1.5820403699999588
park_12x12_s1,SA-matched,1,27,22,2,1.0,2.644966333797298,2.644966333797298,False,5,0,12,park,32,0.0,0.0,0.1071827150573635,1.0,31.00184110919405,0.005274497605110895,0.9669550007071737,0.9953764829607774,0.04123098984373996,inf,1.3193916749996788,1.0,0.8928172849426366,1.0,1.0,30.99656661158894,0.0,1.0,1.0,0.04906875784374165,0.04906875784374165,1.5702002509997328
park_12x12_s1,SA-matched,2,27,22,2,1.0,2.644966333797298,2.644966333797298,False,5,0,12,park,32,0.03125,0.005537717362550945,0.15744607800372734,1.0,30.99656661158894,0.0,0.9579564271125929,1.0,0.04172115487500605,6.051681761930196,1.3350769560001936,1.0,0.8928172849426366,1.0,1.0,30.99656661158894,0.0,1.0,1.0,0.05028191190625364,0.05028191190625364,1.6090211810001165
park_12x12_s1,SA-matched,3,27,22,2,1.0,2.644966333797298,2.644966333797298,False,5,0,12,park,32,0.0,0.0,0.1071827150573635,1.0,31.019083529397495,0.022516917808555803,0.9623089428480953,0.9802621290304968,0.04077086109376182,inf,1.3046675550003783,1.0,0.8928172849426366,1.0,1.0,30.99656661158894,0.0,1.0,1.0,0.04898331168752179,0.04898331168752179,1.5674659740006973
park_12x12_s2,SA,0,27,22,2,1.0,2.5239710884736213,2.5239710884736213,False,5,0,12,park,32,0.0,0.0,0.1071827150573635,1.0,31.054322160645008,0.03742976183048796,0.8961281217756876,0.9659215205417093,0.002509990093756187,inf,0.08031968300019798,1.0,0.8928172849426366,1.0,1.0,31.01689239881452,0.0,1.0,1.0,0.013974940937515612,0.013974940937515612,0.4471981100004996
park_12x12_s2,SA,1,27,22,2,1.0,2.5239710884736213,2.5239710884736213,False,5,0,12,park,32,0.0,0.0,0.1071827150573635,1.0,31.073828261697578,0.05693586288305852,0.9013473932208972,0.9481619027530139,0.0024370786249932053,inf,0.07798651599978257,1.0,0.8928172849426366,1.0,1.0,31.01689239881452,0.0,1.0,1.0,0.013246655562497267,0.013246655562497267,0.42389297799991255
park_12x12_s2,SA,2,27,22,2,1.0,2.5239710884736213,2.5239710884736213,False,5,0,12,park,32,0.0,0.0,0.1071827150573635,1.0,31.061463765984527,0.04457136717000765,0.9085193671678271,0.9594193404860564,0.002431725593751821,inf,0.07781521900005828,1.0,0.8928172849426366,1.0,1.0,31.01689239881452,0.0,1.0,1.0,0.014240729874998692,0.014240729874998692,0.45570335599995815
park_12x12_s2,SA,3,27,22,2,1.0,2.5239710884736213,2.5239710884736213,False,5,0,12,park,32,0.0,0.0,0.1071827150573635,1.0,31.0281269736379,0.011234574823379972,0.9155148003291942,0.9897713154287471,0.00306369381250704,inf,0.09803820200022528,1.0,0.8928172849426366,1.0,1.0,31.01689239881452,0.0,1.0,1.0,0.01463816437501464,0.01463816437501464,0.46842126000046846
park_12x12_s2,Tabu,0,27,22,2,1.0,2.5239710884736213,2.5239710884736213,False,5,0,12,park,32,1.0,0.8928172849426366,1.0,1.0,31.01689239881452,0.0,1.0,1.0,0.0018719666875028906,0.0018719666875028906,0.0599029340000925,1.0,0.8928172849426366,1.0,1.0,31.01689239881452,0.0,1.0,1.0,0.006488340156252548,0.006488340156252548,0.20762688500008153
park_12x12_s2,Tabu,1,27,22,2,1.0,2.5239710884736213,2.5239710884736213,False,5,0,12,park,32,0.96875,0.8425539219962727,0.9944622826374491,1.0,31.01689239881452,0.0,0.993149738829009,1.0,0.0019209755624984837,0.002552537076262307,0.06147121799995148,1.0,0.8928172849426366,1.0,1.0,31.01689239881452,0.0,1.0,1.0,0.006777783468749021,0.006777783468749021,0.21688907099996868
park_12x12_s2,Tabu,2,27,22,2,1.0,2.5239710884736213,2.5239710884736213,False,5,0,12,park,32,0.96875,0.8425539219962727,0.9944622826374491,1.0,31.01689239881452,0.0,0.9967685084973203,1.0,0.0018752009375049283,0.0024917130711426963,0.06000643000015771,1.0,0.8928172849426366,1.0,1.0,31.01689239881452,0.0,1.0,1.0,0.006550649031254352,0.006550649031254352,0.20962076900013926
park_12x12_s2,Tabu,3,27,22,2,1.0,2.5239710884736213,2.5239710884736213,False,5,0,12,park,32,1.0,0.8928172849426366,1.0,1.0,31.01689239881452,0.0,1.0,1.0,0.0019112065312469895,0.0019112065312469895,0.06115860899990366,1.0,0.8928172849426366,1.0,1.0,31.01689239881452,0.0,1.0,1.0,0.006559212531243475,0.006559212531243475,0.2098948009997912
park_12x12_s2,SQA,0,27,22,2,1.0,2.5239710884736213,2.5239710884736213,False,5,0,12,park,32,0.0,0.0,0.1071827150573635,1.0,31.02021457458976,0.0033221757752421865,0.9607596300440615,0.9969752760002548,0.08587638062500957,inf,2.7480441800003064,1.0,0.8928172849426366,1.0,1.0,31.01689239881452,0.0,1.0,1.0,0.09616014290625685,0.09616014290625685,3.0771245730002192
park_12x12_s2,SQA,1,27,22,2,1.0,2.5239710884736213,2.5239710884736213,False,5,0,12,park,32,0.0,0.0,0.1071827150573635,1.0,31.030884115914645,0.013991717100125811,0.9585524557003136,0.9872610345226812,0.08579946140625339,inf,2.7455827650001083,1.0,0.8928172849426366,1.0,1.0,31.01689239881452,0.0,1.0,1.0,0.09558282503125781,0.09558282503125781,3.05865040100025
park_12x12_s2,SQA,2,27,22,2,1.0,2.5239710884736213,2.5239710884736213,False,5,0,12,park,32,0.0,0.0,0.1071827150573635,1.0,31.017808937394072,0.0009165385795526504,0.963801424941402,0.9991655239138986,0.08265704859374523,inf,2.6450255549998474,1.0,0.8928172849426366,1.0,1.0,31.01689239881452,0.0,1.0,1.0,0.0921834784999902,0.0921834784999902,2.9498713119996864
park_12x12_s2,SQA,3,27,22,2,1.0,2.5239710884736213,2.5239710884736213,False,5,0,12,park,32,0.0,0.0,0.1071827150573635,1.0,31.030496663175242,0.013604264360722595,0.9607154953471081,0.9876137965915559,0.08593608928124752,inf,2.7499548569999206,1.0,0.8928172849426366,1.0,1.0,31.01689239881452,0.0,1.0,1.0,0.09718356474999723,0.09718356474999723,3.1098740719999114
park_12x12_s2,Greedy,0,27,22,2,1.0,2.5239710884736213,2.5239710884736213,False,5,0,12,park,32,0.0,0.0,0.1071827150573635,0.4375,31.017808937394072,0.0009165385795526504,0.4016953481865876,0.9991655239138986,2.1515875005206908e-05,inf,0.0006885080001666211,1.0,0.8928172849426366,1.0,1.0,31.01689239881452,0.0,1.0,1.0,0.01305349065624739,0.01305349065624739,0.4177117009999165
park_12x12_s2,Greedy,1,27,22,2,1.0,2.5239710884736213,2.5239710884736213,False,5,0,12,park,32,0.0,0.0,0.1071827150573635,0.5,31.038424666519283,0.021532267704763797,0.43180635603056416,0.9803956288583832,2.7109093750254942e-05,inf,0.0008674910000081582,1.0,0.8928172849426366,1.0,1.0,31.01689239881452,0.0,1.0,1.0,0.013912052593752833,0.013912052593752833,0.44518568300009065
park_12x12_s2,Greedy,2,27,22,2,1.0,2.5239710884736213,2.5239710884736213,False,5,0,12,park,32,0.0,0.0,0.1071827150573635,0.53125,31.030884115914645,0.013991717100125811,0.46495853911992996,0.9872610345226812,2.485218749370688e-05,inf,0.0007952699997986201,1.0,0.8928172849426366,1.0,1.0,31.01689239881452,0.0,1.0,1.0,0.012434570093745378,0.012434570093745378,0.3979062429998521
park_12x12_s2,Greedy,3,27,22,2,1.0,2.5239710884736213,2.5239710884736213,False,5,0,12,park,32,0.03125,0.005537717362550945,0.15744607800372734,0.4375,31.01689239881452,0.0,0.4023104796653678,1.0,1.9597843760266187e-05,0.0028426805061479783,0.000627131000328518,1.0,0.8928172849426366,1.0,1.0,31.01689239881452,0.0,1.0,1.0,0.012494530312523011,0.012494530312523011,0.39982497000073636
park_12x12_s2,Random,0,27,22,2,1.0,2.5239710884736213,2.5239710884736213,False,5,0,12,park,32,0.0,0.0,0.1071827150573635,0.0,,,0.0,0.0,5.281249997324267e-06,inf,0.00016899999991437653,1.0,0.8928172849426366,1.0,1.0,31.01689239881452,0.0,1.0,1.0,0.023513316937496143,0.023513316937496143,0.7524261419998766
park_12x12_s2,Random,1,27,22,2,1.0,2.5239710884736213,2.5239710884736213,False,5,0,12,park,32,0.0,0.0,0.1071827150573635,0.03125,31.52777478494893,0.5108823861344121,0.016714362072744612,0.5348595863278276,5.315937499972279e-06,inf,0.00017010999999911292,1.0,0.8928172849426366,1.0,1.0,31.01689239881452,0.0,1.0,1.0,0.021643602531241868,0.021643602531241868,0.6925952809997398
park_12x12_s2,Random,2,27,22,2,1.0,2.5239710884736213,2.5239710884736213,False,5,0,12,park,32,0.0,0.0,0.1071827150573635,0.03125,31.187617319807696,0.1707249209931767,0.026392530445230114,0.8445609742473636,5.102499997633458e-06,inf,0.00016327999992427067,1.0,0.8928172849426366,1.0,1.0,31.01689239881452,0.0,1.0,1.0,0.022416405906255932,0.022416405906255932,0.7173249890001898
park_12x12_s2,Random,3,27,22,2,1.0,2.5239710884736213,2.5239710884736213,False,5,0,12,park,32,0.0,0.0,0.1071827150573635,0.0,,,0.0,0.0,4.950718746954408e-06,inf,0.00015842299990254105,1.0,0.8928172849426366,1.0,1.0,31.01689239881452,0.0,1.0,1.0,0.0218948755937447,0.0218948755937447,0.7006360189998304
park_12x12_s2,SQA-fixedT,0,27,22,2,1.0,2.5239710884736213,2.5239710884736213,False,5,0,12,park,32,0.0,0.0,0.1071827150573635,1.0,31.03294006890062,0.016047670086098975,0.9642344312753544,0.9853891617622559,0.12571309074999704,inf,4.022818903999905,1.0,0.8928172849426366,1.0,1.0,31.01689239881452,0.0,1.0,1.0,0.13590766546874988,0.13590766546874988,4.349045294999996
park_12x12_s2,SQA-fixedT,1,27,22,2,1.0,2.5239710884736213,2.5239710884736213,False,5,0,12,park,32,0.0,0.0,0.1071827150573635,1.0,31.017808937394072,0.0009165385795526504,0.9609211080293059,0.9991655239138986,0.1235032368124962,inf,3.9521035779998783,1.0,0.8928172849426366,1.0,1.0,31.01689239881452,0.0,1.0,1.0,0.13366943515624996,0.13366943515624996,4.277421924999999
park_12x12_s2,SQA-fixedT,2,27,22,2,1.0,2.5239710884736213,2.5239710884736213,False,5,0,12,park,32,0.0,0.0,0.1071827150573635,1.0,31.02021457458976,0.0033221757752421865,0.9636633731958943,0.9969752760002548,0.12387049715624698,inf,3.9638559089999035,1.0,0.8928172849426366,1.0,1.0,31.01689239881452,0.0,1.0,1.0,0.1334120350937411,0.1334120350937411,4.2691851229997155
park_12x12_s2,SQA-fixedT,3,27,22,2,1.0,2.5239710884736213,2.5239710884736213,False,5,0,12,park,32,0.0,0.0,0.1071827150573635,1.0,31.028625701407805,0.011733302593285089,0.965820763507089,0.9893172413649323,0.12616425118750385,inf,4.037256038000123,1.0,0.8928172849426366,1.0,1.0,31.01689239881452,0.0,1.0,1.0,0.13610224525000092,0.13610224525000092,4.355271848000029
park_12x12_s2,SA-matched,0,27,22,2,1.0,2.5239710884736213,2.5239710884736213,False,5,0,12,park,32,0.0,0.0,0.1071827150573635,1.0,31.027777272724688,0.010884873910168125,0.9558552404209555,0.9900897057899096,0.0412897238749963,inf,1.3212711639998815,1.0,0.8928172849426366,1.0,1.0,31.01689239881452,0.0,1.0,1.0,0.05063841996874885,0.05063841996874885,1.6204294389999632
park_12x12_s2,SA-matched,1,27,22,2,1.0,2.5239710884736213,2.5239710884736213,False,5,0,12,park,32,0.0,0.0,0.1071827150573635,1.0,31.039175975877836,0.022283577063316073,0.9574591056517815,0.97971158815681,0.043349956624993524,inf,1.3871986119997928,1.0,0.8928172849426366,1.0,1.0,31.01689239881452,0.0,1.0,1.0,0.054908458468730714,0.054908458468730714,1.7570706709993829
park_12x12_s2,SA-matched,2,27,22,2,1.0,2.5239710884736213,2.5239710884736213,False,5,0,12,park,32,0.0,0.0,0.1071827150573635,1.0,31.020734993528784,0.0038425947142641803,0.9635816111662646,0.996501452891161,0.04173954793749601,inf,1.3356655339998724,1.0,0.8928172849426366,1.0,1.0,31.01689239881452,0.0,1.0,1.0,0.050522600718750255,0.050522600718750255,1.6167232230000081
park_12x12_s2,SA-matched,3,27,22,2,1.0,2.5239710884736213,2.5239710884736213,False,5,0,12,park,32,0.0,0.0,0.1071827150573635,1.0,31.02609735463008,0.00920495581555869,0.9615841554783069,0.9916192120298378,0.04281536896876048,inf,1.3700918070003354,1.0,0.8928172849426366,1.0,1.0,31.01689239881452,0.0,1.0,1.0,0.05226547484376454,0.05226547484376454,1.6724951950004652
park_14x14_s0,SA,0,32,27,2,1.0,2.615378355931592,2.615378355931592,False,5,0,14,park,32,0.0,0.0,0.1071827150573635,1.0,31.269730012052932,0.046058152273801056,0.9217002178893434,0.9602971431568934,0.003111177062493198,inf,0.09955766599978233,1.0,0.8928172849426366,1.0,1.0,31.22367185977913,0.0,1.0,1.0,0.022447904187501422,0.022447904187501422,0.7183329340000455
park_14x14_s0,SA,1,32,27,2,1.0,2.615378355931592,2.615378355931592,False,5,0,14,park,32,0.0,0.0,0.1071827150573635,1.0,31.258928409364263,0.03525654958513158,0.9159025708849771,0.9696082957770626,0.003113545375001081,inf,0.0996334520000346,1.0,0.8928172849426366,1.0,1.0,31.22367185977913,0.0,1.0,1.0,0.02403472418750141,0.02403472418750141,0.7691111740000451
park_14x14_s0,SA,2,32,27,2,1.0,2.615378355931592,2.615378355931592,False,5,0,14,park,32,0.0,0.0,0.1071827150573635,1.0,31.249264212724626,0.025592352945494667,0.9130830964699927,0.9779389863659118,0.00313078934374289,inf,0.10018525899977249,1.0,0.8928172849426366,1.0,1.0,31.22367185977913,0.0,1.0,1.0,0.02405180143749419,0.02405180143749419,0.7696576459998141
park_14x14_s0,SA,3,32,27,2,1.0,2.615378355931592,2.615378355931592,False,5,0,14,park,32,0.0,0.0,0.1071827150573635,1.0,31.26070641731443,0.03703455753529994,0.9158681337851335,0.968075624759524,0.0031258618437561836,inf,0.10002757900019787,1.0,0.8928172849426366,1.0,1.0,31.22367185977913,0.0,1.0,1.0,0.024081313812502003,0.024081313812502003,0.7706020420000641
park_14x14_s0,Tabu,0,32,27,2,1.0,2.615378355931592,2.615378355931592,False,5,0,14,park,32,0.9375,0.7985253275199642,0.9826897968048427,1.0,31.22367185977913,0.0,0.9999734689702304,1.0,0.0031873667499979774,0.005294101577764053,0.10199573599993528,1.0,0.8928172849426366,1.0,1.0,31.22367185977913,0.0,1.0,1.0,0.010846395156249855,0.010846395156249855,0.34708464499999536
park_14x14_s0,Tabu,1,32,27,2,1.0,2.615378355931592,2.615378355931592,False,5,0,14,park,32,0.9375,0.7985253275199642,0.9826897968048427,1.0,31.22367185977913,0.0,0.9946597078798458,1.0,0.003248430312495998,0.005395525959682095,0.10394976999987193,1.0,0.8928172849426366,1.0,1.0,31.22367185977913,0.0,1.0,1.0,0.01018318434374521,0.01018318434374521,0.32586189899984674
park_14x14_s0,Tabu,2,32,27,2,1.0,2.615378355931592,2.615378355931592,False,5,0,14,park,32,0.90625,0.7578150066422116,0.9675990373736805,1.0,31.22367185977913,0.0,0.9945668225696547,1.0,0.0035621690625049496,0.0069300963693503265,0.11398941000015839,1.0,0.8928172849426366,1.0,1.0,31.22367185977913,0.0,1.0,1.0,0.012113880062514681,0.012113880062514681,0.3876441620004698
park_14x14_s0,Tabu,3,32,27,2,1.0,2.615378355931592,2.615378355931592,False,5,0,14,park,32,0.9375,0.7985253275199642,0.9826897968048427,1.0,31.22367185977913,0.0,0.9998788009147768,1.0,0.002943045218756879,0.0048882922983562,0.09417744700022013,1.0,0.8928172849426366,1.0,1.0,31.22367185977913,0.0,1.0,1.0,0.009771989375011003,0.009771989375011003,0.3127036600003521
park_14x14_s0,SQA,0,32,27,2,1.0,2.615378355931592,2.615378355931592,False,5,0,14,park,32,0.0,0.0,0.1071827150573635,1.0,31.24623257389599,0.022560714116860225,0.9556626495340649,0.9805523070587991,0.11683050218749713,inf,3.738576069999908,1.0,0.8928172849426366,1.0,1.0,31.22367185977913,0.0,1.0,1.0,0.13305735518748918,0.13305735518748918,4.257835365999654
park_14x14_s0,SQA,1,32,27,2,1.0,2.615378355931592,2.615378355931592,False,5,0,14,park,32,0.0,0.0,0.1071827150573635,1.0,31.2355249565331,0.011853096753970505,0.9596977271075244,0.9897824428393739,0.12040684121873824,inf,3.8530189189996236,1.0,0.8928172849426366,1.0,1.0,31.22367185977913,0.0,1.0,1.0,0.13710030684374885,0.13710030684374885,4.387209818999963
park_14x14_s0,SQA,2,32,27,2,1.0,2.615378355931592,2.615378355931592,False,5,0,14,park,32,0.0,0.0,0.1071827150573635,1.0,31.242723937693388,0.01905207791425667,0.9548870664142488,0.9835768070439136,0.11868700771874785,inf,3.797984246999931,1.0,0.8928172849426366,1.0,1.0,31.22367185977913,0.0,1.0,1.0,0.13698606771875177,0.13698606771875177,4.383554167000057
park_14x14_s0,SQA,3,32,27,2,1.0,2.615378355931592,2.615378355931592,False,5,0,14,park,32,0.0,0.0,0.1071827150573635,1.0,31.2338912354229,0.010219375643767847,0.9597856081706998,0.9911907363152899,0.11675849287500739,inf,3.7362717720002365,1.0,0.8928172849426366,1.0,1.0,31.22367185977913,0.0,1.0,1.0,0.13320520525000745,0.13320520525000745,4.2625665680002385
park_14x14_s0,Greedy,0,32,27,2,1.0,2.615378355931592,2.615378355931592,False,5,0,14,park,32,0.0,0.0,0.1071827150573635,1.0,31.22896918876023,0.005297328981100691,0.9049725485380018,0.9954336185060747,2.892221874617462e-05,inf,0.0009255109998775879,1.0,0.8928172849426366,1.0,1.0,31.22367185977913,0.0,1.0,1.0,0.021721778281246884,0.021721778281246884,0.6950969049999003
park_14x14_s0,Greedy,1,32,27,2,1.0,2.615378355931592,2.615378355931592,False,5,0,14,park,32,0.0,0.0,0.1071827150573635,1.0,31.24722654671522,0.02355468693608742,0.8861690988327942,0.979695486743622,2.6498093760096708e-05,inf,0.0008479390003230947,1.0,0.8928172849426366,1.0,1.0,31.22367185977913,0.0,1.0,1.0,0.02341290412500996,0.02341290412500996,0.7492129320003187
park_14x14_s0,Greedy,2,32,27,2,1.0,2.615378355931592,2.615378355931592,False,5,0,14,park,32,0.0,0.0,0.1071827150573635,1.0,31.22711997498369,0.0034481152045593433,0.891318095966657,0.9970276700738812,2.9670906243950412e-05,inf,0.0009494689998064132,1.0,0.8928172849426366,1.0,1.0,31.22367185977913,0.0,1.0,1.0,0.02094171093749253,0.02094171093749253,0.670134749999761
park_14x14_s0,Greedy,3,32,27,2,1.0,2.615378355931592,2.615378355931592,False,5,0,14,park,32,0.0,0.0,0.1071827150573635,1.0,31.242436918736686,0.018765058957555425,0.8988045110425894,0.9838242219311072,2.907896875115057e-05,inf,0.0009305270000368182,1.0,0.8928172849426366,1.0,1.0,31.22367185977913,0.0,1.0,1.0,0.021134871093750007,0.021134871093750007,0.6763158750000002
park_14x14_s0,Random,0,32,27,2,1.0,2.615378355931592,2.615378355931592,False,5,0,14,park,32,0.0,0.0,0.1071827150573635,0.0,,,0.0,0.0,7.053343750840213e-06,inf,0.00022570700002688682,1.0,0.8928172849426366,1.0,1.0,31.22367185977913,0.0,1.0,1.0,0.03983800068749588,0.03983800068749588,1.274816021999868
park_14x14_s0,Random,1,32,27,2,1.0,2.615378355931592,2.615378355931592,False,5,0,14,park,32,0.0,0.0,0.1071827150573635,0.03125,31.509677619924215,0.28600576014508405,0.023545578258979512,0.7534585042873444,5.711718756629125e-06,inf,0.000182775000212132,1.0,0.8928172849426366,1.0,1.0,31.22367185977913,0.0,1.0,1.0,0.04016173859376693,0.04016173859376693,1.2851756350005417
park_14x14_s0,Random,2,32,27,2,1.0,2.615378355931592,2.615378355931592,False,5,0,14,park,32,0.0,0.0,0.1071827150573635,0.03125,31.60922294331786,0.38555108353872924,0.020864026833645053,0.6676488586766417,5.96309374145676e-06,inf,0.0001908189997266163,1.0,0.8928172849426366,1.0,1.0,31.22367185977913,0.0,1.0,1.0,0.03775270424999633,0.03775270424999633,1.2080865359998825
park_14x14_s0,Random,3,32,27,2,1.0,2.615378355931592,2.615378355931592,False,5,0,14,park,32,0.0,0.0,0.1071827150573635,0.0,,,0.0,0.0,6.0541249951029386e-06,inf,0.00019373199984329403,1.0,0.8928172849426366,1.0,1.0,31.22367185977913,0.0,1.0,1.0,0.037465786468743545,0.037465786468743545,1.1989051669997934
park_14x14_s0,SQA-fixedT,0,32,27,2,1.0,2.615378355931592,2.615378355931592,False,5,0,14,park,32,0.0,0.0,0.1071827150573635,1.0,31.240750682536536,0.01707882275740502,0.9621099287066207,0.9852777842464221,0.16498809656251012,inf,5.279619090000324,1.0,0.8928172849426366,1.0,1.0,31.22367185977913,0.0,1.0,1.0,0.1815496746250176,0.1815496746250176,5.809589588000563
park_14x14_s0,SQA-fixedT,1,32,27,2,1.0,2.615378355931592,2.615378355931592,False,5,0,14,park,32,0.0,0.0,0.1071827150573635,1.0,31.230145152685722,0.006473292906591155,0.9582005057149328,0.9944199189744727,0.16488733543749845,inf,5.27639473399995,1.0,0.8928172849426366,1.0,1.0,31.22367185977913,0.0,1.0,1.0,0.1817483656562473,0.1817483656562473,5.815947700999914
park_14x14_s0,SQA-fixedT,2,32,27,2,1.0,2.615378355931592,2.615378355931592,False,5,0,14,park,32,0.0,0.0,0.1071827150573635,1.0,31.22711997498369,0.0034481152045593433,0.9613291300661826,0.9970276700738812,0.1687392061249966,inf,5.399654595999891,1.0,0.8928172849426366,1.0,1.0,31.22367185977913,0.0,1.0,1.0,0.18508855143750225,0.18508855143750225,5.922833646000072
park_14x14_s0,SQA-fixedT,3,32,27,2,1.0,2.615378355931592,2.615378355931592,False,5,0,14,park,32,0.0,0.0,0.1071827150573635,1.0,31.244273988531596,0.02060212875246492,0.9618973187003106,0.9822406386678338,0.16629546128125128,inf,5.321454761000041,1.0,0.8928172849426366,1.0,1.0,31.22367185977913,0.0,1.0,1.0,0.18434786759374333,0.18434786759374333,5.899131762999787
park_14x14_s0,SA-matched,0,32,27,2,1.0,2.615378355931592,2.615378355931592,False,5,0,14,park,32,0.0,0.0,0.1071827150573635,1.0,31.241633268572915,0.017961408793784273,0.9598055186366816,0.9845169811024796,0.053204133999997794,inf,1.7025322879999294,1.0,0.8928172849426366,1.0,1.0,31.22367185977913,0.0,1.0,1.0,0.07215249334375073,0.07215249334375073,2.3088797870000235
park_14x14_s0,SA-matched,1,32,27,2,1.0,2.615378355931592,2.615378355931592,False,5,0,14,park,32,0.0,0.0,0.1071827150573635,1.0,31.227678600825698,0.004006741046566731,0.9587925880115311,0.9965461257491711,0.0532059932500033,inf,1.7025917840001057,1.0,0.8928172849426366,1.0,1.0,31.22367185977913,0.0,1.0,1.0,0.06964794925001172,0.06964794925001172,2.228734376000375
park_14x14_s0,SA-matched,2,32,27,2,1.0,2.615378355931592,2.615378355931592,False,5,0,14,park,32,0.0,0.0,0.1071827150573635,1.0,31.245318525757167,0.021646665978035884,0.9586186108349047,0.9813402310334239,0.05290211187499949,inf,1.6928675799999837,1.0,0.8928172849426366,1.0,1.0,31.22367185977913,0.0,1.0,1.0,0.07023426624999729,0.07023426624999729,2.2474965199999133
park_14x14_s0,SA-matched,3,32,27,2,1.0,2.615378355931592,2.615378355931592,False,5,0,14,park,32,0.0,0.0,0.1071827150573635,1.0,31.228378326927768,0.0047064671486367615,0.9587512045995321,0.9959429507651917,0.053895469750003144,inf,1.7246550320001006,1.0,0.8928172849426366,1.0,1.0,31.22367185977913,0.0,1.0,1.0,0.07162006593750903,0.07162006593750903,2.291842110000289
park_14x14_s1,SA,0,32,27,2,1.0,2.6839907904413836,2.6839907904413836,False,5,0,14,park,32,0.0,0.0,0.1071827150573635,1.0,31.26771728227241,0.022455405584079102,0.9248016804671021,0.9801295602998129,0.003162705531252641,inf,0.10120657700008451,0.59375,0.4225972657298823,0.744805975196862,1.0,31.245261876688332,0.0,0.9997838890678117,1.0,0.021856953531255385,0.11174122357797282,0.6994225130001723
park_14x14_s1,SA,1,32,27,2,1.0,2.6839907904413836,2.6839907904413836,False,5,0,14,park,32,0.0,0.0,0.1071827150573635,1.0,31.266569841240635,0.021307964552303105,0.9241044468215445,0.9811449130506709,0.0031357583125100064,inf,0.1003442660003202,0.5625,0.3932530203122613,0.7183491403055682,1.0,31.245261876688332,0.0,0.999767265149951,1.0,0.021581151375002605,0.1202219074199723,0.6905968440000834
park_14x14_s1,SA,2,32,27,2,1.0,2.6839907904413836,2.6839907904413836,False,5,0,14,park,32,0.0,0.0,0.1071827150573635,1.0,31.28642278973449,0.04116091304615921,0.9305945507119651,0.9635773472170892,0.00311145468751306,inf,0.09956655000041792,0.6875,0.514330003019676,0.8204764788338126,1.0,31.245261876688332,0.0,0.9998337608213935,1.0,0.02278530043750493,0.09021202183671181,0.7291296140001577
park_14x14_s1,SA,3,32,27,2,1.0,2.6839907904413836,2.6839907904413836,False,5,0,14,park,32,0.0,0.0,0.1071827150573635,1.0,31.26605883190252,0.020796955214187562,0.9332017483473711,0.9815970972787063,0.0031776180312448332,inf,0.10168377699983466,0.4375,0.2816508596944317,0.6067469796877387,1.0,31.245261876688332,0.0,0.9997007694785085,1.0,0.02267302362498924,0.18147313027561882,0.7255367559996557
park_14x14_s1,Tabu,0,32,27,2,1.0,2.6839907904413836,2.6839907904413836,False,5,0,14,park,32,0.9375,0.7985253275199642,0.9826897968048427,1.0,31.245261876688332,0.0,0.9999667521642788,1.0,0.0032918470312495174,0.005467639568589664,0.10533910499998456,0.9375,0.7985253275199642,0.9826897968048427,1.0,31.245261876688332,0.0,0.9999667521642788,1.0,0.010162449531250672,0.016879463305368256,0.3251983850000215
park_14x14_s1,Tabu,1,32,27,2,1.0,2.6839907904413836,2.6839907904413836,False,5,0,14,park,32,0.84375,0.6824550744643347,0.9313568089337279,1.0,31.245261876688332,0.0,0.9943054596632684,1.0,0.0035901367812414264,0.00890653922721524,0.11488437699972565,0.84375,0.6824550744643347,0.9313568089337279,1.0,31.245261876688332,0.0,0.9999168804106968,1.0,0.010753651499996408,0.026678041745083925,0.34411684799988507
park_14x14_s1,Tabu,2,32,27,2,1.0,2.6839907904413836,2.6839907904413836,False,5,0,14,park,32,0.875,0.7193135021517204,0.950299461555257,1.0,31.245261876688332,0.0,0.9943220835811291,1.0,0.0034364548125012107,0.00761043719230577,0.10996655400003874,0.875,0.7193135021517204,0.950299461555257,1.0,31.245261876688332,0.0,0.9999335043285574,1.0,0.010505021531258762,0.023264617441390096,0.3361606890002804
park_14x14_s1,Tabu,3,32,27,2,1.0,2.6839907904413836,2.6839907904413836,False,5,0,14,park,32,0.96875,0.8425539219962727,0.9944622826374491,1.0,31.245261876688332,0.0,0.9999833760821394,1.0,0.003370829093739758,0.004479060747823123,0.10786653099967225,0.96875,0.8425539219962727,0.9944622826374491,1.0,31.245261876688332,0.0,0.9999833760821394,1.0,0.010077431062484266,0.013390600548302831,0.3224777939994965
park_14x14_s1,SQA,0,32,27,2,1.0,2.6839907904413836,2.6839907904413836,False,5,0,14,park,32,0.0,0.0,0.1071827150573635,1.0,31.272453092429323,0.02719121574099148,0.9593849978191608,0.9759389154324951,0.12220260303125485,inf,3.9104832970001553,0.625,0.45254100589525126,0.7706633153404079,1.0,31.245261876688332,0.0,0.9998005129856723,1.0,0.13908222815625493,0.6530161376603244,4.450631301000158
park_14x14_s1,SQA,1,32,27,2,1.0,2.6839907904413836,2.6839907904413836,False,5,0,14,park,32,0.0,0.0,0.1071827150573635,1.0,31.265667915050525,0.020406038362192902,0.9628126014126128,0.9819430135306422,0.12093783212499432,inf,3.870010627999818,0.625,0.45254100589525126,0.7706633153404079,1.0,31.245261876688332,0.0,0.9998005129856723,1.0,0.13908867465625008,0.6530464051401028,4.4508375890000025
park_14x14_s1,SQA,2,32,27,2,1.0,2.6839907904413836,2.6839907904413836,False,5,0,14,park,32,0.0,0.0,0.1071827150573635,1.0,31.26287930245186,0.01761742576352887,0.9617030718042465,0.9844106135159313,0.11484618909375399,inf,3.6750780510001277,0.5625,0.3932530203122613,0.7183491403055682,1.0,31.245261876688332,0.0,0.999767265149951,1.0,0.1297166921562507,0.722611499463241,4.150934149000022
park_14x14_s1,SQA,3,32,27,2,1.0,2.6839907904413836,2.6839907904413836,False,5,0,14,park,32,0.0,0.0,0.1071827150573635,1.0,31.25028992867272,0.005028051984389492,0.9641292168323576,0.9955507548776561,0.1154407021874988,inf,3.6941024699999616,0.46875,0.30869129901682335,0.6355076206742619,1.0,31.245261876688332,0.0,0.999717393396369,1.0,0.1297317039999939,0.944530068026342,4.151414527999805
park_14x14_s1,Greedy,0,32,27,2,1.0,2.6839907904413836,2.6839907904413836,False,5,0,14,park,32,0.0,0.0,0.1071827150573635,1.0,31.26220164831779,0.0169397716294597,0.9182180802471278,0.9850102591361445,3.054684376024852e-05,inf,0.0009774990003279527,0.5625,0.3932530203122613,0.7183491403055682,1.0,31.245261876688332,0.0,0.999767265149951,1.0,0.017799948562512213,0.09915799815209599,0.5695983540003908
park_14x14_s1,Greedy,1,32,27,2,1.0,2.6839907904413836,2.6839907904413836,False,5,0,14,park,32,0.0,0.0,0.1071827150573635,1.0,31.25028992867272,0.005028051984389492,0.9075136161110171,0.9955507548776561,2.7450468749634638e-05,inf,0.0008784149999883084,0.5,0.33630614316859386,0.6636938568314061,1.0,31.245261876688332,0.0,0.9997340173142297,1.0,0.020502384812502328,0.1362148962416869,0.6560763140000745
park_14x14_s1,Greedy,2,32,27,2,1.0,2.6839907904413836,2.6839907904413836,False,5,0,14,park,32,0.0,0.0,0.1071827150573635,1.0,31.26839068479809,0.023128808109756704,0.9101623941207508,0.9795336768618439,2.944334374888058e-05,inf,0.0009421869999641785,0.4375,0.2816508596944317,0.6067469796877387,1.0,31.245261876688332,0.0,0.9997007694785085,1.0,0.01896350431249516,0.15178242414879176,0.6068321379998451
park_14x14_s1,Greedy,3,32,27,2,1.0,2.6839907904413836,2.6839907904413836,False,5,0,14,park,32,0.0,0.0,0.1071827150573635,1.0,31.247892299580126,0.0026304228917943817,0.9195971990446096,0.997672379629854,2.7909156244732003e-05,inf,0.0008930929998314241,0.53125,0.3644923793257382,0.6913087009831766,1.0,31.245261876688332,0.0,0.9997506412320905,1.0,0.019147845531250596,0.11637950560352982,0.6127310570000191
park_14x14_s1,Random,0,32,27,2,1.0,2.6839907904413836,2.6839907904413836,False,5,0,14,park,32,0.0,0.0,0.1071827150573635,0.0,,,0.0,0.0,7.092062503488705e-06,inf,0.00022694600011163857,0.5625,0.3932530203122613,0.7183491403055682,1.0,31.245261876688332,0.0,0.999767265149951,1.0,0.04029411184374965,0.22446601200621505,1.2894115789999887
park_14x14_s1,Random,1,32,27,2,1.0,2.6839907904413836,2.6839907904413836,False,5,0,14,park,32,0.0,0.0,0.1071827150573635,0.03125,31.43106228433378,0.18580040764544847,0.02611212826550068,0.8355881044960217,5.854125006976574e-06,inf,0.00018733200022325036,0.5,0.33630614316859386,0.6636938568314061,1.0,31.245261876688332,0.0,0.9997340173142297,1.0,0.03854778453126073,0.25610593686011895,1.2335291050003434
park_14x14_s1,Random,2,32,27,2,1.0,2.6839907904413836,2.6839907904413836,False,5,0,14,park,32,0.0,0.0,0.1071827150573635,0.03125,31.56271863451516,0.3174567578268288,0.022471482645631778,0.7190874446602169,5.816468757302573e-06,inf,0.00018612700023368234,0.4375,0.2816508596944317,0.6067469796877387,1.0,31.245261876688332,0.0,0.9997007694785084,1.0,0.03843691762500612,0.30764612055835905,1.2299813640001958
park_14x14_s1,Random,3,32,27,2,1.0,2.6839907904413836,2.6839907904413836,False,5,0,14,park,32,0.0,0.0,0.1071827150573635,0.0,,,0.0,0.0,6.072874995766142e-06,inf,0.00019433199986451655,0.5,0.33630614316859386,0.6636938568314061,1.0,31.245261876688332,0.0,0.9997340173142297,1.0,0.03655189299999506,0.2428455205560006,1.169660575999842
park_14x14_s1,SQA-fixedT,0,32,27,2,1.0,2.6839907904413836,2.6839907904413836,False,5,0,14,park,32,0.0,0.0,0.1071827150573635,1.0,31.25919066063696,0.01392878394862862,0.9663062034688781,0.9876746353784681,0.1635581849999994,inf,5.233861919999981,0.59375,0.4225972657298823,0.744805975196862,1.0,31.245261876688332,0.0,0.9997838890678117,1.0,0.178857341468742,0.9143880986451739,5.723434926999744
park_14x14_s1,SQA-fixedT,1,32,27,2,1.0,2.6839907904413836,2.6839907904413836,False,5,0,14,park,32,0.0,0.0,0.1071827150573635,1.0,31.24602399062342,0.0007621139350888484,0.9656367371129142,0.9993256172134075,0.16460227731249688,inf,5.2672728739999,0.5,0.33630614316859386,0.6636938568314061,1.0,31.245261876688332,0.0,0.9997340173142297,1.0,0.18028060709374927,1.197758427336151,5.768979426999977
park_14x14_s1,SQA-fixedT,2,32,27,2,1.0,2.6839907904413836,2.6839907904413836,False,5,0,14,park,32,0.0,0.0,0.1071827150573635,1.0,31.25226490435371,0.007003027665376749,0.9666443588003082,0.9938031295661713,0.16603072499999882,inf,5.312983199999962,0.625,0.45254100589525126,0.7706633153404079,1.0,31.245261876688332,0.0,0.9998005129856723,1.0,0.1828423744687484,0.8584779145332889,5.850955982999949
park_14x14_s1,SQA-fixedT,3,32,27,2,1.0,2.6839907904413836,2.6839907904413836,False,5,0,14,park,32,0.0,0.0,0.1071827150573635,1.0,31.269307255538305,0.02404537884997282,0.9640812531294867,0.9787226176468933,0.16388735481250194,inf,5.244395354000062,0.5625,0.3932530203122613,0.7183491403055682,1.0,31.245261876688332,0.0,0.999767265149951,1.0,0.18012631971875237,1.003427915259946,5.764042231000076
park_14x14_s1,SA-matched,0,32,27,2,1.0,2.6839907904413836,2.6839907904413836,False,5,0,14,park,32,0.0,0.0,0.1071827150573635,1.0,31.26217597148882,0.016914094800487334,0.9635898027933325,0.9850329801633768,0.055254449999992516,inf,1.7681423999997605,0.65625,0.4831077350878594,0.7958976664567146,1.0,31.245261876688332,0.0,0.9998171369035329,1.0,0.07174351581248573,0.30940113231803595,2.295792505999543
park_14x14_s1,SA-matched,1,32,27,2,1.0,2.6839907904413836,2.6839907904413836,False,5,0,14,park,32,0.0,0.0,0.1071827150573635,1.0,31.25919066063696,0.01392878394862862,0.9606058602518186,0.9876746353784681,0.05539590709375375,inf,1.77266902700012,0.59375,0.4225972657298823,0.744805975196862,1.0,31.245261876688332,0.0,0.9997838890678117,1.0,0.07166447087500671,0.36637656987237527,2.293263068000215
park_14x14_s1,SA-matched,2,32,27,2,1.0,2.6839907904413836,2.6839907904413836,False,5,0,14,park,32,0.0,0.0,0.1071827150573635,1.0,31.24925798940912,0.0039961127207881475,0.9654560259608858,0.9964639019074378,0.05636759956249193,inf,1.8037631859997418,0.5625,0.3932530203122613,0.7183491403055682,1.0,31.245261876688332,0.0,0.999767265149951,1.0,0.07188170074999789,0.4004306824318059,2.3002144239999325
park_14x14_s1,SA-matched,3,32,27,2,1.0,2.6839907904413836,2.6839907904413836,False,5,0,14,park,32,0.0,0.0,0.1071827150573635,1.0,31.256795859671097,0.011533982982765423,0.9658200055999568,0.9897937575652378,0.05399893781249432,inf,1.7279660099998182,0.625,0.45254100589525126,0.7706633153404079,1.0,31.245261876688332,0.0,0.9998005129856723,1.0,0.06935581918749278,0.3256380759100423,2.219386213999769
park_14x14_s2,SA,0,32,27,2,1.0,3.0299421928354087,3.0299421928354087,False,5,0,14,park,32,0.0,0.0,0.1071827150573635,1.0,31.03577322073388,0.01735953509439625,0.948542499923818,0.9852612150276049,0.003077515718757695,inf,0.09848050300024624,0.78125,0.6124466920955516,0.8897630306846815,1.0,31.018413685639484,0.0,0.9997371446576538,1.0,0.023733194906256472,0.07191311328371974,0.7594622370002071
park_14x14_s2,SA,1,32,27,2,1.0,3.0299421928354087,3.0299421928354087,False,5,0,14,park,32,0.0,0.0,0.1071827150573635,1.0,31.046714172897445,0.02830048725796175,0.9502225872121988,0.9759720065058798,0.003146417156244752,inf,0.10068534899983206,0.6875,0.514330003019676,0.8204764788338126,1.0,31.018413685639484,0.0,0.9996244923680768,1.0,0.024793269187497913,0.09816201227983268,0.7933846139999332
park_14x14_s2,SA,2,32,27,2,1.0,3.0299421928354087,3.0299421928354087,False,5,0,14,park,32,0.0,0.0,0.1071827150573635,1.0,31.05470448360929,0.036290797969805055,0.9425763390254709,0.9691879843068925,0.003080298156248773,inf,0.09856954099996074,0.78125,0.6124466920955516,0.8897630306846815,1.0,31.018413685639484,0.0,0.9997371446576538,1.0,0.02729515334374355,0.08270607738478915,0.8734449069997936
park_14x14_s2,SA,3,32,27,2,1.0,3.0299421928354087,3.0299421928354087,False,5,0,14,park,32,0.0,0.0,0.1071827150573635,1.0,31.045890622839764,0.027476937200280105,0.9475674477643683,0.9766712261075666,0.003163041093742436,inf,0.10121731499975795,0.65625,0.4831077350878594,0.7958976664567146,1.0,31.018413685639484,0.0,0.9995869416048846,1.0,0.02489181456249412,0.10734845545088179,0.7965380659998118
park_14x14_s2,Tabu,0,32,27,2,1.0,3.0299421928354087,3.0299421928354087,False,5,0,14,park,32,0.96875,0.8425539219962727,0.9944622826374491,1.0,31.018413685639484,0.0,0.9999946109289957,1.0,0.00347489540624224,0.004617341070716451,0.11119665299975168,1.0,0.8928172849426366,1.0,1.0,31.018413685639484,0.0,1.0,1.0,0.010082721312485887,0.010082721312485887,0.3226470819995484
park_14x14_s2,Tabu,1,32,27,2,1.0,3.0299421928354087,3.0299421928354087,False,5,0,14,park,32,0.90625,0.7578150066422116,0.9675990373736805,1.0,31.018413685639484,0.0,0.9949818591527764,1.0,0.0034913776562461862,0.006792373746171383,0.11172408499987796,1.0,0.8928172849426366,1.0,1.0,31.018413685639484,0.0,1.0,1.0,0.01069694546875155,0.01069694546875155,0.3423022550000496
park_14x14_s2,Tabu,2,32,27,2,1.0,3.0299421928354087,3.0299421928354087,False,5,0,14,park,32,0.84375,0.6824550744643347,0.9313568089337279,1.0,31.018413685639484,0.0,0.9949456743839744,1.0,0.0034564857187575626,0.008574972910023303,0.110607543000242,1.0,0.8928172849426366,1.0,1.0,31.018413685639484,0.0,1.0,1.0,0.011769886031260057,0.011769886031260057,0.37663635300032183
park_14x14_s2,Tabu,3,32,27,2,1.0,3.0299421928354087,3.0299421928354087,False,5,0,14,park,32,0.96875,0.8425539219962727,0.9944622826374491,1.0,31.018413685639484,0.0,0.9999684832628781,1.0,0.003605392937487295,0.004790742436859008,0.11537257399959344,1.0,0.8928172849426366,1.0,1.0,31.018413685639484,0.0,1.0,1.0,0.011674087374984765,0.011674087374984765,0.3735707959995125
park_14x14_s2,SQA,0,32,27,2,1.0,3.0299421928354087,3.0299421928354087,False,5,0,14,park,32,0.0,0.0,0.1071827150573635,1.0,31.028863602679476,0.010449917039991874,0.976912655228622,0.9911276955636026,0.11908209340624865,inf,3.8106269889999567,0.65625,0.4831077350878594,0.7958976664567146,1.0,31.018413685639484,0.0,0.9995869416048845,1.0,0.1389492455624861,0.5992326055519038,4.446375857999556
park_14x14_s2,SQA,1,32,27,2,1.0,3.0299421928354087,3.0299421928354087,False,5,0,14,park,32,0.0,0.0,0.1071827150573635,1.0,31.033984803028847,0.015571117389363565,0.977500235745022,0.986779637257922,0.12124011315624728,inf,3.879683620999913,0.8125,0.6469050424507756,0.9111057606383721,1.0,31.018413685639484,0.0,0.9997746954208462,1.0,0.1405283192499951,0.38659852858041177,4.496906215999843
park_14x14_s2,SQA,2,32,27,2,1.0,3.0299421928354087,3.0299421928354087,False,5,0,14,park,32,0.0,0.0,0.1071827150573635,1.0,31.02752586956118,0.009112183921697437,0.9772643993492636,0.992263472568792,0.11634208053123984,inf,3.722946576999675,0.84375,0.6824550744643347,0.9313568089337279,1.0,31.018413685639484,0.0,0.9998122461840384,1.0,0.13548737299998947,0.33612190173976564,4.335595935999663
park_14x14_s2,SQA,3,32,27,2,1.0,3.0299421928354087,3.0299421928354087,False,5,0,14,park,32,0.0,0.0,0.1071827150573635,1.0,31.025547682041093,0.007133996401609721,0.9791961121801133,0.9939430152716988,0.11871336718749603,inf,3.798827749999873,0.6875,0.514330003019676,0.8204764788338126,1.0,31.018413685639484,0.0,0.9996244923680768,1.0,0.13650856512499843,0.5404674690040233,4.36827408399995
park_14x14_s2,Greedy,0,32,27,2,1.0,3.0299421928354087,3.0299421928354087,False,5,0,14,park,32,0.0,0.0,0.1071827150573635,1.0,31.022354359196513,0.003940673557028873,0.9402450185436199,0.9966542456415091,3.156500000045526e-05,inf,0.0010100800000145682,0.78125,0.6124466920955516,0.8897630306846815,1.0,31.018413685639484,0.0,0.9997371446576537,1.0,0.01998653678126061,0.060560497201374706,0.6395691770003396
park_14x14_s2,Greedy,1,32,27,2,1.0,3.0299421928354087,3.0299421928354087,False,5,0,14,park,32,0.0,0.0,0.1071827150573635,1.0,31.02051177663933,0.0020980909998478126,0.9334220604628953,0.9982186555151896,2.7404718750290158e-05,inf,0.000876951000009285,0.84375,0.6824550744643347,0.9313568089337279,1.0,31.018413685639484,0.0,0.9998122461840384,1.0,0.02202274571875762,0.054634812149768876,0.7047278630002438
park_14x14_s2,Greedy,2,32,27,2,1.0,3.0299421928354087,3.0299421928354087,False,5,0,14,park,32,0.0,0.0,0.1071827150573635,1.0,31.025338854063023,0.006925168423538963,0.931653663104201,0.9941203167171735,2.654474999985723e-05,inf,0.0008494319999954314,0.6875,0.514330003019676,0.8204764788338126,1.0,31.018413685639484,0.0,0.9996244923680768,1.0,0.023113370906244768,0.09151092506474312,0.7396278689998326
park_14x14_s2,Greedy,3,32,27,2,1.0,3.0299421928354087,3.0299421928354087,False,5,0,14,park,32,0.0,0.0,0.1071827150573635,1.0,31.02051177663933,0.0020980909998478126,0.9381612707721945,0.9982186555151896,2.9265781250842338e-05,inf,0.0009365050000269548,0.6875,0.514330003019676,0.8204764788338126,1.0,31.018413685639484,0.0,0.9996244923680768,1.0,0.024018257593752423,0.09509357071987012,0.7685842430000775
park_14x14_s2,Random,0,32,27,2,1.0,3.0299421928354087,3.0299421928354087,False,5,0,14,park,32,0.0,0.0,0.1071827150573635,0.0,,,0.0,0.0,7.0272812422444986e-06,inf,0.00022487299975182395,0.8125,0.6469050424507756,0.9111057606383721,1.0,31.018413685639484,0.0,0.9997746954208462,1.0,0.04357302634373639,0.11987098372902938,1.3943368429995644
park_14x14_s2,Random,1,32,27,2,1.0,3.0299421928354087,3.0299421928354087,False,5,0,14,park,32,0.0,0.0,0.1071827150573635,0.03125,31.280236995522888,0.26182330988340397,0.02430324594641299,0.7777038702852157,8.076499995013364e-06,inf,0.00025844799984042766,0.8125,0.6469050424507756,0.9111057606383721,1.0,31.018413685639484,0.0,0.9997746954208462,1.0,0.039907239406247186,0.10978627024432962,1.27703166099991
park_14x14_s2,Random,2,32,27,2,1.0,3.0299421928354087,3.0299421928354087,False,5,0,14,park,32,0.0,0.0,0.1071827150573635,0.03125,31.3656855891807,0.3472719035412162,0.02203610493200119,0.705155357824038,5.958218750379274e-06,inf,0.00019066300001213676,0.6875,0.514330003019676,0.8204764788338126,1.0,31.018413685639484,0.0,0.9996244923680768,1.0,0.03935777312500477,0.1558260905242677,1.2594487400001526
park_14x14_s2,Random,3,32,27,2,1.0,3.0299421928354087,3.0299421928354087,False,5,0,14,park,32,0.0,0.0,0.1071827150573635,0.0,,,0.0,0.0,7.992000007561728e-06,inf,0.0002557440002419753,0.6875,0.514330003019676,0.8204764788338126,1.0,31.018413685639484,0.0,0.9996244923680768,1.0,0.038527822343766616,0.15254013262321614,1.2328903150005317
park_14x14_s2,SQA-fixedT,0,32,27,2,1.0,3.0299421928354087,3.0299421928354087,False,5,0,14,park,32,0.0,0.0,0.1071827150573635,1.0,31.026731979098138,0.00831829345865387,0.9821162643864526,0.9929375102525668,0.1654303235000043,inf,5.293770352000138,0.71875,0.546251630618882,0.8443559315435214,1.0,31.018413685639484,0.0,0.9996620431312692,1.0,0.1836973370312478,0.666889985733947,5.8783147849999295
park_14x14_s2,SQA-fixedT,1,32,27,2,1.0,3.0299421928354087,3.0299421928354087,False,5,0,14,park,32,0.0,0.0,0.1071827150573635,1.0,31.03283113023004,0.014417444590556272,0.9780382166396557,0.987759141329757,0.16637826678125123,inf,5.324104537000039,0.8125,0.6469050424507756,0.9111057606383721,1.0,31.018413685639484,0.0,0.9997746954208461,1.0,0.1882901223750082,0.5179929899176275,6.025283916000262
park_14x14_s2,SQA-fixedT,2,32,27,2,1.0,3.0299421928354087,3.0299421928354087,False,5,0,14,park,32,0.0,0.0,0.1071827150573635,1.0,31.026134051616726,0.007720365977242238,0.982451734697173,0.9934451692727935,0.16409902515624708,inf,5.251168804999907,0.6875,0.514330003019676,0.8204764788338126,1.0,31.018413685639484,0.0,0.9996244923680768,1.0,0.18294148746875294,0.7243056332584777,5.854127599000094
park_14x14_s2,SQA-fixedT,3,32,27,2,1.0,3.0299421928354087,3.0299421928354087,False,5,0,14,park,32,0.0,0.0,0.1071827150573635,1.0,31.027096815607223,0.008683129967739234,0.9813838112866894,0.9926277527142313,0.16486165003124142,inf,5.275572800999726,0.71875,0.546251630618882,0.8443559315435214,1.0,31.018413685639484,0.0,0.9996620431312692,1.0,0.1823906749062445,0.662146313887717,5.836501596999824
park_14x14_s2,SA-matched,0,32,27,2,1.0,3.0299421928354087,3.0299421928354087,False,5,0,14,park,32,0.0,0.0,0.1071827150573635,1.0,31.032746282170894,0.014332596531410502,0.9771192946729605,0.9878311799697478,0.05257006056250191,inf,1.682241938000061,0.78125,0.6124466920955516,0.8897630306846815,1.0,31.018413685639484,0.0,0.9997371446576537,1.0,0.07429935071874638,0.22513183101763937,2.3775792229998842
park_14x14_s2,SA-matched,1,32,27,2,1.0,3.0299421928354087,3.0299421928354087,False,5,0,14,park,32,0.0,0.0,0.1071827150573635,1.0,31.029768843533773,0.011355157894289647,0.9796115521658304,0.9903591179359662,0.05350743434374294,inf,1.7122378989997742,0.6875,0.514330003019676,0.8204764788338126,1.0,31.018413685639484,0.0,0.9996244923680768,1.0,0.0720560153437475,0.28528563173812593,2.30579249099992
park_14x14_s2,SA-matched,2,32,27,2,1.0,3.0299421928354087,3.0299421928354087,False,5,0,14,park,32,0.0,0.0,0.1071827150573635,1.0,31.028402240098547,0.009988554459063437,0.9773826455435977,0.9915194067377577,0.05329018584374978,inf,1.705285946999993,0.8125,0.6469050424507756,0.9111057606383721,1.0,31.018413685639484,0.0,0.9997746954208462,1.0,0.07138343515624967,0.1963784320748028,2.2842699249999896
park_14x14_s2,SA-matched,3,32,27,2,1.0,3.0299421928354087,3.0299421928354087,False,5,0,14,park,32,0.0,0.0,0.1071827150573635,1.0,31.02748970793706,0.009076022297577424,0.9794765027764802,0.9922941749118709,0.05564356328125086,inf,1.7805940250000276,0.875,0.7193135021517204,0.950299461555257,1.0,31.018413685639484,0.0,0.9998497969472306,1.0,0.07550541206249761,0.1672156997643053,2.4161731859999236
park_16x16_s0,SA,0,46,40,2,1.0,2.9422277813275657,2.9422277813275657,False,6,0,16,park,32,0.0,0.0,0.1071827150573635,1.0,31.119910962791305,0.053182344808362814,0.9049208505264185,0.9579310182276245,0.00565424459375663,inf,0.18093582700021216,0.90625,0.7578150066422116,0.9675990373736805,1.0,31.066728617982942,0.0,0.9997191013640052,1.0,0.0738196414687593,0.14361396675812063,2.3622285270002976
park_16x16_s0,SA,1,46,40,2,1.0,2.9422277813275657,2.9422277813275657,False,6,0,16,park,32,0.0,0.0,0.1071827150573635,1.0,31.14427379427606,0.07754517629311763,0.8994153147382461,0.9386592182092387,0.006529710281242274,inf,0.20895072899975276,0.90625,0.7578150066422116,0.9675990373736805,1.0,31.066728617982942,0.0,0.9997191013640052,1.0,0.07293843268749356,0.14189960068830954,2.334029845999794
park_16x16_s0,SA,2,46,40,2,1.0,2.9422277813275657,2.9422277813275657,False,6,0,16,park,32,0.0,0.0,0.1071827150573635,1.0,31.12931664221938,0.06258802423643672,0.9051519851713402,0.950490816825406,0.005609293593749953,inf,0.1794973949999985,0.875,0.7193135021517204,0.950299461555257,1.0,31.066728617982942,0.0,0.9996254684853403,1.0,0.06962969787500128,0.15420323307299041,2.228150332000041
park_16x16_s0,SA,3,46,40,2,1.0,2.9422277813275657,2.9422277813275657,False,6,0,16,park,32,0.0,0.0,0.1071827150573635,1.0,31.138276714946375,0.07154809696343278,0.9052524836983886,0.9434031049618274,0.005566725343740586,inf,0.17813521099969876,0.90625,0.7578150066422116,0.9675990373736805,1.0,31.066728617982942,0.0,0.9997191013640052,1.0,0.07470306140623961,0.14533263456807544,2.3904979649996676
park_16x16_s0,Tabu,0,46,40,2,1.0,2.9422277813275657,2.9422277813275657,False,6,0,16,park,32,0.375,0.2293366846595921,0.5474589941047487,1.0,31.066728617982942,0.0,0.9993203278060641,1.0,0.008454339499991192,0.08283696079126426,0.27053886399971816,1.0,0.8928172849426366,1.0,1.0,31.066728617982942,0.0,1.0,1.0,0.030231283468737047,0.030231283468737047,0.9674010709995855
park_16x16_s0,Tabu,1,46,40,2,1.0,2.9422277813275657,2.9422277813275657,False,6,0,16,park,32,0.4375,0.2816508596944317,0.6067469796877387,1.0,31.066728617982942,0.0,0.999252615590981,1.0,0.008652598687504565,0.06925473173809693,0.27688315800014607,1.0,0.8928172849426366,1.0,1.0,31.066728617982942,0.0,1.0,1.0,0.03173276887500265,0.03173276887500265,1.0154486040000847
park_16x16_s0,Tabu,2,46,40,2,1.0,2.9422277813275657,2.9422277813275657,False,6,0,16,park,32,0.46875,0.30869129901682335,0.6355076206742619,1.0,31.066728617982942,0.0,0.9993851254509225,1.0,0.008925318593739462,0.06498204770748948,0.2856101949996628,1.0,0.8928172849426366,1.0,1.0,31.066728617982942,0.0,1.0,1.0,0.028690004187481577,0.028690004187481577,0.9180801339994105
park_16x16_s0,Tabu,3,46,40,2,1.0,2.9422277813275657,2.9422277813275657,False,6,0,16,park,32,0.625,0.45254100589525126,0.7706633153404079,1.0,31.066728617982942,0.0,0.9966002534600824,1.0,0.008665069250000101,0.04068406243705864,0.27728221600000325,1.0,0.8928172849426366,1.0,1.0,31.066728617982942,0.0,1.0,1.0,0.026858198718755943,0.026858198718755943,0.8594623590001902
park_16x16_s0,SQA,0,46,40,2,1.0,2.9422277813275657,2.9422277813275657,False,6,0,16,park,32,0.0,0.0,0.1071827150573635,1.0,31.10929633334705,0.04256771536410753,0.9450149010937625,0.9663275388063989,0.2441841655937509,inf,7.8138932990000285,0.8125,0.6469050424507756,0.9111057606383721,1.0,31.066728617982942,0.0,0.9994382027280104,1.0,0.30049316981249774,0.8266676632722874,9.615781433999928
park_16x16_s0,SQA,1,46,40,2,1.0,2.9422277813275657,2.9422277813275657,False,6,0,16,park,32,0.0,0.0,0.1071827150573635,1.0,31.108986440023937,0.0422578220409946,0.9453816308951312,0.9665726746049125,0.241496874406252,inf,7.727899981000064,0.9375,0.7985253275199642,0.9826897968048427,1.0,31.066728617982942,0.0,0.9998127342426701,1.0,0.2999504102187558,0.49820684738933707,9.598413127000185
park_16x16_s0,SQA,2,46,40,2,1.0,2.9422277813275657,2.9422277813275657,False,6,0,16,park,32,0.0,0.0,0.1071827150573635,1.0,31.105707552916613,0.03897893493367022,0.9448890853318155,0.9691663820175652,0.24075652712500073,inf,7.704208868000023,0.96875,0.8425539219962727,0.9944622826374491,1.0,31.066728617982942,0.0,0.9999063671213351,1.0,0.2976076157812457,0.39545244004646546,9.523443704999863
park_16x16_s0,SQA,3,46,40,2,1.0,2.9422277813275657,2.9422277813275657,False,6,0,16,park,32,0.0,0.0,0.1071827150573635,1.0,31.107865748388672,0.04113713040572975,0.9460199833095103,0.967459178502894,0.2403522511562528,inf,7.69127203700009,0.9375,0.7985253275199642,0.9826897968048427,1.0,31.066728617982942,0.0,0.9998127342426701,1.0,0.3008973187812529,0.49977962846786145,9.628714201000093
park_16x16_s0,Greedy,0,46,40,2,1.0,2.9422277813275657,2.9422277813275657,False,6,0,16,park,32,0.0,0.0,0.1071827150573635,1.0,31.077547355658922,0.010818737675979406,0.9333931508486468,0.9914420231050188,6.290696875055346e-05,inf,0.0020130230000177107,1.0,0.8928172849426366,1.0,1.0,31.066728617982942,0.0,1.0,1.0,0.06243843109375291,0.06243843109375291,1.9980297950000931
park_16x16_s0,Greedy,1,46,40,2,1.0,2.9422277813275657,2.9422277813275657,False,6,0,16,park,32,0.0,0.0,0.1071827150573635,1.0,31.079571265631508,0.01284264764856502,0.9228496364547351,0.9898410438316821,5.9783093746546e-05,inf,0.001913058999889472,0.96875,0.8425539219962727,0.9944622826374491,1.0,31.066728617982942,0.0,0.9999063671213351,1.0,0.061242797156253914,0.08137766739313909,1.9597695090001253
park_16x16_s0,Greedy,2,46,40,2,1.0,2.9422277813275657,2.9422277813275657,False,6,0,16,park,32,0.0,0.0,0.1071827150573635,1.0,31.09130259657226,0.024573978589316425,0.9105815093821517,0.9805611756857675,6.38065312443814e-05,inf,0.002041808999820205,0.90625,0.7578150066422116,0.9675990373736805,1.0,31.066728617982942,0.0,0.9997191013640052,1.0,0.064648858093733,0.1257724742696434,2.068763458999456
park_16x16_s0,Greedy,3,46,40,2,1.0,2.9422277813275657,2.9422277813275657,False,6,0,16,park,32,0.0,0.0,0.1071827150573635,1.0,31.0923641581682,0.025635540185255934,0.9153417816550709,0.9797214455913018,5.593990624674916e-05,inf,0.0017900769998959731,0.9375,0.7985253275199642,0.9826897968048427,1.0,31.066728617982942,0.0,0.9998127342426701,1.0,0.06530051421874816,0.10846180639692558,2.089616454999941
park_16x16_s0,Random,0,46,40,2,1.0,2.9422277813275657,2.9422277813275657,False,6,0,16,park,32,0.0,0.0,0.1071827150573635,0.0,,,0.0,0.0,8.483968755967908e-06,inf,0.00027148700019097305,1.0,0.8928172849426366,1.0,1.0,31.066728617982942,0.0,1.0,1.0,0.11737224796875978,0.11737224796875978,3.755911935000313
park_16x16_s0,Random,1,46,40,2,1.0,2.9422277813275657,2.9422277813275657,False,6,0,16,park,32,0.0,0.0,0.1071827150573635,0.0,,,0.0,0.0,1.029262499230299e-05,inf,0.0003293639997536957,0.96875,0.8425539219962727,0.9944622826374491,1.0,31.066728617982942,0.0,0.9999063671213351,1.0,0.11216672234372993,0.14904391450602658,3.5893351149993578
park_16x16_s0,Random,2,46,40,2,1.0,2.9422277813275657,2.9422277813275657,False,6,0,16,park,32,0.0,0.0,0.1071827150573635,0.0625,31.35073510879293,0.2840064908099862,0.047335778131240805,0.7753415362151752,1.0842843749969688e-05,inf,0.00034697099999903003,0.875,0.7193135021517204,0.950299461555257,1.0,31.066728617982942,0.0,0.9996254684853403,1.0,0.1230116505625034,0.2724239053346979,3.936372818000109
park_16x16_s0,Random,3,46,40,2,1.0,2.9422277813275657,2.9422277813275657,False,6,0,16,park,32,0.0,0.0,0.1071827150573635,0.03125,31.339295560891443,0.2725669429085009,0.02451220607475057,0.7843905943920182,9.37684374946457e-06,inf,0.0003000589999828662,0.9375,0.7985253275199642,0.9826897968048427,1.0,31.066728617982942,0.0,0.9998127342426701,1.0,0.11878275146874273,0.19729387964601977,3.8010480469997674
park_16x16_s0,SQA-fixedT,0,46,40,2,1.0,2.9422277813275657,2.9422277813275657,False,6,0,16,park,32,0.0,0.0,0.1071827150573635,1.0,31.106496471123204,0.03976785314026188,0.9438605749855242,0.9685423218003523,0.31877086456249515,inf,10.200667665999845,0.90625,0.7578150066422116,0.9675990373736805,1.0,31.066728617982942,0.0,0.9997191013640052,1.0,0.3826615365312449,0.7444568964787905,12.245169168999837
park_16x16_s0,SQA-fixedT,1,46,40,2,1.0,2.9422277813275657,2.9422277813275657,False,6,0,16,park,32,0.0,0.0,0.1071827150573635,1.0,31.100556216146398,0.033827598163455264,0.9425719678752644,0.9732412586231463,0.3123575461874992,inf,9.995441477999975,0.90625,0.7578150066422116,0.9675990373736805,1.0,31.066728617982942,0.0,0.9997191013640052,1.0,0.36919944078125866,0.7182667805006283,11.814382105000277
park_16x16_s0,SQA-fixedT,2,46,40,2,1.0,2.9422277813275657,2.9422277813275657,False,6,0,16,park,32,0.0,0.0,0.1071827150573635,1.0,31.090590714212954,0.023862096230011787,0.9450990498190361,0.9811242980171648,0.31471211275000144,inf,10.070787608000046,0.9375,0.7985253275199642,0.9826897968048427,1.0,31.066728617982942,0.0,0.9998127342426701,1.0,0.3735334344687544,0.6204256051707614,11.953069903000141
park_16x16_s0,SQA-fixedT,3,46,40,2,1.0,2.9422277813275657,2.9422277813275657,False,6,0,16,park,32,0.0,0.0,0.1071827150573635,1.0,31.11212554583265,0.04539692784970839,0.9443418846876391,0.9640895387912471,0.31610446675000503,inf,10.115342936000161,0.90625,0.7578150066422116,0.9675990373736805,1.0,31.066728617982942,0.0,0.9997191013640052,1.0,0.37500561884375827,0.7295625311527422,12.000179803000265
park_16x16_s0,SA-matched,0,46,40,2,1.0,2.9422277813275657,2.9422277813275657,False,6,0,16,park,32,0.0,0.0,0.1071827150573635,1.0,31.11395080633083,0.04722218834788805,0.9431003670323364,0.9626456977777595,0.09451358234375107,inf,3.024434635000034,0.9375,0.7985253275199642,0.9826897968048427,1.0,31.066728617982942,0.0,0.9998127342426701,1.0,0.15155445412500512,0.2517264995315862,4.849742532000164
park_16x16_s0,SA-matched,1,46,40,2,1.0,2.9422277813275657,2.9422277813275657,False,6,0,16,park,32,0.0,0.0,0.1071827150573635,1.0,31.10869412556951,0.041965507586567696,0.9461400875871735,0.9668039049408331,0.09719847631249934,inf,3.110351241999979,0.96875,0.8425539219962727,0.9944622826374491,1.0,31.066728617982942,0.0,0.9999063671213351,1.0,0.1555753871562473,0.20672409978692657,4.978412388999914
park_16x16_s0,SA-matched,2,46,40,2,1.0,2.9422277813275657,2.9422277813275657,False,6,0,16,park,32,0.0,0.0,0.1071827150573635,1.0,31.09020020009197,0.023471582109028333,0.9463650513642898,0.9814332075151704,0.09841180503124747,inf,3.149177760999919,0.90625,0.7578150066422116,0.9675990373736805,1.0,31.066728617982942,0.0,0.9997191013640052,1.0,0.15465216312499308,0.30087128807722047,4.948869219999779
park_16x16_s0,SA-matched,3,46,40,2,1.0,2.9422277813275657,2.9422277813275657,False,6,0,16,park,32,0.0,0.0,0.1071827150573635,1.0,31.10532713564112,0.038598517658176235,0.946370639263965,0.9694673045791092,0.0959545228750045,inf,3.070544732000144,1.0,0.8928172849426366,1.0,1.0,31.066728617982942,0.0,1.0,1.0,0.15533758915624674,0.15533758915624674,4.9708028529998955
park_16x16_s1,SA,0,46,40,2,1.0,2.8238368256068633,2.8238368256068633,False,6,0,16,park,32,0.0,0.0,0.1071827150573635,1.0,31.102277397127427,0.07344756337728242,0.8892863555646967,0.9418225904792612,0.005606568250001942,inf,0.17941018400006215,1.0,0.8928172849426366,1.0,1.0,31.028829833750144,0.0,1.0,1.0,0.07224524074999294,0.07224524074999294,2.3118477039997742
park_16x16_s1,SA,1,46,40,2,1.0,2.8238368256068633,2.8238368256068633,False,6,0,16,park,32,0.0,0.0,0.1071827150573635,1.0,31.135186111119495,0.1063562773693505,0.8788571002670809,0.9157557797821811,0.005539225312503504,inf,0.17725521000011213,1.0,0.8928172849426366,1.0,1.0,31.028829833750144,0.0,1.0,1.0,0.07465953000000525,0.07465953000000525,2.389104960000168
park_16x16_s1,SA,2,46,40,2,1.0,2.8238368256068633,2.8238368256068633,False,6,0,16,park,32,0.0,0.0,0.1071827150573635,1.0,31.111057442888068,0.08222760913792371,0.887301220205027,0.9348679646980927,0.005621008968759611,inf,0.17987228700030755,1.0,0.8928172849426366,1.0,1.0,31.028829833750144,0.0,1.0,1.0,0.07205742196876486,0.07205742196876486,2.3058375030004754
park_16x16_s1,SA,3,46,40,2,1.0,2.8238368256068633,2.8238368256068633,False,6,0,16,park,32,0.0,0.0,0.1071827150573635,1.0,31.09825158434642,0.06942175059627687,0.8919310253482601,0.945011414560617,0.0057208128437480354,inf,0.18306601099993713,1.0,0.8928172849426366,1.0,1.0,31.028829833750144,0.0,1.0,1.0,0.06885130809375539,0.06885130809375539,2.2032418590001726
park_16x16_s1,Tabu,0,46,40,2,1.0,2.8238368256068633,2.8238368256068633,False,6,0,16,park,32,0.65625,0.4831077350878594,0.7958976664567146,1.0,31.028829833750144,0.0,0.9997017615581267,1.0,0.009507329249998975,0.04100131422271523,0.3042345359999672,1.0,0.8928172849426366,1.0,1.0,31.028829833750144,0.0,1.0,1.0,0.02609002665624871,0.02609002665624871,0.8348808529999587
park_16x16_s1,Tabu,1,46,40,2,1.0,2.8238368256068633,2.8238368256068633,False,6,0,16,park,32,0.75,0.5789310822975338,0.8674775601737845,1.0,31.028829833750144,0.0,0.9996627285843243,1.0,0.008543939656263433,0.028382353185163765,0.27340606900042985,1.0,0.8928172849426366,1.0,1.0,31.028829833750144,0.0,1.0,1.0,0.024722849500008692,0.024722849500008692,0.7911311840002782
park_16x16_s1,Tabu,2,46,40,2,1.0,2.8238368256068633,2.8238368256068633,False,6,0,16,park,32,0.84375,0.6824550744643347,0.9313568089337279,1.0,31.028829833750144,0.0,0.9998644370718759,1.0,0.009178721562506098,0.022770899448538145,0.29371909000019514,1.0,0.8928172849426366,1.0,1.0,31.028829833750144,0.0,1.0,1.0,0.024393521375003502,0.024393521375003502,0.7805926840001121
park_16x16_s1,Tabu,3,46,40,2,1.0,2.8238368256068633,2.8238368256068633,False,6,0,16,park,32,0.625,0.45254100589525126,0.7706633153404079,1.0,31.028829833750144,0.0,0.9962662314407649,1.0,0.008187377093747727,0.03844121163576072,0.2619960669999273,1.0,0.8928172849426366,1.0,1.0,31.028829833750144,0.0,1.0,1.0,0.025844254781247855,0.025844254781247855,0.8270161529999314
park_16x16_s1,SQA,0,46,40,2,1.0,2.8238368256068633,2.8238368256068633,False,6,0,16,park,32,0.0,0.0,0.1071827150573635,1.0,31.07655380841293,0.047723974662783775,0.9322703305538479,0.9621981031058561,0.2432147829062501,inf,7.782873053000003,1.0,0.8928172849426366,1.0,1.0,31.028829833750144,0.0,1.0,1.0,0.3019220573437451,0.3019220573437451,9.661505834999844
park_16x16_s1,SQA,1,46,40,2,1.0,2.8238368256068633,2.8238368256068633,False,6,0,16,park,32,0.0,0.0,0.1071827150573635,1.0,31.088006413811996,0.05917658006185178,0.9328106516693058,0.9531265575876138,0.23988011481250737,inf,7.676163674000236,1.0,0.8928172849426366,1.0,1.0,31.028829833750144,0.0,1.0,1.0,0.29813862678125247,0.29813862678125247,9.540436057000079
park_16x16_s1,SQA,2,46,40,2,1.0,2.8238368256068633,2.8238368256068633,False,6,0,16,park,32,0.0,0.0,0.1071827150573635,1.0,31.08015784126572,0.051328007515575536,0.9325688724359842,0.959343368577414,0.24512158453126176,inf,7.843890705000376,1.0,0.8928172849426366,1.0,1.0,31.028829833750144,0.0,1.0,1.0,0.30736388828127303,0.30736388828127303,9.835644425000737
park_16x16_s1,SQA,3,46,40,2,1.0,2.8238368256068633,2.8238368256068633,False,6,0,16,park,32,0.0,0.0,0.1071827150573635,1.0,31.073888736848303,0.045058903098158964,0.937469711088504,0.9643090915810055,0.24136059174999502,inf,7.723538935999841,1.0,0.8928172849426366,1.0,1.0,31.028829833750144,0.0,1.0,1.0,0.3043739828124927,0.3043739828124927,9.739967449999767
park_16x16_s1,Greedy,0,46,40,2,1.0,2.8238368256068633,2.8238368256068633,False,6,0,16,park,32,0.0,0.0,0.1071827150573635,1.0,31.043288117824723,0.014458284074578387,0.9177037618227131,0.9885476729942264,6.34415000035915e-05,inf,0.002030128000114928,1.0,0.8928172849426366,1.0,1.0,31.028829833750144,0.0,1.0,1.0,0.06523522559375294,0.06523522559375294,2.087527219000094
park_16x16_s1,Greedy,1,46,40,2,1.0,2.8238368256068633,2.8238368256068633,False,6,0,16,park,32,0.0,0.0,0.1071827150573635,1.0,31.036657730770376,0.007827897020231234,0.8973112269025596,0.9937995659802511,5.6838718748508654e-05,inf,0.001818838999952277,1.0,0.8928172849426366,1.0,1.0,31.028829833750144,0.0,1.0,1.0,0.06538519337499338,0.06538519337499338,2.092326187999788
park_16x16_s1,Greedy,2,46,40,2,1.0,2.8238368256068633,2.8238368256068633,False,6,0,16,park,32,0.0,0.0,0.1071827150573635,1.0,31.076261622890136,0.04743178913999202,0.893705354539692,0.9624295416455959,6.0908781250645916e-05,inf,0.0019490810000206693,1.0,0.8928172849426366,1.0,1.0,31.028829833750144,0.0,1.0,1.0,0.06510769115624271,0.06510769115624271,2.0834461169997667
park_16x16_s1,Greedy,3,46,40,2,1.0,2.8238368256068633,2.8238368256068633,False,6,0,16,park,32,0.0,0.0,0.1071827150573635,1.0,31.054462547374747,0.025632713624602843,0.8878571366631657,0.9796964690304814,8.443640624022919e-05,inf,0.002701964999687334,1.0,0.8928172849426366,1.0,1.0,31.028829833750144,0.0,1.0,1.0,0.06626682921873339,0.06626682921873339,2.1205385349994685
park_16x16_s1,Random,0,46,40,2,1.0,2.8238368256068633,2.8238368256068633,False,6,0,16,park,32,0.0,0.0,0.1071827150573635,0.0,,,0.0,0.0,8.32478124834779e-06,inf,0.0002663929999471293,1.0,0.8928172849426366,1.0,1.0,31.028829833750144,0.0,1.0,1.0,0.12762638662499626,0.12762638662499626,4.08404437199988
park_16x16_s1,Random,1,46,40,2,1.0,2.8238368256068633,2.8238368256068633,False,6,0,16,park,32,0.0,0.0,0.1071827150573635,0.0,,,0.0,0.0,9.20034375440082e-06,inf,0.0002944110001408262,1.0,0.8928172849426366,1.0,1.0,31.028829833750144,0.0,1.0,1.0,0.12352475440624744,0.12352475440624744,3.952792140999918
park_16x16_s1,Random,2,46,40,2,1.0,2.8238368256068633,2.8238368256068633,False,6,0,16,park,32,0.0,0.0,0.1071827150573635,0.0625,31.320312474651704,0.2914826409015596,0.04805585451366211,0.7691182091254841,1.0224812498904612e-05,inf,0.0003271939999649476,1.0,0.8928172849426366,1.0,1.0,31.028829833750144,0.0,1.0,1.0,0.11741764734374271,0.11741764734374271,3.757364714999767
park_16x16_s1,Random,3,46,40,2,1.0,2.8238368256068633,2.8238368256068633,False,6,0,16,park,32,0.0,0.0,0.1071827150573635,0.03125,31.458060213975862,0.429230380225718,0.02062528078668971,0.6600089851740707,8.567718751351094e-06,inf,0.000274167000043235,1.0,0.8928172849426366,1.0,1.0,31.028829833750144,0.0,1.0,1.0,0.111991365625002,0.111991365625002,3.583723700000064
park_16x16_s1,SQA-fixedT,0,46,40,2,1.0,2.8238368256068633,2.8238368256068633,False,6,0,16,park,32,0.0,0.0,0.1071827150573635,1.0,31.07145419844516,0.042624364695015515,0.9338411252587835,0.9662374760114882,0.3108097594375039,inf,9.945912302000124,1.0,0.8928172849426366,1.0,1.0,31.028829833750144,0.0,1.0,1.0,0.367101995656256,0.367101995656256,11.747263861000192
park_16x16_s1,SQA-fixedT,1,46,40,2,1.0,2.8238368256068633,2.8238368256068633,False,6,0,16,park,32,0.0,0.0,0.1071827150573635,1.0,31.07085544143185,0.04202560768170471,0.9368583295097529,0.9667117481365941,0.31182564368749865,inf,9.978420597999957,1.0,0.8928172849426366,1.0,1.0,31.028829833750144,0.0,1.0,1.0,0.3695234675000023,0.3695234675000023,11.824750960000074
park_16x16_s1,SQA-fixedT,2,46,40,2,1.0,2.8238368256068633,2.8238368256068633,False,6,0,16,park,32,0.0,0.0,0.1071827150573635,1.0,31.06628755509337,0.03745772134322678,0.9323492659335757,0.9703299456905788,0.3122844051562481,inf,9.99310096499994,1.0,0.8928172849426366,1.0,1.0,31.028829833750144,0.0,1.0,1.0,0.3700836019374947,0.3700836019374947,11.84267526199983
park_16x16_s1,SQA-fixedT,3,46,40,2,1.0,2.8238368256068633,2.8238368256068633,False,6,0,16,park,32,0.0,0.0,0.1071827150573635,1.0,31.078869590831353,0.050039757081208336,0.931990146573458,0.9603637846353364,0.30683297490624284,inf,9.81865519699977,1.0,0.8928172849426366,1.0,1.0,31.028829833750144,0.0,1.0,1.0,0.36637732740624074,0.36637732740624074,11.724074476999704
park_16x16_s1,SA-matched,0,46,40,2,1.0,2.8238368256068633,2.8238368256068633,False,6,0,16,park,32,0.0,0.0,0.1071827150573635,1.0,31.074870335044203,0.046040501294058345,0.9349183637389611,0.9635315730684537,0.09828938790624875,inf,3.14526041299996,1.0,0.8928172849426366,1.0,1.0,31.028829833750144,0.0,1.0,1.0,0.15493437812499167,0.15493437812499167,4.957900099999733
park_16x16_s1,SA-matched,1,46,40,2,1.0,2.8238368256068633,2.8238368256068633,False,6,0,16,park,32,0.0,0.0,0.1071827150573635,1.0,31.06213103107899,0.0333011973288464,0.9347251711226223,0.9736223054183651,0.0950826352499945,inf,3.042644327999824,1.0,0.8928172849426366,1.0,1.0,31.028829833750144,0.0,1.0,1.0,0.1564821529062499,0.1564821529062499,5.007428892999997
park_16x16_s1,SA-matched,2,46,40,2,1.0,2.8238368256068633,2.8238368256068633,False,6,0,16,park,32,0.0,0.0,0.1071827150573635,1.0,31.079232093834825,0.05040226008468096,0.9357116659284006,0.9600766480073016,0.09523464771874046,inf,3.0475087269996948,1.0,0.8928172849426366,1.0,1.0,31.028829833750144,0.0,1.0,1.0,0.15351554528123756,0.15351554528123756,4.912497448999602
park_16x16_s1,SA-matched,3,46,40,2,1.0,2.8238368256068633,2.8238368256068633,False,6,0,16,park,32,0.0,0.0,0.1071827150573635,1.0,31.074170622140333,0.04534078839018818,0.9336040167933068,0.9640858117971954,0.0967304410937544,inf,3.0953741150001406,1.0,0.8928172849426366,1.0,1.0,31.028829833750144,0.0,1.0,1.0,0.15321516753125763,0.15321516753125763,4.902885361000244
park_16x16_s2,SA,0,46,40,2,1.0,3.1000933865696276,3.1000933865696276,False,6,0,16,park,32,0.0,0.0,0.1071827150573635,1.0,31.187074017703637,0.06584049100004208,0.9118307532452368,0.9470207631816376,0.0055559304687449185,inf,0.1777897749998374,1.0,0.8928172849426366,1.0,1.0,31.121233526703595,0.0,1.0,1.0,0.07409321890624199,0.07409321890624199,2.3709830049997436
park_16x16_s2,SA,1,46,40,2,1.0,3.1000933865696276,3.1000933865696276,False,6,0,16,park,32,0.0,0.0,0.1071827150573635,1.0,31.172745773498697,0.05151224679510236,0.9141715265815179,0.9585501341112126,0.0055779615937439075,inf,0.17849477099980504,1.0,0.8928172849426366,1.0,1.0,31.121233526703595,0.0,1.0,1.0,0.071388822374999,0.071388822374999,2.284442315999968
park_16x16_s2,SA,2,46,40,2,1.0,3.1000933865696276,3.1000933865696276,False,6,0,16,park,32,0.0,0.0,0.1071827150573635,1.0,31.18576311310897,0.06452958640537432,0.9171526158974045,0.948075596216937,0.005617845812494693,inf,0.17977106599983017,1.0,0.8928172849426366,1.0,1.0,31.121233526703595,0.0,1.0,1.0,0.07155114634375082,0.07155114634375082,2.289636683000026
park_16x16_s2,SA,3,46,40,2,1.0,3.1000933865696276,3.1000933865696276,False,6,0,16,park,32,0.0,0.0,0.1071827150573635,1.0,31.172827406769887,0.051593880066292286,0.9198500935917401,0.9584844470493311,0.005574243624991482,inf,0.17837579599972742,1.0,0.8928172849426366,1.0,1.0,31.121233526703595,0.0,1.0,1.0,0.06971335987499572,0.06971335987499572,2.230827515999863
park_16x16_s2,Tabu,0,46,40,2,1.0,3.1000933865696276,3.1000933865696276,False,6,0,16,park,32,0.6875,0.514330003019676,0.8204764788338126,1.0,31.121233526703595,0.0,0.9997930991379821,1.0,0.009652433968753371,0.03821611158276875,0.3088778870001079,1.0,0.8928172849426366,1.0,1.0,31.121233526703595,0.0,1.0,1.0,0.026071788249993233,0.026071788249993233,0.8342972239997835
park_16x16_s2,Tabu,1,46,40,2,1.0,3.1000933865696276,3.1000933865696276,False,6,0,16,park,32,0.65625,0.4831077350878594,0.7958976664567146,1.0,31.121233526703595,0.0,0.9997445092339607,1.0,0.00979522618749229,0.04224289874004139,0.31344723799975327,1.0,0.8928172849426366,1.0,1.0,31.121233526703595,0.0,1.0,1.0,0.026835127156232375,0.026835127156232375,0.858724068999436
park_16x16_s2,Tabu,2,46,40,2,1.0,3.1000933865696276,3.1000933865696276,False,6,0,16,park,32,0.75,0.5789310822975338,0.8674775601737845,1.0,31.121233526703595,0.0,0.9998338122332044,1.0,0.009072052343753967,0.030136705559005043,0.29030567500012694,1.0,0.8928172849426366,1.0,1.0,31.121233526703595,0.0,1.0,1.0,0.02549668475000999,0.02549668475000999,0.8158939120003197
park_16x16_s2,Tabu,3,46,40,2,1.0,3.1000933865696276,3.1000933865696276,False,6,0,16,park,32,0.65625,0.4831077350878594,0.7958976664567146,1.0,31.121233526703595,0.0,0.9967208421099478,1.0,0.008683173531238708,0.03744705974127492,0.27786155299963866,1.0,0.8928172849426366,1.0,1.0,31.121233526703595,0.0,1.0,1.0,0.0268153159687472,0.0268153159687472,0.8580901109999104
park_16x16_s2,SQA,0,46,40,2,1.0,3.1000933865696276,3.1000933865696276,False,6,0,16,park,32,0.0,0.0,0.1071827150573635,1.0,31.154382154312678,0.03314862760908355,0.948698111237156,0.9733266115481396,0.24291865840623927,inf,7.773397068999657,1.0,0.8928172849426366,1.0,1.0,31.121233526703595,0.0,1.0,1.0,0.29992462009374776,0.29992462009374776,9.597587842999928
park_16x16_s2,SQA,1,46,40,2,1.0,3.1000933865696276,3.1000933865696276,False,6,0,16,park,32,0.0,0.0,0.1071827150573635,1.0,31.16392094011107,0.042687413407474395,0.9459231847860909,0.9656511282080736,0.2419942005312521,inf,7.743814417000067,1.0,0.8928172849426366,1.0,1.0,31.121233526703595,0.0,1.0,1.0,0.3019515902187493,0.3019515902187493,9.662450886999977
park_16x16_s2,SQA,2,46,40,2,1.0,3.1000933865696276,3.1000933865696276,False,6,0,16,park,32,0.0,0.0,0.1071827150573635,1.0,31.157258465252983,0.03602493854938871,0.9497304973588896,0.9710121579929621,0.24309734068749833,inf,7.779114901999947,1.0,0.8928172849426366,1.0,1.0,31.121233526703595,0.0,1.0,1.0,0.3004739117812534,0.3004739117812534,9.615165177000108
park_16x16_s2,SQA,3,46,40,2,1.0,3.1000933865696276,3.1000933865696276,False,6,0,16,park,32,0.0,0.0,0.1071827150573635,1.0,31.165801578704045,0.04456805200045011,0.9471764308377919,0.9641378527772002,0.24170909224999093,inf,7.73469095199971,1.0,0.8928172849426366,1.0,1.0,31.121233526703595,0.0,1.0,1.0,0.3052412919687413,0.3052412919687413,9.767721342999721
park_16x16_s2,Greedy,0,46,40,2,1.0,3.1000933865696276,3.1000933865696276,False,6,0,16,park,32,0.0,0.0,0.1071827150573635,1.0,31.144062858511962,0.022829331808367215,0.9314389692593135,0.981630140390665,6.33438749986226e-05,inf,0.002027003999955923,1.0,0.8928172849426366,1.0,1.0,31.121233526703595,0.0,1.0,1.0,0.06436012134373925,0.06436012134373925,2.059523882999656
park_16x16_s2,Greedy,1,46,40,2,1.0,3.1000933865696276,3.1000933865696276,False,6,0,16,park,32,0.0,0.0,0.1071827150573635,1.0,31.133588630864086,0.012355104160491237,0.9325598341463465,0.9900583367576378,6.0121093753195964e-05,inf,0.0019238750001022709,1.0,0.8928172849426366,1.0,1.0,31.121233526703595,0.0,1.0,1.0,0.0614758787187526,0.0614758787187526,1.967228119000083
park_16x16_s2,Greedy,2,46,40,2,1.0,3.1000933865696276,3.1000933865696276,False,6,0,16,park,32,0.0,0.0,0.1071827150573635,1.0,31.14848047649963,0.027246949796033704,0.9215778663506635,0.978075458066964,6.623062499500065e-05,inf,0.002119379999840021,1.0,0.8928172849426366,1.0,1.0,31.121233526703595,0.0,1.0,1.0,0.06550871553125148,0.06550871553125148,2.0962788970000474
park_16x16_s2,Greedy,3,46,40,2,1.0,3.1000933865696276,3.1000933865696276,False,6,0,16,park,32,0.0,0.0,0.1071827150573635,1.0,31.15822027849888,0.03698675179528621,0.9151024230590905,0.9702382249472713,5.5148281248307285e-05,inf,0.0017647449999458331,1.0,0.8928172849426366,1.0,1.0,31.121233526703595,0.0,1.0,1.0,0.06625985481250041,0.06625985481250041,2.120315354000013
park_16x16_s2,Random,0,46,40,2,1.0,3.1000933865696276,3.1000933865696276,False,6,0,16,park,32,0.0,0.0,0.1071827150573635,0.0,,,0.0,0.0,8.853718739487704e-06,inf,0.0002833189996636065,1.0,0.8928172849426366,1.0,1.0,31.121233526703595,0.0,1.0,1.0,0.12518276706248344,0.12518276706248344,4.00584854599947
park_16x16_s2,Random,1,46,40,2,1.0,3.1000933865696276,3.1000933865696276,False,6,0,16,park,32,0.0,0.0,0.1071827150573635,0.0,,,0.0,0.0,7.993468742029108e-06,inf,0.00025579099974493147,1.0,0.8928172849426366,1.0,1.0,31.121233526703595,0.0,1.0,1.0,0.11924223453124227,0.11924223453124227,3.815751504999753
park_16x16_s2,Random,2,46,40,2,1.0,3.1000933865696276,3.1000933865696276,False,6,0,16,park,32,0.0,0.0,0.1071827150573635,0.0625,31.271659135827086,0.15042560912349145,0.04959545315295998,0.8789584669212935,8.185406244365367e-06,inf,0.00026193299981969176,1.0,0.8928172849426366,1.0,1.0,31.121233526703595,0.0,1.0,1.0,0.11944408918749616,0.11944408918749616,3.822210853999877
park_16x16_s2,Random,3,46,40,2,1.0,3.1000933865696276,3.1000933865696276,False,6,0,16,park,32,0.0,0.0,0.1071827150573635,0.03125,31.40842307546564,0.28718954876204705,0.02402843557753968,0.7689099384812698,8.172906248660183e-06,inf,0.00026153299995712587,1.0,0.8928172849426366,1.0,1.0,31.121233526703595,0.0,1.0,1.0,0.11399693384375098,0.11399693384375098,3.6479018830000314
park_16x16_s2,SQA-fixedT,0,46,40,2,1.0,3.1000933865696276,3.1000933865696276,False,6,0,16,park,32,0.0,0.0,0.1071827150573635,1.0,31.16451077002932,0.04327724332572558,0.9454814925009025,0.9651765154212163,0.30642976006249967,inf,9.80575232199999,1.0,0.8928172849426366,1.0,1.0,31.121233526703595,0.0,1.0,1.0,0.3640586069374905,0.3640586069374905,11.649875421999695
park_16x16_s2,SQA-fixedT,1,46,40,2,1.0,3.1000933865696276,3.1000933865696276,False,6,0,16,park,32,0.0,0.0,0.1071827150573635,1.0,31.151284954787968,0.030051428084373555,0.9482674502669919,0.9758188054033347,0.31140858056249954,inf,9.965074577999985,1.0,0.8928172849426366,1.0,1.0,31.121233526703595,0.0,1.0,1.0,0.3729970983124957,0.3729970983124957,11.935907145999863
park_16x16_s2,SQA-fixedT,2,46,40,2,1.0,3.1000933865696276,3.1000933865696276,False,6,0,16,park,32,0.0,0.0,0.1071827150573635,1.0,31.164678745715985,0.04344521901239062,0.9478035334636782,0.965041352035458,0.3154392653437412,inf,10.09405649099972,1.0,0.8928172849426366,1.0,1.0,31.121233526703595,0.0,1.0,1.0,0.37896496499999444,0.37896496499999444,12.126878879999822
park_16x16_s2,SQA-fixedT,3,46,40,2,1.0,3.1000933865696276,3.1000933865696276,False,6,0,16,park,32,0.0,0.0,0.1071827150573635,1.0,31.149729646760516,0.02849612005692137,0.9475012067993334,0.9770703002063098,0.3140466978125005,inf,10.049494330000016,1.0,0.8928172849426366,1.0,1.0,31.121233526703595,0.0,1.0,1.0,0.38031381187499846,0.38031381187499846,12.17004197999995
park_16x16_s2,SA-matched,0,46,40,2,1.0,3.1000933865696276,3.1000933865696276,False,6,0,16,park,32,0.0,0.0,0.1071827150573635,1.0,31.163993790137944,0.042760263434349355,0.9479106662712609,0.9655925086752085,0.09530756031249155,inf,3.0498419299997295,1.0,0.8928172849426366,1.0,1.0,31.121233526703595,0.0,1.0,1.0,0.15050946356248573,0.15050946356248573,4.8163028339995435
park_16x16_s2,SA-matched,1,46,40,2,1.0,3.1000933865696276,3.1000933865696276,False,6,0,16,park,32,0.0,0.0,0.1071827150573635,1.0,31.15295928162432,0.031725754920724825,0.9498420602908069,0.9744715408761861,0.09795207243750781,inf,3.13446631800025,1.0,0.8928172849426366,1.0,1.0,31.121233526703595,0.0,1.0,1.0,0.1566612378125143,0.1566612378125143,5.013159610000457
park_16x16_s2,SA-matched,2,46,40,2,1.0,3.1000933865696276,3.1000933865696276,False,6,0,16,park,32,0.0,0.0,0.1071827150573635,1.0,31.157973636066977,0.036740109363382345,0.9488760907653276,0.970436688348908,0.09340874906250463,inf,2.989079970000148,1.0,0.8928172849426366,1.0,1.0,31.121233526703595,0.0,1.0,1.0,0.15047648918751122,0.15047648918751122,4.815247654000359
park_16x16_s2,SA-matched,3,46,40,2,1.0,3.1000933865696276,3.1000933865696276,False,6,0,16,park,32,0.0,0.0,0.1071827150573635,1.0,31.152550478209992,0.03131695150639757,0.9492985233215236,0.9748004888012523,0.10061556034374064,inf,3.2196979309997005,1.0,0.8928172849426366,1.0,1.0,31.121233526703595,0.0,1.0,1.0,0.16145355828125219,0.16145355828125219,5.16651386500007
mix+equity_8x8_s0,SA,0,44,27,2,1.0,5.114151929995127,5.114151929995127,False,17,0,8,mix+equity,32,0.0,0.0,0.1071827150573635,0.96875,30.498859145346067,0.23144336894757345,0.6194103159895189,0.8346848373282538,0.00464812756248989,inf,0.14874008199967648,0.0,0.0,0.1071827150573635,1.0,30.423249769237163,0.1558339928386694,0.7802517182740267,0.8886910349038866,0.020785506843736812,inf,0.665136218999578
mix+equity_8x8_s0,SA,1,44,27,2,1.0,5.114151929995127,5.114151929995127,False,17,0,8,mix+equity,32,0.0,0.0,0.1071827150573635,0.96875,30.42203822225492,0.15462244585642537,0.6129371793096932,0.8895564175992945,0.004603197250006019,inf,0.14730231200019261,0.0,0.0,0.1071827150573635,1.0,30.41265305161436,0.14523727521586594,0.7567619838220234,0.8962600488945062,0.019385306906244182,inf,0.6203298209998138
mix+equity_8x8_s0,SA,2,44,27,2,1.0,5.114151929995127,5.114151929995127,False,17,0,8,mix+equity,32,0.0,0.0,0.1071827150573635,1.0,30.432470493706383,0.16505471730788912,0.7102730361011295,0.8821048640729319,0.004440665375000208,inf,0.14210129200000665,0.0,0.0,0.1071827150573635,1.0,30.423249769237163,0.1558339928386694,0.8100370482591858,0.8886910349038866,0.01841559000000359,inf,0.5892988800001149
mix+equity_8x8_s0,SA,3,44,27,2,1.0,5.114151929995127,5.114151929995127,False,17,0,8,mix+equity,32,0.0,0.0,0.1071827150573635,1.0,30.45698879729857,0.18957302090007744,0.6249217633876075,0.8645919521013816,0.004402183218743971,inf,0.14086986299980708,0.03125,0.005537717362550945,0.15744607800372734,1.0,30.267415776398494,0.0,0.7777067050903245,1.0,0.019028526499994314,2.7601006520892555,0.608912847999818
mix+equity_8x8_s0,Tabu,0,44,27,2,1.0,5.114151929995127,5.114151929995127,False,17,0,8,mix+equity,32,0.0,0.0,0.1071827150573635,1.0,30.460024167822546,0.19260839142405217,0.7430926032573727,0.8624238503570039,0.004340462187499838,inf,0.13889478999999483,0.0,0.0,0.1071827150573635,1.0,30.41265305161436,0.14523727521586594,0.7676017269506017,0.8962600488945062,0.014002999187496812,inf,0.448095973999898
mix+equity_8x8_s0,Tabu,1,44,27,2,1.0,5.114151929995127,5.114151929995127,False,17,0,8,mix+equity,32,0.0,0.0,0.1071827150573635,1.0,30.431607073640663,0.1641912972421693,0.7304750402803634,0.8827215869856149,0.004255119249990003,inf,0.13616381599968008,0.0,0.0,0.1071827150573635,1.0,30.42440495190487,0.15698917550637503,0.7543065026699618,0.88786591206068,0.013655126218736768,inf,0.4369640389995766
mix+equity_8x8_s0,Tabu,2,44,27,2,1.0,5.114151929995127,5.114151929995127,False,17,0,8,mix+equity,32,0.0,0.0,0.1071827150573635,1.0,30.438328492493742,0.17091271609524838,0.7315442919738537,0.8779206179358885,0.0040437452812511765,inf,0.12939984900003765,0.0,0.0,0.1071827150573635,1.0,30.429945568273524,0.16252979187503058,0.7727014728508971,0.8839083655539425,0.014660949031252812,inf,0.46915036900009
mix+equity_8x8_s0,Tabu,3,44,27,2,1.0,5.114151929995127,5.114151929995127,False,17,0,8,mix+equity,32,0.0,0.0,0.1071827150573635,1.0,30.43513300683426,0.16771723043576614,0.7342751091025721,0.8802030865761207,0.004091178437505505,inf,0.13091771000017616,0.0,0.0,0.1071827150573635,1.0,30.41265305161436,0.14523727521586594,0.7837537945240081,0.8962600488945062,0.015629286937496545,inf,0.5001371819998894
mix+equity_8x8_s0,SQA,0,44,27,2,1.0,5.114151929995127,5.114151929995127,False,17,0,8,mix+equity,32,0.0,0.0,0.1071827150573635,1.0,30.34033216831073,0.07291639191223709,0.8379586182487123,0.947917344768954,0.17951702862499985,inf,5.744544915999995,0.09375,0.032400962626319516,0.24218499335778831,1.0,30.267415776398494,0.0,0.8798684211009227,1.0,0.19248520421875526,9.004738602679145,6.159526535000168
mix+equity_8x8_s0,SQA,1,44,27,2,1.0,5.114151929995127,5.114151929995127,False,17,0,8,mix+equity,32,0.0,0.0,0.1071827150573635,1.0,30.366416761788127,0.0990009853896332,0.8382974692001871,0.9292856646583914,0.17579920537500016,inf,5.625574572000005,0.09375,0.032400962626319516,0.24218499335778831,1.0,30.267415776398494,0.0,0.8816090573282276,1.0,0.18853698521874662,8.820035159183279,6.033183526999892
mix+equity_8x8_s0,SQA,2,44,27,2,1.0,5.114151929995127,5.114151929995127,False,17,0,8,mix+equity,32,0.0,0.0,0.1071827150573635,1.0,30.356808326646735,0.08939255024824178,0.8499898060555005,0.9361487691216687,0.17780881309374763,inf,5.689882018999924,0.1875,0.08889423936162782,0.3530949575492244,1.0,30.267415776398494,0.0,0.8942907252938781,1.0,0.18910519215623367,4.194106420348099,6.0513661489994774
mix+equity_8x8_s0,SQA,3,44,27,2,1.0,5.114151929995127,5.114151929995127,False,17,0,8,mix+equity,32,0.0,0.0,0.1071827150573635,1.0,30.349990992661223,0.0825752162627289,0.841661951448437,0.941018248346446,0.17352350834374874,inf,5.55275226699996,0.15625,0.06864319106627216,0.31754492553566527,1.0,30.267415776398494,0.0,0.884687322996964,1.0,0.1858528271562534,5.037603006733241,5.947290469000109
mix+equity_8x8_s0,Greedy,0,44,27,2,1.0,5.114151929995127,5.114151929995127,False,17,0,8,mix+equity,32,0.0,0.0,0.1071827150573635,0.28125,30.57376765052231,0.30635187412381626,0.19979623123337054,0.7811792572158548,5.073684374679033e-05,inf,0.0016235789998972905,0.03125,0.005537717362550945,0.15744607800372734,0.96875,30.267415776398494,0.0,0.7988427979058453,1.0,0.016103106562496805,2.3357665094994866,0.5152994099998978
mix+equity_8x8_s0,Greedy,1,44,27,2,1.0,5.114151929995127,5.114151929995127,False,17,0,8,mix+equity,32,0.0,0.0,0.1071827150573635,0.3125,30.459681196956524,0.1922654205580301,0.22973990629496227,0.8626688272805854,4.919159376015614e-05,inf,0.0015741310003249964,0.03125,0.005537717362550945,0.15744607800372734,1.0,30.267415776398494,0.0,0.8019135043442936,1.0,0.017823229718771927,2.5852715379266855,0.5703433510007017
mix+equity_8x8_s0,Greedy,2,44,27,2,1.0,5.114151929995127,5.114151929995127,False,17,0,8,mix+equity,32,0.0,0.0,0.1071827150573635,0.46875,30.460332860673457,0.19291708427496346,0.3374688709370095,0.8622033575034127,4.913493749825193e-05,inf,0.0015723179999440617,0.09375,0.032400962626319516,0.24218499335778831,1.0,30.267415776398494,0.0,0.8648465700651577,1.0,0.017575148656248984,0.8221910883752452,0.5624047569999675
mix+equity_8x8_s0,Greedy,3,44,27,2,1.0,5.114151929995127,5.114151929995127,False,17,0,8,mix+equity,32,0.0,0.0,0.1071827150573635,0.46875,30.485315927345436,0.21790015094694226,0.3290381752710775,0.8443584749747073,5.1747499995258295e-05,inf,0.0016559199998482654,0.0625,0.017310203195157234,0.2014746724800358,1.0,30.267415776398494,0.0,0.8206426631710741,1.0,0.016012871031250597,1.1426043696910593,0.5124118730000191
mix+equity_8x8_s0,Random,0,44,27,2,1.0,5.114151929995127,5.114151929995127,False,17,0,8,mix+equity,32,0.0,0.0,0.1071827150573635,0.0,,,0.0,0.0,6.901749998178275e-06,inf,0.0002208559999417048,0.03125,0.005537717362550945,0.15744607800372734,1.0,30.267415776398494,0.0,0.8134394253078194,1.0,0.03536903596874197,5.130302613874081,1.131809150999743
mix+equity_8x8_s0,Random,1,44,27,2,1.0,5.114151929995127,5.114151929995127,False,17,0,8,mix+equity,32,0.0,0.0,0.1071827150573635,0.0,,,0.0,0.0,8.240687492389043e-06,inf,0.00026370199975644937,0.0625,0.017310203195157234,0.2014746724800358,1.0,30.267415776398494,0.0,0.8148821607180841,1.0,0.03751341962500021,2.6767840134307264,1.2004294280000067
mix+equity_8x8_s0,Random,2,44,27,2,1.0,5.114151929995127,5.114151929995127,False,17,0,8,mix+equity,32,0.0,0.0,0.1071827150573635,0.0,,,0.0,0.0,6.622093749797386e-06,inf,0.00021190699999351637,0.03125,0.005537717362550945,0.15744607800372734,1.0,30.267415776398494,0.0,0.8222602895678129,1.0,0.037848655468749826,5.489973101176761,1.2111569749999944
mix+equity_8x8_s0,Random,3,44,27,2,1.0,5.114151929995127,5.114151929995127,False,17,0,8,mix+equity,32,0.0,0.0,0.1071827150573635,0.0,,,0.0,0.0,6.8378124922219286e-06,inf,0.00021880999975110171,0.0625,0.017310203195157234,0.2014746724800358,0.9375,30.267415776398494,0.0,0.7657780003992658,1.0,0.036207924156244076,2.58362989857515,1.1586535729998104
mix+equity_8x8_s0,SQA-fixedT,0,44,27,2,1.0,5.114151929995127,5.114151929995127,False,17,0,8,mix+equity,32,0.0,0.0,0.1071827150573635,0.78125,30.45105308929083,0.18363731289233698,0.5375872871861409,0.8688317043108903,0.23102745618749054,inf,7.392878597999697,0.0,0.0,0.1071827150573635,1.0,30.41265305161436,0.14523727521586594,0.8362022460706442,0.8962600488945062,0.24821829665624762,inf,7.942985492999924
mix+equity_8x8_s0,SQA-fixedT,1,44,27,2,1.0,5.114151929995127,5.114151929995127,False,17,0,8,mix+equity,32,0.0,0.0,0.1071827150573635,0.78125,30.333833258169445,0.06641748177095153,0.5247692151848735,0.9525593804949334,0.22717326278124972,inf,7.269544408999991,0.15625,0.06864319106627216,0.31754492553566527,1.0,30.267415776398494,0.0,0.851044914906846,1.0,0.24441087971875675,6.6248385961563665,7.821148151000216
mix+equity_8x8_s0,SQA-fixedT,2,44,27,2,1.0,5.114151929995127,5.114151929995127,False,17,0,8,mix+equity,32,0.0,0.0,0.1071827150573635,0.625,30.43403143565048,0.16661565925198474,0.3887364594658448,0.8809899158565162,0.22374637112500295,inf,7.1598838760000945,0.03125,0.005537717362550945,0.15744607800372734,0.96875,30.267415776398494,0.0,0.7772954976401817,1.0,0.24078100146876125,34.92544728383622,7.70499204700036
mix+equity_8x8_s0,SQA-fixedT,3,44,27,2,1.0,5.114151929995127,5.114151929995127,False,17,0,8,mix+equity,32,0.0,0.0,0.1071827150573635,0.78125,30.50554712960762,0.23813135320912693,0.5149703103766036,0.8299077499086733,0.22748236959374424,inf,7.279435826999816,0.03125,0.005537717362550945,0.15744607800372734,1.0,30.267415776398494,0.0,0.8185602677668917,1.0,0.24511013925000213,35.55339165004822,7.843524456000068
mix+equity_8x8_s0,SA-matched,0,44,27,2,1.0,5.114151929995127,5.114151929995127,False,17,0,8,mix+equity,32,0.0,0.0,0.1071827150573635,1.0,30.41775496918697,0.15033919278847563,0.8177577539975048,0.8926158557716309,0.07790210384375484,inf,2.492867323000155,0.1875,0.08889423936162782,0.3530949575492244,1.0,30.267415776398494,0.0,0.8830869994813848,1.0,0.09579827878125968,2.1246808271812636,3.06554492100031
mix+equity_8x8_s0,SA-matched,1,44,27,2,1.0,5.114151929995127,5.114151929995127,False,17,0,8,mix+equity,32,0.0,0.0,0.1071827150573635,1.0,30.43968939407716,0.1722736176786661,0.8026339228259514,0.8769485543694706,0.07477838793749925,inf,2.392908413999976,0.1875,0.08889423936162782,0.3530949575492244,1.0,30.267415776398494,0.0,0.890129602945424,1.0,0.08771838362500262,1.945479295144005,2.8069882760000837
mix+equity_8x8_s0,SA-matched,2,44,27,2,1.0,5.114151929995127,5.114151929995127,False,17,0,8,mix+equity,32,0.0,0.0,0.1071827150573635,1.0,30.34058672053109,0.0731709441325954,0.8312684567609685,0.9477355234365548,0.07771433050000098,inf,2.4868585760000315,0.21875,0.11023696931531854,0.3875533079044484,1.0,30.267415776398494,0.0,0.8975406703728177,1.0,0.09400217099999963,1.7536087606171364,3.0080694719999883
mix+equity_8x8_s0,SA-matched,3,44,27,2,1.0,5.114151929995127,5.114151929995127,False,17,0,8,mix+equity,32,0.0,0.0,0.1071827150573635,1.0,30.361267936294748,0.0938521598962545,0.807390337923685,0.9329633631289798,0.07365341099999512,inf,2.3569091519998437,0.09375,0.032400962626319516,0.24218499335778831,1.0,30.267415776398494,0.0,0.8776081154989388,1.0,0.08824756859375782,4.128349972321449,2.82392219500025
mix+equity_8x8_s1,SA,0,42,27,2,1.0,4.394693758901496,4.394693758901496,False,15,0,8,mix+equity,32,0.0,0.0,0.1071827150573635,0.9375,30.49296655911875,0.2128600133600287,0.6188091229082615,0.8393801669245488,0.0044111908750039674,inf,0.14115810800012696,0.03125,0.005537717362550945,0.15744607800372734,1.0,30.28010654575872,0.0,0.8291493232432836,1.0,0.022719047812501003,3.295413267136041,0.7270095300000321
mix+equity_8x8_s1,SA,1,42,27,2,1.0,4.394693758901496,4.394693758901496,False,15,0,8,mix+equity,32,0.0,0.0,0.1071827150573635,0.9375,30.481041012499265,0.20093446674054505,0.5947035598243906,0.8483789416456381,0.0043272452812459505,inf,0.13847184899987042,0.0625,0.017310203195157234,0.2014746724800358,1.0,30.28010654575872,0.0,0.8319272867216854,1.0,0.0208607688124971,1.4885279194316103,0.6675446019999072
mix+equity_8x8_s1,SA,2,42,27,2,1.0,4.394693758901496,4.394693758901496,False,15,0,8,mix+equity,32,0.0,0.0,0.1071827150573635,1.0,30.431328529773992,0.15122198401527243,0.6331298370649464,0.885890969156386,0.004316284343758525,inf,0.1381210990002728,0.15625,0.06864319106627216,0.31754492553566527,1.0,30.28010654575872,0.0,0.8468664554623206,1.0,0.020026821312512766,0.5428336862177731,0.6408582820004085
mix+equity_8x8_s1,SA,3,42,27,2,1.0,4.394693758901496,4.394693758901496,False,15,0,8,mix+equity,32,0.0,0.0,0.1071827150573635,1.0,30.472851063688655,0.19274451792993474,0.6496620631903642,0.854558910302465,0.004300533999995082,inf,0.13761708799984262,0.125,0.04970053844474301,0.2806864978482796,1.0,30.28010654575872,0.0,0.8654228686242207,1.0,0.02038752487499096,0.7031157233895028,0.6524007959997107
mix+equity_8x8_s1,Tabu,0,42,27,2,1.0,4.394693758901496,4.394693758901496,False,15,0,8,mix+equity,32,0.0,0.0,0.1071827150573635,1.0,30.471135415338733,0.19102886958001264,0.7055820605703349,0.855853503623356,0.004342985750000139,inf,0.13897554400000445,0.0,0.0,0.1071827150573635,1.0,30.405050484590454,0.12494393883173416,0.7476497217053762,0.9057198471325896,0.01405369425000913,inf,0.44971821600029216
mix+equity_8x8_s1,Tabu,1,42,27,2,1.0,4.394693758901496,4.394693758901496,False,15,0,8,mix+equity,32,0.0,0.0,0.1071827150573635,1.0,30.479714176088624,0.19960763032990414,0.6806112199502418,0.8493801453918538,0.004176012000002061,inf,0.13363238400006594,0.0625,0.017310203195157234,0.2014746724800358,1.0,30.28010654575872,0.0,0.7371169595908622,1.0,0.013842832000008798,0.9877604272988382,0.44297062400028153
mix+equity_8x8_s1,Tabu,2,42,27,2,1.0,4.394693758901496,4.394693758901496,False,15,0,8,mix+equity,32,0.0,0.0,0.1071827150573635,1.0,30.352808959506692,0.07270241374797237,0.7162189624249131,0.9451402385255392,0.003982603124995876,inf,0.12744329999986803,0.0625,0.017310203195157234,0.2014746724800358,1.0,30.28010654575872,0.0,0.7745132129570746,1.0,0.01435813575000111,1.0245301180876,0.45946034400003555
mix+equity_8x8_s1,Tabu,3,42,27,2,1.0,4.394693758901496,4.394693758901496,False,15,0,8,mix+equity,32,0.0,0.0,0.1071827150573635,1.0,30.474285392556975,0.19417884679825548,0.6995016646216374,0.8534765949358145,0.0040371719687612995,inf,0.12918950300036158,0.0,0.0,0.1071827150573635,1.0,30.405050484590454,0.12494393883173416,0.777885296544163,0.9057198471325896,0.015328044500023452,inf,0.49049742400075047
mix+equity_8x8_s1,SQA,0,42,27,2,1.0,4.394693758901496,4.394693758901496,False,15,0,8,mix+equity,32,0.0,0.0,0.1071827150573635,1.0,30.411309907753914,0.131203361995194,0.825925413145619,0.9009966138310721,0.17253299896874807,inf,5.521055966999938,0.25,0.1325224398262155,0.42106891770246624,1.0,30.28010654575872,0.0,0.8983796227284773,1.0,0.18592666521874435,2.976285342177741,5.949653286999819
mix+equity_8x8_s1,SQA,1,42,27,2,1.0,4.394693758901496,4.394693758901496,False,15,0,8,mix+equity,32,0.0,0.0,0.1071827150573635,1.0,30.288890412842843,0.008783867084122932,0.8334666318889261,0.993371872703858,0.17742592568750126,inf,5.67762962200004,0.15625,0.06864319106627216,0.31754492553566527,1.0,30.28010654575872,0.0,0.8891988239999438,1.0,0.18996674581249806,5.149112147106611,6.078935865999938
mix+equity_8x8_s1,SQA,2,42,27,2,1.0,4.394693758901496,4.394693758901496,False,15,0,8,mix+equity,32,0.0,0.0,0.1071827150573635,1.0,30.352478251448545,0.0723717056898252,0.829864362352545,0.945389784094281,0.17394898074999787,inf,5.566367383999932,0.40625,0.255194024803138,0.5774027342701177,1.0,30.28010654575872,0.0,0.9208774280287475,1.0,0.18789993403125038,1.659919970597331,6.012797889000012
mix+equity_8x8_s1,SQA,3,42,27,2,1.0,4.394693758901496,4.394693758901496,False,15,0,8,mix+equity,32,0.0,0.0,0.1071827150573635,1.0,30.349753204154478,0.06964665839575801,0.8571720195746391,0.9474460493109681,0.17502424934374972,inf,5.600775978999991,0.21875,0.11023696931531854,0.3875533079044484,1.0,30.28010654575872,0.0,0.9120883275042042,1.0,0.1881042060625049,3.5090804834724607,6.019334594000156
mix+equity_8x8_s1,Greedy,0,42,27,2,1.0,4.394693758901496,4.394693758901496,False,15,0,8,mix+equity,32,0.0,0.0,0.1071827150573635,0.375,30.47696581922298,0.19685927346425913,0.251161916808465,0.8514539995367608,4.9867093750322056e-05,inf,0.0015957470000103058,0.03125,0.005537717362550945,0.15744607800372734,1.0,30.28010654575872,0.0,0.8262757721860736,1.0,0.017629393406252802,2.557155449558899,0.5641405890000897
mix+equity_8x8_s1,Greedy,1,42,27,2,1.0,4.394693758901496,4.394693758901496,False,15,0,8,mix+equity,32,0.0,0.0,0.1071827150573635,0.40625,30.484606483209433,0.20449993745071282,0.24851201978016596,0.8456885100269296,4.938490624795122e-05,inf,0.001580316999934439,0.0625,0.017310203195157234,0.2014746724800358,0.96875,30.28010654575872,0.0,0.8020352263609715,1.0,0.01654724140624353,1.1807345666000821,0.5295117249997929
mix+equity_8x8_s1,Greedy,2,42,27,2,1.0,4.394693758901496,4.394693758901496,False,15,0,8,mix+equity,32,0.0,0.0,0.1071827150573635,0.34375,30.480170149400003,0.20006360364128284,0.21239129527419393,0.8490360772129393,4.685537500392911e-05,inf,0.0014993720001257316,0.0,0.0,0.1071827150573635,1.0,30.405050484590454,0.12494393883173416,0.8170874378724471,0.9057198471325896,0.0169611163125154,inf,0.5427557220004928
mix+equity_8x8_s1,Greedy,3,42,27,2,1.0,4.394693758901496,4.394693758901496,False,15,0,8,mix+equity,32,0.0,0.0,0.1071827150573635,0.34375,30.531533088737646,0.2514265429789262,0.20733712623793904,0.8102786487394052,4.4109781242696045e-05,inf,0.0014115129997662734,0.125,0.04970053844474301,0.2806864978482796,1.0,30.28010654575872,0.0,0.8302017530244404,1.0,0.01813871909375564,0.6255599281995059,0.5804390110001805
mix+equity_8x8_s1,Random,0,42,27,2,1.0,4.394693758901496,4.394693758901496,False,15,0,8,mix+equity,32,0.0,0.0,0.1071827150573635,0.0,,,0.0,0.0,7.975156250950022e-06,inf,0.0002552050000304007,0.03125,0.005537717362550945,0.15744607800372734,1.0,30.28010654575872,0.0,0.8337404404689837,1.0,0.036039094218750733,5.227495016700833,1.1532510150000235
mix+equity_8x8_s1,Random,1,42,27,2,1.0,4.394693758901496,4.394693758901496,False,15,0,8,mix+equity,32,0.0,0.0,0.1071827150573635,0.0,,,0.0,0.0,7.852468755231712e-06,inf,0.0002512790001674148,0.03125,0.005537717362550945,0.15744607800372734,1.0,30.28010654575872,0.0,0.8124552822912472,1.0,0.03347905528126205,4.856159635543574,1.0713297690003856
mix+equity_8x8_s1,Random,2,42,27,2,1.0,4.394693758901496,4.394693758901496,False,15,0,8,mix+equity,32,0.0,0.0,0.1071827150573635,0.0,,,0.0,0.0,7.871906248624327e-06,inf,0.0002519009999559785,0.0,0.0,0.1071827150573635,1.0,30.405050484590454,0.12494393883173416,0.8057313706605028,0.9057198471325896,0.034208951750002825,inf,1.0946864560000904
mix+equity_8x8_s1,Random,3,42,27,2,1.0,4.394693758901496,4.394693758901496,False,15,0,8,mix+equity,32,0.0,0.0,0.1071827150573635,0.0,,,0.0,0.0,6.201281252060653e-06,inf,0.0001984410000659409,0.125,0.04970053844474301,0.2806864978482796,1.0,30.28010654575872,0.0,0.8496515478121675,1.0,0.033338302624997596,1.149756280396138,1.066825683999923
mix+equity_8x8_s1,SQA-fixedT,0,42,27,2,1.0,4.394693758901496,4.394693758901496,False,15,0,8,mix+equity,32,0.0,0.0,0.1071827150573635,0.84375,30.3416908931091,0.06158434735037943,0.560251872576131,0.9535297051083619,0.2241153759062513,inf,7.171692029000042,0.125,0.04970053844474301,0.2806864978482796,1.0,30.28010654575872,0.0,0.8740942784405352,1.0,0.24298074793750857,8.379809977099026,7.775383934000274
mix+equity_8x8_s1,SQA-fixedT,1,42,27,2,1.0,4.394693758901496,4.394693758901496,False,15,0,8,mix+equity,32,0.0,0.0,0.1071827150573635,0.9375,30.418535940343432,0.13842939458471193,0.5731895972739514,0.895543996733078,0.2282582616875004,inf,7.304264374000013,0.09375,0.032400962626319516,0.24218499335778831,1.0,30.28010654575872,0.0,0.8620662035364295,1.0,0.24730042459374602,11.569074562569764,7.9136135869998725
mix+equity_8x8_s1,SQA-fixedT,2,42,27,2,1.0,4.394693758901496,4.394693758901496,False,15,0,8,mix+equity,32,0.0,0.0,0.1071827150573635,0.84375,30.49885102704175,0.2187444812830286,0.5089345363117318,0.8349398672148449,0.2244671944375085,inf,7.182950222000272,0.15625,0.06864319106627216,0.31754492553566527,1.0,30.28010654575872,0.0,0.849523229612747,1.0,0.24425775481250867,6.620688094386101,7.816248154000277
mix+equity_8x8_s1,SQA-fixedT,3,42,27,2,1.0,4.394693758901496,4.394693758901496,False,15,0,8,mix+equity,32,0.0,0.0,0.1071827150573635,0.875,30.34606998595674,0.06596344019801847,0.5341683099699798,0.9502253307869152,0.22705838943750223,inf,7.265868462000071,0.15625,0.06864319106627216,0.31754492553566527,1.0,30.28010654575872,0.0,0.850764751118888,1.0,0.2465080270000044,6.681682474246495,7.888256864000141
mix+equity_8x8_s1,SA-matched,0,42,27,2,1.0,4.394693758901496,4.394693758901496,False,15,0,8,mix+equity,32,0.0,0.0,0.1071827150573635,1.0,30.380722093454594,0.10061554769587389,0.8130731872121553,0.9240775558518259,0.07356575965624756,inf,2.354104308999922,0.5,0.33630614316859386,0.6636938568314061,1.0,30.28010654575872,0.0,0.9225837045854874,1.0,0.08938535900000488,0.5938634706674183,2.8603314880001562
mix+equity_8x8_s1,SA-matched,1,42,27,2,1.0,4.394693758901496,4.394693758901496,False,15,0,8,mix+equity,32,0.03125,0.005537717362550945,0.15744607800372734,1.0,30.28010654575872,0.0,0.7997122734578463,1.0,0.07348213021876404,10.658632739312676,2.3514281670004493,0.4375,0.2816508596944317,0.6067469796877387,1.0,30.28010654575872,0.0,0.9124086291064174,1.0,0.08787327737501016,0.7033309265044428,2.811944876000325
mix+equity_8x8_s1,SA-matched,2,42,27,2,1.0,4.394693758901496,4.394693758901496,False,15,0,8,mix+equity,32,0.0,0.0,0.1071827150573635,1.0,30.341877509040305,0.06177096328158527,0.8201794453415782,0.9533888885254521,0.07612006543749317,inf,2.4358420939997814,0.375,0.2293366846595921,0.5474589941047487,1.0,30.28010654575872,0.0,0.9175297337898689,1.0,0.08935389162499519,0.8755036176503573,2.859324531999846
mix+equity_8x8_s1,SA-matched,3,42,27,2,1.0,4.394693758901496,4.394693758901496,False,15,0,8,mix+equity,32,0.03125,0.005537717362550945,0.15744607800372734,1.0,30.28010654575872,0.0,0.8265607794317216,1.0,0.07304983134373799,10.595927494802165,2.3375946029996157,0.40625,0.255194024803138,0.5774027342701177,1.0,30.28010654575872,0.0,0.9299020997435484,1.0,0.08783083918748957,0.7759032207929851,2.8105868539996663
mix+equity_8x8_s2,SA,0,42,27,2,1.0,4.20763211570199,4.20763211570199,False,15,0,8,mix+equity,32,0.0,0.0,0.1071827150573635,0.9375,30.502160788452155,0.12427496087515166,0.5557241233460073,0.8992136028841897,0.004199129343746222,inf,0.1343721389998791,0.0625,0.017310203195157234,0.2014746724800358,1.0,30.377885827577003,0.0,0.8424693389730811,1.0,0.020072671625001703,1.4322929514226819,0.6423254920000545
mix+equity_8x8_s2,SA,1,42,27,2,1.0,4.20763211570199,4.20763211570199,False,15,0,8,mix+equity,32,0.0,0.0,0.1071827150573635,1.0,30.49836562776492,0.12047980018791549,0.6028809687855723,0.9022914599959402,0.005143380843747991,inf,0.16458818699993571,0.09375,0.032400962626319516,0.24218499335778831,1.0,30.377885827577003,0.0,0.8632736955279389,1.0,0.021941730562502926,1.0264661588285509,0.7021353780000936
mix+equity_8x8_s2,SA,2,42,27,2,1.0,4.20763211570199,4.20763211570199,False,15,0,8,mix+equity,32,0.0,0.0,0.1071827150573635,1.0,30.561036618519427,0.18315079094242392,0.614411972677344,0.8514655871302816,0.004170716749996473,inf,0.13346293599988712,0.3125,0.17952352116618736,0.4856699969803239,1.0,30.377885827577003,0.0,0.8608806003415718,1.0,0.019063257656242172,0.23429698580856284,0.6100242449997495
mix+equity_8x8_s2,SA,3,42,27,2,1.0,4.20763211570199,4.20763211570199,False,15,0,8,mix+equity,32,0.0,0.0,0.1071827150573635,0.90625,30.532942512100487,0.1550566845234833,0.5432880195330356,0.8742497726670427,0.004192186093760597,inf,0.1341499550003391,0.0625,0.017310203195157234,0.2014746724800358,1.0,30.377885827577003,0.0,0.8694032396967004,1.0,0.02149372712500508,1.5336928952996145,0.6877992680001626
mix+equity_8x8_s2,Tabu,0,42,27,2,1.0,4.20763211570199,4.20763211570199,False,15,0,8,mix+equity,32,0.0,0.0,0.1071827150573635,1.0,30.493349230053102,0.11546340247609876,0.6954836395585708,0.9063597344762833,0.0042398999375024005,inf,0.13567679800007681,0.0,0.0,0.1071827150573635,1.0,30.485836651824684,0.10795082424768054,0.7501131609227099,0.9124523993812724,0.014983553625000923,inf,0.4794737160000295
mix+equity_8x8_s2,Tabu,1,42,27,2,1.0,4.20763211570199,4.20763211570199,False,15,0,8,mix+equity,32,0.0,0.0,0.1071827150573635,0.96875,30.555545440051333,0.17765961247432926,0.6567978342189627,0.8559189065264161,0.004083628187501631,inf,0.1306761020000522,0.0625,0.017310203195157234,0.2014746724800358,1.0,30.377885827577003,0.0,0.7869298975766232,1.0,0.016028333156242525,1.1437076753722208,0.5129066609997608
mix+equity_8x8_s2,Tabu,2,42,27,2,1.0,4.20763211570199,4.20763211570199,False,15,0,8,mix+equity,32,0.0,0.0,0.1071827150573635,1.0,30.532377319293523,0.1544914917165201,0.6861772766009415,0.8747081413222284,0.0041492740624988755,inf,0.13277676999996402,0.0,0.0,0.1071827150573635,1.0,30.45804295413058,0.08015712655357632,0.764273092491601,0.9349929548832687,0.016591677812499483,inf,0.5309336899999835
mix+equity_8x8_s2,Tabu,3,42,27,2,1.0,4.20763211570199,4.20763211570199,False,15,0,8,mix+equity,32,0.0,0.0,0.1071827150573635,1.0,30.563324373564217,0.1854385459872141,0.6791230408555277,0.8496102287634457,0.004139201624994371,inf,0.13245445199981987,0.0625,0.017310203195157234,0.2014746724800358,1.0,30.377885827577003,0.0,0.800139313295193,1.0,0.018044886937488513,1.2875996206499907,0.5774363819996324
mix+equity_8x8_s2,SQA,0,42,27,2,1.0,4.20763211570199,4.20763211570199,False,15,0,8,mix+equity,32,0.0,0.0,0.1071827150573635,1.0,30.50292924449454,0.12504341691753496,0.810723878802867,0.8985903887201435,0.16648820934373987,inf,5.327622698999676,0.21875,0.11023696931531854,0.3875533079044484,1.0,30.377885827577003,0.0,0.8956815308658617,1.0,0.17906792962499196,3.340508913735194,5.730173747999743
mix+equity_8x8_s2,SQA,1,42,27,2,1.0,4.20763211570199,4.20763211570199,False,15,0,8,mix+equity,32,0.03125,0.005537717362550945,0.15744607800372734,1.0,30.377885827577003,0.0,0.8189916578078142,1.0,0.17084350962498718,24.780966740713477,5.46699230799959,0.28125,0.15564406845647866,0.4537483693811179,1.0,30.377885827577003,0.0,0.9025887673239428,1.0,0.1831835854687398,2.5544672883579627,5.861874734999674
mix+equity_8x8_s2,SQA,2,42,27,2,1.0,4.20763211570199,4.20763211570199,False,15,0,8,mix+equity,32,0.0,0.0,0.1071827150573635,1.0,30.485841238864502,0.10795541128749875,0.828165879299469,0.9124486793139842,0.17344028578123982,inf,5.550089144999674,0.15625,0.06864319106627216,0.31754492553566527,1.0,30.377885827577003,0.0,0.8875844475771695,1.0,0.1863604464999895,5.051362198731602,5.963534287999664
mix+equity_8x8_s2,SQA,3,42,27,2,1.0,4.20763211570199,4.20763211570199,False,15,0,8,mix+equity,32,0.03125,0.005537717362550945,0.15744607800372734,1.0,30.377885827577003,0.0,0.8148085919799389,1.0,0.16826978262498926,24.40764589682175,5.384633043999656,0.21875,0.11023696931531854,0.3875533079044484,1.0,30.377885827577003,0.0,0.8976477984775874,1.0,0.1849925913749928,3.4510333690533037,5.9197629239997696
mix+equity_8x8_s2,Greedy,0,42,27,2,1.0,4.20763211570199,4.20763211570199,False,15,0,8,mix+equity,32,0.0,0.0,0.1071827150573635,0.40625,30.674280890459833,0.29639506288283,0.26516851488907245,0.7596250258257182,5.1592250002840956e-05,inf,0.0016509520000909106,0.03125,0.005537717362550945,0.15744607800372734,0.96875,30.377885827577003,0.0,0.7603899102735943,1.0,0.017185233031241864,2.4927296864447523,0.5499274569997397
mix+equity_8x8_s2,Greedy,1,42,27,2,1.0,4.20763211570199,4.20763211570199,False,15,0,8,mix+equity,32,0.0,0.0,0.1071827150573635,0.28125,30.698193517309196,0.3203076897321928,0.16909683861097694,0.7402320001610935,8.83918437466491e-05,inf,0.0028285389998927712,0.03125,0.005537717362550945,0.15744607800372734,0.84375,30.377885827577003,0.0,0.691003912593714,1.0,0.015304370812501134,2.2199093481785237,0.4897398660000363
mix+equity_8x8_s2,Greedy,2,42,27,2,1.0,4.20763211570199,4.20763211570199,False,15,0,8,mix+equity,32,0.0,0.0,0.1071827150573635,0.28125,30.636688905979323,0.25880307840231964,0.18273022233015895,0.7901119449085602,5.2109562503233064e-05,inf,0.001667506000103458,0.0625,0.017310203195157234,0.2014746724800358,0.9375,30.377885827577003,0.0,0.7466336746080037,1.0,0.01705992703125503,1.217317440106819,0.5459176650001609
mix+equity_8x8_s2,Greedy,3,42,27,2,1.0,4.20763211570199,4.20763211570199,False,15,0,8,mix+equity,32,0.0,0.0,0.1071827150573635,0.375,30.562199355349932,0.18431352777292886,0.24971440667329778,0.8505226131384557,5.036603126029604e-05,inf,0.0016117130003294733,0.0,0.0,0.1071827150573635,0.78125,30.485836651824684,0.10795082424768054,0.6180133349601197,0.9124523993812724,0.013637693062506173,inf,0.43640617800019754
mix+equity_8x8_s2,Random,0,42,27,2,1.0,4.20763211570199,4.20763211570199,False,15,0,8,mix+equity,32,0.0,0.0,0.1071827150573635,0.0,,,0.0,0.0,6.289718740504213e-06,inf,0.00020127099969613482,0.03125,0.005537717362550945,0.15744607800372734,0.9375,30.377885827577003,0.0,0.7758884079527455,1.0,0.039055518062482975,5.6650293375041505,1.2497765779994552
mix+equity_8x8_s2,Random,1,42,27,2,1.0,4.20763211570199,4.20763211570199,False,15,0,8,mix+equity,32,0.0,0.0,0.1071827150573635,0.0,,,0.0,0.0,8.002999990708304e-06,inf,0.0002560959997026657,0.03125,0.005537717362550945,0.15744607800372734,0.875,30.377885827577003,0.0,0.7247300677463284,1.0,0.03374393946874932,4.894581266278458,1.0798060629999782
mix+equity_8x8_s2,Random,2,42,27,2,1.0,4.20763211570199,4.20763211570199,False,15,0,8,mix+equity,32,0.0,0.0,0.1071827150573635,0.0,,,0.0,0.0,7.509968753538487e-06,inf,0.0002403190001132316,0.0625,0.017310203195157234,0.2014746724800358,0.96875,30.377885827577003,0.0,0.7870518624141102,1.0,0.03373797393750522,2.407385681823347,1.079615166000167
mix+equity_8x8_s2,Random,3,42,27,2,1.0,4.20763211570199,4.20763211570199,False,15,0,8,mix+equity,32,0.0,0.0,0.1071827150573635,0.0,,,0.0,0.0,1.4095093746391285e-05,inf,0.0004510429998845211,0.0,0.0,0.1071827150573635,0.75,30.45804295413058,0.08015712655357632,0.6073221860861027,0.9349929548832687,0.03217203162499516,inf,1.029505011999845
mix+equity_8x8_s2,SQA-fixedT,0,42,27,2,1.0,4.20763211570199,4.20763211570199,False,15,0,8,mix+equity,32,0.0,0.0,0.1071827150573635,0.78125,30.490142933780273,0.11225710620326979,0.5017011722564693,0.908960025372765,0.22523859912499233,inf,7.207635171999755,0.15625,0.06864319106627216,0.31754492553566527,1.0,30.377885827577003,0.0,0.8418631487946149,1.0,0.24415285940624187,6.6178448693349265,7.81289150099974
mix+equity_8x8_s2,SQA-fixedT,1,42,27,2,1.0,4.20763211570199,4.20763211570199,False,15,0,8,mix+equity,32,0.0,0.0,0.1071827150573635,0.65625,30.55198646376174,0.17410063618473615,0.42195157143045015,0.8588052192246679,0.224906851593758,inf,7.197019251000256,0.09375,0.032400962626319516,0.24218499335778831,0.9375,30.377885827577003,0.0,0.8118350126031861,1.0,0.24101720443751162,11.275136359269343,7.712550542000372
mix+equity_8x8_s2,SQA-fixedT,2,42,27,2,1.0,4.20763211570199,4.20763211570199,False,15,0,8,mix+equity,32,0.0,0.0,0.1071827150573635,0.78125,30.5220170137712,0.14413118619419762,0.45684843785448337,0.8831102994018669,0.22672046978125593,inf,7.25505503300019,0.0625,0.017310203195157234,0.2014746724800358,1.0,30.377885827577003,0.0,0.8681785941636174,1.0,0.24268115862500395,17.316604358173144,7.765797076000126
mix+equity_8x8_s2,SQA-fixedT,3,42,27,2,1.0,4.20763211570199,4.20763211570199,False,15,0,8,mix+equity,32,0.0,0.0,0.1071827150573635,0.71875,30.45819495917846,0.08030913160145658,0.47245582596831504,0.9348696795186145,0.22040491653125116,inf,7.052957329000037,0.125,0.04970053844474301,0.2806864978482796,0.96875,30.377885827577003,0.0,0.8243507515363957,1.0,0.23504073478125065,8.105978399783197,7.521303513000021
mix+equity_8x8_s2,SA-matched,0,42,27,2,1.0,4.20763211570199,4.20763211570199,False,15,0,8,mix+equity,32,0.0,0.0,0.1071827150573635,1.0,30.493244833247903,0.11535900567089996,0.7720880494760971,0.9064443997845021,0.0717396269687498,inf,2.2956680629999937,0.28125,0.15564406845647866,0.4537483693811179,1.0,30.377885827577003,0.0,0.8946136541618204,1.0,0.08519426631251292,1.18802110950115,2.7262165220004135
mix+equity_8x8_s2,SA-matched,1,42,27,2,1.0,4.20763211570199,4.20763211570199,False,15,0,8,mix+equity,32,0.03125,0.005537717362550945,0.15744607800372734,1.0,30.377885827577003,0.0,0.7871101130395953,1.0,0.07210168075000922,10.458397609236389,2.307253784000295,0.21875,0.11023696931531854,0.3875533079044484,1.0,30.377885827577003,0.0,0.913188963044216,1.0,0.0877057085625097,1.6361483703536062,2.8065826740003104
mix+equity_8x8_s2,SA-matched,2,42,27,2,1.0,4.20763211570199,4.20763211570199,False,15,0,8,mix+equity,32,0.0,0.0,0.1071827150573635,1.0,30.434956672132376,0.0570708445553727,0.7777381521645609,0.9537158188376259,0.07383235350000916,inf,2.362635312000293,0.25,0.1325224398262155,0.42106891770246624,1.0,30.377885827577003,0.0,0.9092734506829051,1.0,0.08657712956251373,1.3859133190044155,2.7704681460004394
mix+equity_8x8_s2,SA-matched,3,42,27,2,1.0,4.20763211570199,4.20763211570199,False,15,0,8,mix+equity,32,0.0,0.0,0.1071827150573635,1.0,30.53172099466663,0.1538351670896283,0.7665858970218835,0.8752404174462116,0.07441107500000044,inf,2.381154400000014,0.28125,0.15564406845647866,0.4537483693811179,1.0,30.377885827577003,0.0,0.9006314421934544,1.0,0.08742034228126272,1.2190634009216414,2.797450953000407
mix+equity_10x10_s0,SA,0,56,39,2,1.0,5.306135258897931,5.306135258897931,False,17,0,10,mix+equity,32,0.0,0.0,0.1071827150573635,1.0,30.764885777949633,0.15216572163799214,0.57556115276581,0.8885446543269023,0.006920598468752814,inf,0.22145915100009006,0.0,0.0,0.1071827150573635,1.0,30.72288413110822,0.11016407479657886,0.8265357272030469,0.919309191945211,0.048931249687498735,inf,1.5657999899999595
mix+equity_10x10_s0,SA,1,56,39,2,1.0,5.306135258897931,5.306135258897931,False,17,0,10,mix+equity,32,0.0,0.0,0.1071827150573635,1.0,30.95648357319717,0.3437635168855273,0.5828226630750375,0.7482068813406788,0.0069419438437563485,inf,0.22214220300020315,0.0,0.0,0.1071827150573635,1.0,30.72288413110822,0.11016407479657886,0.8053138071216733,0.919309191945211,0.04718955618750442,inf,1.5100657980001415
mix+equity_10x10_s0,SA,2,56,39,2,1.0,5.306135258897931,5.306135258897931,False,17,0,10,mix+equity,32,0.0,0.0,0.1071827150573635,1.0,30.942909026798233,0.3301889704865921,0.5730191360747331,0.7581496972716425,0.007990457562499387,inf,0.2556946419999804,0.0,0.0,0.1071827150573635,1.0,30.72288413110822,0.11016407479657886,0.8295890903018359,0.919309191945211,0.04936368949999803,inf,1.579638063999937
mix+equity_10x10_s0,SA,3,56,39,2,1.0,5.306135258897931,5.306135258897931,False,17,0,10,mix+equity,32,0.0,0.0,0.1071827150573635,0.96875,30.914412378164606,0.3016923218529648,0.546990902309308,0.7790223602459082,0.006942576312511051,inf,0.22216244200035362,0.03125,0.005537717362550945,0.15744607800372734,1.0,30.61272005631164,0.0,0.8085550529853307,1.0,0.04898993962501663,7.10602391125041,1.5676780680005322
mix+equity_10x10_s0,Tabu,0,56,39,2,1.0,5.306135258897931,5.306135258897931,False,17,0,10,mix+equity,32,0.0,0.0,0.1071827150573635,1.0,30.81990642614813,0.20718636983648864,0.7693637554957404,0.8482442154494105,0.013710835124996379,inf,0.4387467239998841,0.0,0.0,0.1071827150573635,1.0,30.72288413110822,0.11016407479657886,0.8114271172519438,0.919309191945211,0.04675339687499047,inf,1.496108699999695
mix+equity_10x10_s0,Tabu,1,56,39,2,1.0,5.306135258897931,5.306135258897931,False,17,0,10,mix+equity,32,0.0,0.0,0.1071827150573635,1.0,30.789112558937198,0.17639250262555706,0.7784636059680301,0.8707994997648297,0.013112709843753123,inf,0.41960671500009994,0.0,0.0,0.1071827150573635,1.0,30.72288413110822,0.11016407479657886,0.8379562921534565,0.919309191945211,0.04378324225000085,inf,1.4010637520000273
mix+equity_10x10_s0,Tabu,2,56,39,2,1.0,5.306135258897931,5.306135258897931,False,17,0,10,mix+equity,32,0.0,0.0,0.1071827150573635,1.0,30.85120192040719,0.23848186409554728,0.7801729971466798,0.825321509250494,0.013644301718741758,inf,0.43661765499973626,0.0,0.0,0.1071827150573635,1.0,30.72288413110822,0.11016407479657886,0.8174143065912196,0.919309191945211,0.043775877906242044,inf,1.4008280929997454
mix+equity_10x10_s0,Tabu,3,56,39,2,1.0,5.306135258897931,5.306135258897931,False,17,0,10,mix+equity,32,0.0,0.0,0.1071827150573635,1.0,30.858004450764128,0.2452843944524865,0.7458589903066857,0.8203389260233191,0.012600863874993706,inf,0.4032276439997986,0.0,0.0,0.1071827150573635,1.0,30.72288413110822,0.11016407479657886,0.8212694344496263,0.919309191945211,0.04190050818749569,inf,1.340816261999862
mix+equity_10x10_s0,SQA,0,56,39,2,1.0,5.306135258897931,5.306135258897931,False,17,0,10,mix+equity,32,0.0,0.0,0.1071827150573635,1.0,30.76559077408945,0.1528707177778088,0.7879846648080372,0.8880282726634394,0.2943211358124955,inf,9.418276345999857,0.09375,0.032400962626319516,0.24218499335778831,1.0,30.61272005631164,0.0,0.8846157857388314,1.0,0.3292338484374966,15.402039633989027,10.53548314999989
mix+equity_10x10_s0,SQA,1,56,39,2,1.0,5.306135258897931,5.306135258897931,False,17,0,10,mix+equity,32,0.0,0.0,0.1071827150573635,1.0,30.751100098818412,0.13838004250677116,0.7866452520081026,0.8986421165961248,0.2969309051249951,inf,9.501788963999843,0.09375,0.032400962626319516,0.24218499335778831,1.0,30.61272005631164,0.0,0.8801778933651849,1.0,0.33261264465623697,15.560104649245472,10.643604628999583
mix+equity_10x10_s0,SQA,2,56,39,2,1.0,5.306135258897931,5.306135258897931,False,17,0,10,mix+equity,32,0.0,0.0,0.1071827150573635,1.0,30.786298482234994,0.1735784259233526,0.7940953458718194,0.872860699148098,0.29286977968749284,inf,9.37183294999977,0.09375,0.032400962626319516,0.24218499335778831,1.0,30.61272005631164,0.0,0.8904083234083889,1.0,0.3287495620312484,15.37938400954872,10.519985984999948
mix+equity_10x10_s0,SQA,3,56,39,2,1.0,5.306135258897931,5.306135258897931,False,17,0,10,mix+equity,32,0.0,0.0,0.1071827150573635,1.0,30.810167773594152,0.1974477172825111,0.7643478728555599,0.8553773915360461,0.2953266825312397,inf,9.450453840999671,0.0625,0.017310203195157234,0.2014746724800358,1.0,30.61272005631164,0.0,0.8747676159358758,1.0,0.33368754021873315,23.810398573828294,10.67800128699946
mix+equity_10x10_s0,Greedy,0,56,39,2,1.0,5.306135258897931,5.306135258897931,False,17,0,10,mix+equity,32,0.0,0.0,0.1071827150573635,0.4375,30.852966685732692,0.24024662942105124,0.2604189685000696,0.8240288887623273,0.00011496975000113707,inf,0.0036790320000363863,0.0,0.0,0.1071827150573635,0.875,30.78718079556541,0.17446073925376737,0.6452386062298173,0.8722144396871973,0.03980572856249864,inf,1.2737833139999566
mix+equity_10x10_s0,Greedy,1,56,39,2,1.0,5.306135258897931,5.306135258897931,False,17,0,10,mix+equity,32,0.0,0.0,0.1071827150573635,0.21875,30.899992673444665,0.28727261713302354,0.13294433553834578,0.7895842210695209,9.501634374942114e-05,inf,0.0030405229999814765,0.0,0.0,0.1071827150573635,0.90625,30.72494056517954,0.11222050886789958,0.7166134844950581,0.9178029356885077,0.04045985590624923,inf,1.2947153889999754
mix+equity_10x10_s0,Greedy,2,56,39,2,1.0,5.306135258897931,5.306135258897931,False,17,0,10,mix+equity,32,0.0,0.0,0.1071827150573635,0.375,31.011882139492602,0.39916208318096125,0.21986111167982453,0.7076296324715748,0.00010158062499954212,inf,0.003250579999985348,0.0,0.0,0.1071827150573635,0.96875,30.743601188652413,0.1308811323407717,0.7381837898012318,0.9041347703668037,0.04066486934374325,inf,1.301275818999784
mix+equity_10x10_s0,Greedy,3,56,39,2,1.0,5.306135258897931,5.306135258897931,False,17,0,10,mix+equity,32,0.0,0.0,0.1071827150573635,0.3125,30.824295494752434,0.21157543844079285,0.18893158417304373,0.8450293970710674,9.000862500840867e-05,inf,0.0028802760002690775,0.0,0.0,0.1071827150573635,0.90625,30.72288413110822,0.11016407479657886,0.6720444771492966,0.919309191945211,0.03942804125001942,inf,1.2616973200006214
mix+equity_10x10_s0,Random,0,56,39,2,1.0,5.306135258897931,5.306135258897931,False,17,0,10,mix+equity,32,0.0,0.0,0.1071827150573635,0.0,,,0.0,0.0,8.138906238741583e-06,inf,0.00026044499963973067,0.0,0.0,0.1071827150573635,0.96875,30.72288413110822,0.11016407479657886,0.7080636607114377,0.919309191945211,0.10368703231247878,inf,3.317985033999321
mix+equity_10x10_s0,Random,1,56,39,2,1.0,5.306135258897931,5.306135258897931,False,17,0,10,mix+equity,32,0.0,0.0,0.1071827150573635,0.0,,,0.0,0.0,8.973062506356655e-06,inf,0.00028713800020341296,0.0,0.0,0.1071827150573635,0.9375,30.72288413110822,0.11016407479657886,0.7355678295648469,0.919309191945211,0.094557857406258,inf,3.025851437000256
mix+equity_10x10_s0,Random,2,56,39,2,1.0,5.306135258897931,5.306135258897931,False,17,0,10,mix+equity,32,0.0,0.0,0.1071827150573635,0.0,,,0.0,0.0,8.701499993435391e-06,inf,0.0002784479997899325,0.03125,0.005537717362550945,0.15744607800372734,0.9375,30.61272005631164,0.0,0.7284784631412362,1.0,0.09819233753124479,14.242865040035444,3.1421548009998332
mix+equity_10x10_s0,Random,3,56,39,2,1.0,5.306135258897931,5.306135258897931,False,17,0,10,mix+equity,32,0.0,0.0,0.1071827150573635,0.0,,,0.0,0.0,1.0122187504180147e-05,inf,0.0003239100001337647,0.03125,0.005537717362550945,0.15744607800372734,1.0,30.61272005631164,0.0,0.7579035781648803,1.0,0.10896623062501476,15.805625527751786,3.4869193800004723
mix+equity_10x10_s0,SQA-fixedT,0,56,39,2,1.0,5.306135258897931,5.306135258897931,False,17,0,10,mix+equity,32,0.0,0.0,0.1071827150573635,0.71875,30.88025841592699,0.26753835961534733,0.41562496668147475,0.8040387806743916,0.3902544242500028,inf,12.48814157600009,0.0625,0.017310203195157234,0.2014746724800358,1.0,30.61272005631164,0.0,0.8127157724516128,1.0,0.43760083868750144,31.225170644852273,14.003226838000046
mix+equity_10x10_s0,SQA-fixedT,1,56,39,2,1.0,5.306135258897931,5.306135258897931,False,17,0,10,mix+equity,32,0.0,0.0,0.1071827150573635,0.5625,30.898615367073113,0.2858953107614717,0.3323073413114137,0.790593043267363,0.39528610071874937,inf,12.64915522299998,0.03125,0.005537717362550945,0.15744607800372734,1.0,30.61272005631164,0.0,0.8286608811817897,1.0,0.44430022268750236,64.44604811431633,14.217607126000075
mix+equity_10x10_s0,SQA-fixedT,2,56,39,2,1.0,5.306135258897931,5.306135258897931,False,17,0,10,mix+equity,32,0.0,0.0,0.1071827150573635,0.46875,30.85615400531506,0.24343394900341764,0.2960495443852282,0.821694303797992,0.39459521725,inf,12.627046952,0.03125,0.005537717362550945,0.15744607800372734,0.9375,30.61272005631164,0.0,0.7863064260310895,1.0,0.4409921126562466,63.966204514526574,14.111747604999891
mix+equity_10x10_s0,SQA-fixedT,3,56,39,2,1.0,5.306135258897931,5.306135258897931,False,17,0,10,mix+equity,32,0.0,0.0,0.1071827150573635,0.53125,31.002597026459494,0.38987697014785283,0.2981732602010674,0.714430608877949,0.3911012184062628,inf,12.515238989000409,0.0625,0.017310203195157234,0.2014746724800358,1.0,30.61272005631164,0.0,0.8203162718347975,1.0,0.43572423912502245,31.091265184921685,13.943175652000718
mix+equity_10x10_s0,SA-matched,0,56,39,2,1.0,5.306135258897931,5.306135258897931,False,17,0,10,mix+equity,32,0.0,0.0,0.1071827150573635,1.0,30.824673524650215,0.21195346833857442,0.7605112144458557,0.8447525051897786,0.12053501518749954,inf,3.8571204859999852,0.0625,0.017310203195157234,0.2014746724800358,1.0,30.61272005631164,0.0,0.8827086181359864,1.0,0.15739713474999917,11.23113110642195,5.036708311999973
mix+equity_10x10_s0,SA-matched,1,56,39,2,1.0,5.306135258897931,5.306135258897931,False,17,0,10,mix+equity,32,0.0,0.0,0.1071827150573635,1.0,30.743932798053063,0.13121274174142172,0.771692425492407,0.9038918796554132,0.11791953187500326,inf,3.7734250200001043,0.1875,0.08889423936162782,0.3530949575492244,1.0,30.61272005631164,0.0,0.9104493692623512,1.0,0.15454706837499543,3.4276523258125584,4.945506187999854
mix+equity_10x10_s0,SA-matched,2,56,39,2,1.0,5.306135258897931,5.306135258897931,False,17,0,10,mix+equity,32,0.0,0.0,0.1071827150573635,1.0,30.72804920191187,0.11532914560022789,0.7849523373922052,0.9155259827858164,0.11581377103124169,inf,3.706040672999734,0.03125,0.005537717362550945,0.15744607800372734,1.0,30.61272005631164,0.0,0.8727376143457348,1.0,0.14984700112499638,21.735408967102394,4.795104035999884
mix+equity_10x10_s0,SA-matched,3,56,39,2,1.0,5.306135258897931,5.306135258897931,False,17,0,10,mix+equity,32,0.0,0.0,0.1071827150573635,1.0,30.818566006105446,0.20584594979380455,0.7672681218479586,0.8492260198768224,0.11776319459374918,inf,3.7684222269999736,0.125,0.04970053844474301,0.2806864978482796,1.0,30.61272005631164,0.0,0.8943142828496855,1.0,0.15508533275000502,5.348512710210484,4.962730648000161
mix+equity_10x10_s1,SA,0,56,39,2,1.0,5.483466079190872,5.483466079190872,False,17,0,10,mix+equity,32,0.0,0.0,0.1071827150573635,1.0,30.874720361260966,0.17969202593948097,0.6156520924889543,0.8683155420420994,0.008086570531247617,inf,0.25877025699992373,0.0625,0.017310203195157234,0.2014746724800358,1.0,30.695028335321485,0.0,0.8422614907680647,1.0,0.04699138687499271,3.353087892634854,1.5037243799997668
mix+equity_10x10_s1,SA,1,56,39,2,1.0,5.483466079190872,5.483466079190872,False,17,0,10,mix+equity,32,0.0,0.0,0.1071827150573635,0.96875,30.982353631701624,0.28732529638013915,0.5874809058357306,0.7894382028718695,0.006920433624998168,inf,0.22145387599994137,0.03125,0.005537717362550945,0.15744607800372734,1.0,30.695028335321485,0.0,0.8463641327623955,1.0,0.047910136624992106,6.949397755016162,1.5331243719997474
mix+equity_10x10_s1,SA,2,56,39,2,1.0,5.483466079190872,5.483466079190872,False,17,0,10,mix+equity,32,0.0,0.0,0.1071827150573635,1.0,30.99555776918482,0.3005294338633355,0.6305079145822583,0.7797617596452684,0.006976339343736981,inf,0.2232428589995834,0.15625,0.06864319106627216,0.31754492553566527,1.0,30.695028335321485,0.0,0.8840275968650674,1.0,0.05026902565623459,1.3625587442826113,1.6086088209995069
mix+equity_10x10_s1,SA,3,56,39,2,1.0,5.483466079190872,5.483466079190872,False,17,0,10,mix+equity,32,0.0,0.0,0.1071827150573635,1.0,30.92258822209466,0.22755988677317518,0.5966831976751854,0.8332363376392719,0.006991157687508576,inf,0.22371704600027442,0.03125,0.005537717362550945,0.15744607800372734,1.0,30.695028335321485,0.0,0.8402141453495562,1.0,0.04980592359376601,7.224382938379506,1.5937895550005123
mix+equity_10x10_s1,Tabu,0,56,39,2,1.0,5.483466079190872,5.483466079190872,False,17,0,10,mix+equity,32,0.0,0.0,0.1071827150573635,1.0,30.950996800874368,0.25596846555288266,0.7541628367180283,0.8124175601871214,0.012385756718742869,inf,0.3963442149997718,0.0,0.0,0.1071827150573635,1.0,30.815525442786385,0.1204971074648995,0.8253444740605373,0.9116956014099686,0.046356118187503625,inf,1.483395782000116
mix+equity_10x10_s1,Tabu,1,56,39,2,1.0,5.483466079190872,5.483466079190872,False,17,0,10,mix+equity,32,0.0,0.0,0.1071827150573635,1.0,30.964212546321207,0.2691842109997218,0.7359472811737373,0.8027326102480367,0.0136371588749995,inf,0.436389083999984,0.03125,0.005537717362550945,0.15744607800372734,1.0,30.695028335321485,0.0,0.8191582054461796,1.0,0.048037021281245984,6.9678024603130515,1.5371846809998715
mix+equity_10x10_s1,Tabu,2,56,39,2,1.0,5.483466079190872,5.483466079190872,False,17,0,10,mix+equity,32,0.0,0.0,0.1071827150573635,1.0,30.893579532547346,0.19855119722586068,0.7629912126248559,0.8544948967719608,0.01377201846874243,inf,0.4407045909997578,0.03125,0.005537717362550945,0.15744607800372734,1.0,30.695028335321485,0.0,0.8182242349982545,1.0,0.04685608596874147,6.796506993681944,1.499394750999727
mix+equity_10x10_s1,Tabu,3,56,39,2,1.0,5.483466079190872,5.483466079190872,False,17,0,10,mix+equity,32,0.0,0.0,0.1071827150573635,1.0,30.88648768912982,0.1914593538083338,0.7348408297755065,0.8596920420068521,0.012580883749990335,inf,0.4025882799996907,0.0,0.0,0.1071827150573635,1.0,30.815525442786385,0.1204971074648995,0.8103156087083611,0.9116956014099686,0.04643435293749576,inf,1.4858992939998643
mix+equity_10x10_s1,SQA,0,56,39,2,1.0,5.483466079190872,5.483466079190872,False,17,0,10,mix+equity,32,0.0,0.0,0.1071827150573635,1.0,30.873068083200927,0.178039747879442,0.7869456856561978,0.8695263878745418,0.2936710449999964,inf,9.397473439999885,0.09375,0.032400962626319516,0.24218499335778831,1.0,30.695028335321485,0.0,0.8774989272880226,1.0,0.329883619124999,15.43243685447353,10.556275811999967
mix+equity_10x10_s1,SQA,1,56,39,2,1.0,5.483466079190872,5.483466079190872,False,17,0,10,mix+equity,32,0.0,0.0,0.1071827150573635,1.0,30.815888757314333,0.12086042199284819,0.7831177840001833,0.9114293521068567,0.28997015028124906,inf,9.27904480899997,0.25,0.1325224398262155,0.42106891770246624,1.0,30.695028335321485,0.0,0.9052741621865824,1.0,0.3258461708124969,5.216095178456451,10.4270774659999
mix+equity_10x10_s1,SQA,2,56,39,2,1.0,5.483466079190872,5.483466079190872,False,17,0,10,mix+equity,32,0.0,0.0,0.1071827150573635,1.0,30.829423596197174,0.13439526087568865,0.7911183998977023,0.901510559592187,0.29417820056249866,inf,9.413702417999957,0.15625,0.06864319106627216,0.31754492553566527,1.0,30.695028335321485,0.0,0.8911698691853036,1.0,0.32945543284375844,8.929999637202055,10.54257385100027
mix+equity_10x10_s1,SQA,3,56,39,2,1.0,5.483466079190872,5.483466079190872,False,17,0,10,mix+equity,32,0.0,0.0,0.1071827150573635,1.0,30.762306629610666,0.06727829428918142,0.7842640889203718,0.9506961665689785,0.2922774621874993,inf,9.352878789999977,0.28125,0.15564406845647866,0.4537483693811179,1.0,30.695028335321485,0.0,0.9109119321870691,1.0,0.3338159225625077,4.655012360070205,10.682109522000246
mix+equity_10x10_s1,Greedy,0,56,39,2,1.0,5.483466079190872,5.483466079190872,False,17,0,10,mix+equity,32,0.0,0.0,0.1071827150573635,0.40625,31.01873918206796,0.32371084674647577,0.25314535279487915,0.7627736280114099,0.00010454093749956428,inf,0.003345309999986057,0.03125,0.005537717362550945,0.15744607800372734,0.96875,30.695028335321485,0.0,0.7310939798592845,1.0,0.04309706778124678,6.251258860542335,1.379106168999897
mix+equity_10x10_s1,Greedy,1,56,39,2,1.0,5.483466079190872,5.483466079190872,False,17,0,10,mix+equity,32,0.0,0.0,0.1071827150573635,0.1875,31.000989522013153,0.3059611866916683,0.1171863240943955,0.775781185531194,9.79909374905219e-05,inf,0.003135709999696701,0.0,0.0,0.1071827150573635,1.0,30.815525442786385,0.1204971074648995,0.8043421798324872,0.9116956014099686,0.046235645624989274,inf,1.4795406599996568
mix+equity_10x10_s1,Greedy,2,56,39,2,1.0,5.483466079190872,5.483466079190872,False,17,0,10,mix+equity,32,0.0,0.0,0.1071827150573635,0.3125,31.135138630850847,0.44011029552936165,0.18682565933924503,0.6774721337495828,0.00010135365624819315,inf,0.0032433169999421807,0.0,0.0,0.1071827150573635,0.96875,30.815525442786385,0.1204971074648995,0.7533317735623019,0.9116956014099686,0.043881403249997675,inf,1.4042049039999256
mix+equity_10x10_s1,Greedy,3,56,39,2,1.0,5.483466079190872,5.483466079190872,False,17,0,10,mix+equity,32,0.0,0.0,0.1071827150573635,0.1875,30.995238242725282,0.30020990740379716,0.10884777307006573,0.7799959195553008,0.00018590874999802054,inf,0.005949079999936657,0.03125,0.005537717362550945,0.15744607800372734,1.0,30.695028335321485,0.0,0.7913704350701327,1.0,0.045943264000001705,6.664101549090068,1.4701844480000545
mix+equity_10x10_s1,Random,0,56,39,2,1.0,5.483466079190872,5.483466079190872,False,17,0,10,mix+equity,32,0.0,0.0,0.1071827150573635,0.0,,,0.0,0.0,8.505156259275282e-06,inf,0.000272165000296809,0.0,0.0,0.1071827150573635,0.96875,30.815525442786385,0.1204971074648995,0.7136654961843456,0.9116956014099686,0.09771816215626927,inf,3.1269811890006167
mix+equity_10x10_s1,Random,1,56,39,2,1.0,5.483466079190872,5.483466079190872,False,17,0,10,mix+equity,32,0.0,0.0,0.1071827150573635,0.0,,,0.0,0.0,8.165812502625158e-06,inf,0.00026130600008400506,0.0,0.0,0.1071827150573635,0.96875,30.815525442786385,0.1204971074648995,0.749204528512935,0.9116956014099686,0.09557295293750201,inf,3.0583344940000643
mix+equity_10x10_s1,Random,2,56,39,2,1.0,5.483466079190872,5.483466079190872,False,17,0,10,mix+equity,32,0.0,0.0,0.1071827150573635,0.0,,,0.0,0.0,9.19762500473098e-06,inf,0.0002943240001513914,0.0,0.0,0.1071827150573635,1.0,30.823331326519394,0.12830299119790922,0.7734418199257236,0.9059751830280758,0.0975617175625132,inf,3.1219749620004222
mix+equity_10x10_s1,Random,3,56,39,2,1.0,5.483466079190872,5.483466079190872,False,17,0,10,mix+equity,32,0.0,0.0,0.1071827150573635,0.0,,,0.0,0.0,8.45934374638091e-06,inf,0.0002706989998841891,0.03125,0.005537717362550945,0.15744607800372734,1.0,30.695028335321485,0.0,0.7756409635446411,1.0,0.09442919484375523,13.697018645379087,3.0217342350001672
mix+equity_10x10_s1,SQA-fixedT,0,56,39,2,1.0,5.483466079190872,5.483466079190872,False,17,0,10,mix+equity,32,0.0,0.0,0.1071827150573635,0.46875,30.90575040882266,0.21072207350117367,0.27157478355735937,0.8455756626723517,0.40030790593749543,inf,12.809852989999854,0.09375,0.032400962626319516,0.24218499335778831,1.0,30.695028335321485,0.0,0.8660046152983611,1.0,0.4478996072499939,20.953396911199377,14.332787431999805
mix+equity_10x10_s1,SQA-fixedT,1,56,39,2,1.0,5.483466079190872,5.483466079190872,False,17,0,10,mix+equity,32,0.0,0.0,0.1071827150573635,0.65625,30.87807302348794,0.18304468816645425,0.3772763866145904,0.8658585965779552,0.3936808911875005,inf,12.597788518000016,0.03125,0.005537717362550945,0.15744607800372734,1.0,30.695028335321485,0.0,0.8446889137018485,1.0,0.44025422381250223,63.85917323815376,14.088135162000071
mix+equity_10x10_s1,SQA-fixedT,2,56,39,2,1.0,5.483466079190872,5.483466079190872,False,17,0,10,mix+equity,32,0.0,0.0,0.1071827150573635,0.5625,30.99774972501031,0.30272138968882345,0.30736900791953004,0.7781554195016928,0.39461007615624055,inf,12.627522436999698,0.09375,0.032400962626319516,0.24218499335778831,0.96875,30.695028335321485,0.0,0.8153562069939665,1.0,0.4399574849374943,20.581852845436863,14.078639517999818
mix+equity_10x10_s1,SQA-fixedT,3,56,39,2,1.0,5.483466079190872,5.483466079190872,False,17,0,10,mix+equity,32,0.0,0.0,0.1071827150573635,0.6875,31.086842167299594,0.3918138319781086,0.3854777215059824,0.7128654328722285,0.3935828315624974,inf,12.594650609999917,0.0,0.0,0.1071827150573635,1.0,30.815525442786385,0.1204971074648995,0.8346170290261898,0.9116956014099686,0.4401265212812291,inf,14.08404868099933
mix+equity_10x10_s1,SA-matched,0,56,39,2,1.0,5.483466079190872,5.483466079190872,False,17,0,10,mix+equity,32,0.0,0.0,0.1071827150573635,1.0,30.8471896764242,0.1521613411027154,0.7652860030811027,0.888490968809007,0.11873806434374501,inf,3.7996180589998403,0.1875,0.08889423936162782,0.3530949575492244,1.0,30.695028335321485,0.0,0.906652454349065,1.0,0.15595474296873135,3.4588727115884867,4.990551774999403
mix+equity_10x10_s1,SA-matched,1,56,39,2,1.0,5.483466079190872,5.483466079190872,False,17,0,10,mix+equity,32,0.0,0.0,0.1071827150573635,1.0,30.9001885272047,0.20516019188321621,0.7608370690296444,0.8496515996108857,0.11839439821872588,inf,3.7886207429992282,0.09375,0.032400962626319516,0.24218499335778831,1.0,30.695028335321485,0.0,0.8809659577878173,1.0,0.1540864783124789,7.208390198315651,4.930767305999325
mix+equity_10x10_s1,SA-matched,2,56,39,2,1.0,5.483466079190872,5.483466079190872,False,17,0,10,mix+equity,32,0.0,0.0,0.1071827150573635,1.0,30.830840425052905,0.13581208973142012,0.7776358271807595,0.9004722589836283,0.12095805334374177,inf,3.8706577069997365,0.15625,0.06864319106627216,0.31754492553566527,1.0,30.695028335321485,0.0,0.8962726878987721,1.0,0.15934698221872168,4.319153219358984,5.099103430999094
mix+equity_10x10_s1,SA-matched,3,56,39,2,1.0,5.483466079190872,5.483466079190872,False,17,0,10,mix+equity,32,0.0,0.0,0.1071827150573635,1.0,30.85282309500971,0.1577947596882261,0.7633030922042235,0.8843626071357251,0.12142380312499768,inf,3.8855616999999256,0.1875,0.08889423936162782,0.3530949575492244,1.0,30.695028335321485,0.0,0.9000337912513728,1.0,0.15880644671875643,3.5221197799028756,5.081806295000206
mix+equity_10x10_s2,SA,0,56,39,2,1.0,5.105179914714994,5.105179914714994,False,17,0,10,mix+equity,32,0.0,0.0,0.1071827150573635,1.0,30.956130964005514,0.24440364261049652,0.5735375812815202,0.817091068261179,0.0071290533124965805,inf,0.22812970599989058,0.09375,0.032400962626319516,0.24218499335778831,1.0,30.711727321395017,0.0,0.8570382076891374,1.0,0.056598920093733796,2.6477800343489326,1.8111654429994815
mix+equity_10x10_s2,SA,1,56,39,2,1.0,5.105179914714994,5.105179914714994,False,17,0,10,mix+equity,32,0.0,0.0,0.1071827150573635,1.0,31.017737944356632,0.3060106229616153,0.6144050929580441,0.7709850984674469,0.007062048999983972,inf,0.2259855679994871,0.09375,0.032400962626319516,0.24218499335778831,1.0,30.711727321395017,0.0,0.8521177877897728,1.0,0.05405222253122588,2.52864180788867,1.7296711209992282
mix+equity_10x10_s2,SA,2,56,39,2,1.0,5.105179914714994,5.105179914714994,False,17,0,10,mix+equity,32,0.0,0.0,0.1071827150573635,1.0,30.977859843809625,0.2661325224146083,0.6283897361746551,0.800829419496863,0.007087035249981,inf,0.226785127999392,0.15625,0.06864319106627216,0.31754492553566527,1.0,30.711727321395017,0.0,0.8715831276423138,1.0,0.054522797624997565,1.4778586554417887,1.744729523999922
mix+equity_10x10_s2,SA,3,56,39,2,1.0,5.105179914714994,5.105179914714994,False,17,0,10,mix+equity,32,0.0,0.0,0.1071827150573635,1.0,30.920234171896027,0.20850685050100992,0.6053494349183326,0.8439558229246791,0.007053888249998863,inf,0.22572442399996362,0.125,0.04970053844474301,0.2806864978482796,1.0,30.711727321395017,0.0,0.8842339141274533,1.0,0.05311045706250184,1.831649386868727,1.6995346260000588
mix+equity_10x10_s2,Tabu,0,56,39,2,1.0,5.105179914714994,5.105179914714994,False,17,0,10,mix+equity,32,0.0,0.0,0.1071827150573635,1.0,30.960206363194917,0.2484790417999001,0.7781669646306888,0.8140410854369416,0.012618189031257998,inf,0.40378204900025594,0.0,0.0,0.1071827150573635,1.0,30.81256314692621,0.10083582553119186,0.8241927005759523,0.9245356045764584,0.04413275365627101,inf,1.4122481170006722
mix+equity_10x10_s2,Tabu,1,56,39,2,1.0,5.105179914714994,5.105179914714994,False,17,0,10,mix+equity,32,0.0,0.0,0.1071827150573635,1.0,30.953246404603647,0.24151908320862958,0.7660200164216189,0.8192498400090024,0.012291110812498118,inf,0.3933155459999398,0.0,0.0,0.1071827150573635,1.0,30.81256314692621,0.10083582553119186,0.8324336788687681,0.9245356045764584,0.04273869159374044,inf,1.3676381309996941
mix+equity_10x10_s2,Tabu,2,56,39,2,1.0,5.105179914714994,5.105179914714994,False,17,0,10,mix+equity,32,0.0,0.0,0.1071827150573635,1.0,30.96715342785881,0.25542610646379416,0.765337076777302,0.8088419805348169,0.013272708562482194,inf,0.4247266739994302,0.0,0.0,0.1071827150573635,1.0,30.81256314692621,0.10083582553119186,0.8166109180297862,0.9245356045764584,0.04450393274996145,inf,1.4241258479987664
mix+equity_10x10_s2,Tabu,3,56,39,2,1.0,5.105179914714994,5.105179914714994,False,17,0,10,mix+equity,32,0.0,0.0,0.1071827150573635,1.0,30.95919581342989,0.24746849203487287,0.748165355479428,0.81479736949235,0.012142337781227752,inf,0.38855480899928807,0.0,0.0,0.1071827150573635,1.0,30.81256314692621,0.10083582553119186,0.8265606424787706,0.9245356045764584,0.044095067499995366,inf,1.4110421599998517
mix+equity_10x10_s2,SQA,0,56,39,2,1.0,5.105179914714994,5.105179914714994,False,17,0,10,mix+equity,32,0.0,0.0,0.1071827150573635,1.0,30.845713997235443,0.13398667584042556,0.7826847635922898,0.8997258818099325,0.3004216708750107,inf,9.613493468000343,0.09375,0.032400962626319516,0.24218499335778831,1.0,30.711727321395017,0.0,0.8973514817700483,1.0,0.3392474354374997,15.870489839168112,10.85591793399999
mix+equity_10x10_s2,SQA,1,56,39,2,1.0,5.105179914714994,5.105179914714994,False,17,0,10,mix+equity,32,0.0,0.0,0.1071827150573635,1.0,30.840315016566684,0.12858769517166735,0.7971792074645491,0.9037664180967624,0.30126032487498833,inf,9.640330395999626,0.1875,0.08889423936162782,0.3530949575492244,1.0,30.711727321395017,0.0,0.9058124674947865,1.0,0.3377723155624892,7.491349238819838,10.808714097999655
mix+equity_10x10_s2,SQA,2,56,39,2,1.0,5.105179914714994,5.105179914714994,False,17,0,10,mix+equity,32,0.0,0.0,0.1071827150573635,1.0,30.87051852506766,0.1587912036726422,0.7987746397884885,0.8811624527234556,0.29995884437499853,inf,9.598683019999953,0.21875,0.11023696931531854,0.3875533079044484,1.0,30.711727321395017,0.0,0.919420441423733,1.0,0.3360792655000182,6.269552479193345,10.754536496000583
mix+equity_10x10_s2,SQA,3,56,39,2,1.0,5.105179914714994,5.105179914714994,False,17,0,10,mix+equity,32,0.0,0.0,0.1071827150573635,1.0,30.89517061332598,0.18344329193096343,0.7799250187753552,0.8627131076961119,0.2996027695000123,inf,9.587288624000394,0.1875,0.08889423936162782,0.3530949575492244,1.0,30.711727321395017,0.0,0.9069204528772181,1.0,0.3379161233125103,7.494538707077066,10.81331594600033
mix+equity_10x10_s2,Greedy,0,56,39,2,1.0,5.105179914714994,5.105179914714994,False,17,0,10,mix+equity,32,0.0,0.0,0.1071827150573635,0.3125,31.020836426437974,0.30910910504295686,0.19669753395682255,0.7686662293971799,9.844612500842231e-05,inf,0.003150276000269514,0.0,0.0,0.1071827150573635,1.0,30.8437459525255,0.13201863113048162,0.7820100474673927,0.9011987442912982,0.04395350784375296,inf,1.4065122510000947
mix+equity_10x10_s2,Greedy,1,56,39,2,1.0,5.105179914714994,5.105179914714994,False,17,0,10,mix+equity,32,0.0,0.0,0.1071827150573635,0.34375,31.00235233710229,0.29062501570727406,0.2125295716652592,0.7824995135432055,9.866065624919429e-05,inf,0.0031571409999742173,0.0,0.0,0.1071827150573635,0.96875,30.81256314692621,0.10083582553119186,0.7501950560241328,0.9245356045764584,0.04024116078124962,inf,1.2877171449999878
mix+equity_10x10_s2,Greedy,2,56,39,2,1.0,5.105179914714994,5.105179914714994,False,17,0,10,mix+equity,32,0.0,0.0,0.1071827150573635,0.28125,31.114749994579913,0.40302267318489626,0.1549133226692755,0.6983823733909954,9.56805624809931e-05,inf,0.0030617779993917793,0.0,0.0,0.1071827150573635,1.0,30.81834314831709,0.10661582692207361,0.7931056183492087,0.9202099166752353,0.046094531718722465,inf,1.4750250149991189
mix+equity_10x10_s2,Greedy,3,56,39,2,1.0,5.105179914714994,5.105179914714994,False,17,0,10,mix+equity,32,0.0,0.0,0.1071827150573635,0.125,31.042470060394702,0.3307427389996853,0.06937827509910857,0.7524758615516397,9.076959375420302e-05,inf,0.0029046270001344965,0.0625,0.017310203195157234,0.2014746724800358,1.0,30.711727321395017,0.0,0.797268118410538,1.0,0.04452542403123516,3.1771281965082614,1.4248135689995252
mix+equity_10x10_s2,Random,0,56,39,2,1.0,5.105179914714994,5.105179914714994,False,17,0,10,mix+equity,32,0.0,0.0,0.1071827150573635,0.0,,,0.0,0.0,9.441843758395407e-06,inf,0.00030213900026865304,0.0,0.0,0.1071827150573635,1.0,30.81256314692621,0.10083582553119186,0.7527572512581437,0.9245356045764584,0.10257196762501053,inf,3.282302964000337
mix+equity_10x10_s2,Random,1,56,39,2,1.0,5.105179914714994,5.105179914714994,False,17,0,10,mix+equity,32,0.0,0.0,0.1071827150573635,0.0,,,0.0,0.0,8.48075001158577e-06,inf,0.0002713840003707446,0.0,0.0,0.1071827150573635,1.0,30.81256314692621,0.10083582553119186,0.7870050796109054,0.9245356045764584,0.10091592759377477,inf,3.2293096830007926
mix+equity_10x10_s2,Random,2,56,39,2,1.0,5.105179914714994,5.105179914714994,False,17,0,10,mix+equity,32,0.0,0.0,0.1071827150573635,0.0,,,0.0,0.0,9.557718726682651e-06,inf,0.00030584699925384484,0.03125,0.005537717362550945,0.15744607800372734,1.0,30.711727321395017,0.0,0.7884536450645199,1.0,0.09685980518747783,14.04958032138094,3.0995137659992906
mix+equity_10x10_s2,Random,3,56,39,2,1.0,5.105179914714994,5.105179914714994,False,17,0,10,mix+equity,32,0.0,0.0,0.1071827150573635,0.0,,,0.0,0.0,8.514593758945921e-06,inf,0.00027246700028626947,0.0625,0.017310203195157234,0.2014746724800358,1.0,30.711727321395017,0.0,0.7724330561526325,1.0,0.09586206371875505,6.840273220142076,3.0675860390001617
mix+equity_10x10_s2,SQA-fixedT,0,56,39,2,1.0,5.105179914714994,5.105179914714994,False,17,0,10,mix+equity,32,0.0,0.0,0.1071827150573635,0.59375,31.0497460879641,0.3380187665690819,0.35524159431988617,0.7470305645183974,0.3961765865625182,inf,12.677650770000582,0.09375,0.032400962626319516,0.24218499335778831,1.0,30.711727321395017,0.0,0.8831191107445264,1.0,0.44764384243751465,20.94143186022579,14.324602958000469
mix+equity_10x10_s2,SQA-fixedT,1,56,39,2,1.0,5.105179914714994,5.105179914714994,False,17,0,10,mix+equity,32,0.0,0.0,0.1071827150573635,0.6875,31.016252766345993,0.30452544495097555,0.3721365985328761,0.7720965889528855,0.40200606093750935,inf,12.864193950000299,0.0625,0.017310203195157234,0.2014746724800358,1.0,30.711727321395017,0.0,0.8782800770692538,1.0,0.4577911369687797,32.665856890094126,14.64931638300095
mix+equity_10x10_s2,SQA-fixedT,2,56,39,2,1.0,5.105179914714994,5.105179914714994,False,17,0,10,mix+equity,32,0.0,0.0,0.1071827150573635,0.625,30.86731616241565,0.1555888410206343,0.35954958807187265,0.8835590648420915,0.39930905715624476,inf,12.777889828999832,0.03125,0.005537717362550945,0.15744607800372734,1.0,30.711727321395017,0.0,0.8674614286931972,1.0,0.451612633312493,65.5067182263393,14.451604265999777
mix+equity_10x10_s2,SQA-fixedT,3,56,39,2,1.0,5.105179914714994,5.105179914714994,False,17,0,10,mix+equity,32,0.0,0.0,0.1071827150573635,0.75,31.02339839470065,0.31167107330563226,0.4111799204616974,0.7667488812223757,0.40069568050000726,inf,12.822261776000232,0.125,0.04970053844474301,0.2806864978482796,1.0,30.711727321395017,0.0,0.874045875086681,1.0,0.4504688108750088,15.535564310276843,14.415001948000281
mix+equity_10x10_s2,SA-matched,0,56,39,2,1.0,5.105179914714994,5.105179914714994,False,17,0,10,mix+equity,32,0.0,0.0,0.1071827150573635,1.0,30.82784965495146,0.11612233355644364,0.7665511122130206,0.9130953542469177,0.11954475184373337,inf,3.8254320589994677,0.3125,0.17952352116618736,0.4856699969803239,1.0,30.711727321395017,0.0,0.9337761976125849,1.0,0.16078735965623991,1.9761571921700811,5.145195508999677
mix+equity_10x10_s2,SA-matched,1,56,39,2,1.0,5.105179914714994,5.105179914714994,False,17,0,10,mix+equity,32,0.0,0.0,0.1071827150573635,1.0,30.85041339430822,0.13868607291320245,0.7645047314564302,0.8962089060021373,0.1237681427812447,inf,3.9605805689998306,0.3125,0.17952352116618736,0.4856699969803239,1.0,30.711727321395017,0.0,0.9288092612662631,1.0,0.1673258500312329,2.0565185141552313,5.354427200999453
mix+equity_10x10_s2,SA-matched,2,56,39,2,1.0,5.105179914714994,5.105179914714994,False,17,0,10,mix+equity,32,0.0,0.0,0.1071827150573635,1.0,30.881652316463985,0.16992499506896763,0.7708019571536597,0.8728300487185355,0.12976696178122893,inf,4.152542776999326,0.34375,0.20410233354328552,0.5168922649121406,1.0,30.711727321395017,0.0,0.9257673616537595,1.0,0.17417221534373084,1.9042427648488074,5.573510890999387
mix+equity_10x10_s2,SA-matched,3,56,39,2,1.0,5.105179914714994,5.105179914714994,False,17,0,10,mix+equity,32,0.0,0.0,0.1071827150573635,1.0,30.85872141514634,0.14699409375132433,0.7780672079733176,0.889991276836984,0.1207328461875079,inf,3.863451078000253,0.1875,0.08889423936162782,0.3530949575492244,1.0,30.711727321395017,0.0,0.9146243193319934,1.0,0.15988093546877735,3.5459505384012004,5.116189935000875
mix+equity_12x12_s0,SA,0,89,66,2,1.0,6.503228408026167,6.503228408026167,False,23,0,12,mix+equity,32,0.0,0.0,0.1071827150573635,1.0,31.162259199314033,0.3363243724145448,0.5196556948577435,0.7235464993955314,0.01430409440624203,inf,0.45773102099974494,0.0,0.0,0.1071827150573635,1.0,30.91859123729293,0.09265641039344175,0.7652951447399913,0.9238378449268654,0.22182375115622222,inf,7.098360036999111
mix+equity_12x12_s0,SA,1,89,66,2,1.0,6.503228408026167,6.503228408026167,False,23,0,12,mix+equity,32,0.0,0.0,0.1071827150573635,1.0,31.12418939394104,0.2982545670415533,0.5403860742656417,0.7548392983298948,0.014762515312497726,inf,0.47240048999992723,0.0,0.0,0.1071827150573635,1.0,30.91859123729293,0.09265641039344175,0.7790843487641592,0.9238378449268654,0.21696009868747979,inf,6.942723157999353
mix+equity_12x12_s0,SA,2,89,66,2,1.0,6.503228408026167,6.503228408026167,False,23,0,12,mix+equity,32,0.0,0.0,0.1071827150573635,1.0,31.149138884609755,0.3232040577102673,0.506243642089203,0.7343311978192277,0.014790080250008941,inf,0.4732825680002861,0.0,0.0,0.1071827150573635,1.0,30.91859123729293,0.09265641039344175,0.7985502862165889,0.9238378449268654,0.23679017534377067,inf,7.5772856110006614
mix+equity_12x12_s0,SA,3,89,66,2,1.0,6.503228408026167,6.503228408026167,False,23,0,12,mix+equity,32,0.0,0.0,0.1071827150573635,0.96875,31.18898366240429,0.36304883550480227,0.5120854872120406,0.7015793986468225,0.01503729103123419,inf,0.4811933129994941,0.03125,0.005537717362550945,0.15744607800372734,1.0,30.825934826899488,0.0,0.810347740886362,1.0,0.2232726255937223,32.38584550911482,7.1447240189991135
mix+equity_12x12_s0,Tabu,0,89,66,2,1.0,6.503228408026167,6.503228408026167,False,23,0,12,mix+equity,32,0.0,0.0,0.1071827150573635,0.9375,31.172015629739413,0.34608080283992493,0.5543103016429399,0.7155268625041087,0.03662639278127244,inf,1.1720445690007182,0.0,0.0,0.1071827150573635,1.0,31.020924543315353,0.19498971641586493,0.65790050194212,0.8397214293509605,0.19036727881251636,inf,6.0917529220005235
mix+equity_12x12_s0,Tabu,1,89,66,2,1.0,6.503228408026167,6.503228408026167,False,23,0,12,mix+equity,32,0.0,0.0,0.1071827150573635,0.90625,31.15595894065284,0.3300241137533533,0.5450714622043973,0.7287252158504103,0.03857271512498528,inf,1.234326883999529,0.0,0.0,0.1071827150573635,1.0,31.087946265549494,0.2620114386500063,0.6686076877487513,0.7846305966671754,0.21120153506248585,inf,6.758449121999547
mix+equity_12x12_s0,Tabu,2,89,66,2,1.0,6.503228408026167,6.503228408026167,False,23,0,12,mix+equity,32,0.0,0.0,0.1071827150573635,1.0,31.15442643145614,0.32849160455665327,0.5896752629128932,0.7299849150184922,0.03669538212500356,inf,1.174252228000114,0.0,0.0,0.1071827150573635,1.0,30.92493202340885,0.09899719650936234,0.658489303700263,0.918625815522794,0.18548269206252144,inf,5.935446146000686
mix+equity_12x12_s0,Tabu,3,89,66,2,1.0,6.503228408026167,6.503228408026167,False,23,0,12,mix+equity,32,0.0,0.0,0.1071827150573635,0.90625,31.156126589348485,0.3301917624489974,0.5300950600817868,0.7285874111815133,0.0355438526562466,inf,1.1374032849998912,0.0,0.0,0.1071827150573635,1.0,31.06286436916914,0.23692954226965313,0.6467920385271431,0.8052475326518223,0.1908207072187338,inf,6.106262630999481
mix+equity_12x12_s0,SQA,0,89,66,2,1.0,6.503228408026167,6.503228408026167,False,23,0,12,mix+equity,32,0.0,0.0,0.1071827150573635,1.0,31.107042878737214,0.2811080518377267,0.696969876542356,0.7689334721099114,0.6252031762499826,inf,20.006501639999442,0.0,0.0,0.1071827150573635,1.0,30.91859123729293,0.09265641039344175,0.8485411288669584,0.9238378449268654,0.8097333859374771,inf,25.911468349999268
mix+equity_12x12_s0,SQA,1,89,66,2,1.0,6.503228408026167,6.503228408026167,False,23,0,12,mix+equity,32,0.0,0.0,0.1071827150573635,1.0,31.060461333933667,0.23452650703417888,0.705278990060242,0.8072227909364164,0.6239930647812741,inf,19.967778073000773,0.0,0.0,0.1071827150573635,1.0,30.91859123729293,0.09265641039344175,0.8634070247498816,0.9238378449268654,0.8071480986562563,inf,25.8287391570002
mix+equity_12x12_s0,SQA,2,89,66,2,1.0,6.503228408026167,6.503228408026167,False,23,0,12,mix+equity,32,0.0,0.0,0.1071827150573635,1.0,30.969589460619233,0.14365463371974485,0.7110018716946858,0.8819180837690646,0.6211934782499782,inf,19.8781913039993,0.0,0.0,0.1071827150573635,1.0,30.91859123729293,0.09265641039344175,0.8372337199612138,0.9238378449268654,0.8105270336249646,inf,25.936865075998867
mix+equity_12x12_s0,SQA,3,89,66,2,1.0,6.503228408026167,6.503228408026167,False,23,0,12,mix+equity,32,0.0,0.0,0.1071827150573635,1.0,30.988283572627925,0.16234874572843694,0.712366442111993,0.8665518090373453,0.6204919291249951,inf,19.855741731999842,0.03125,0.005537717362550945,0.15744607800372734,1.0,30.825934826899488,0.0,0.8527359797769916,1.0,0.8089946278124955,117.34521849406683,25.887828089999857
mix+equity_12x12_s0,Greedy,0,89,66,2,1.0,6.503228408026167,6.503228408026167,False,23,0,12,mix+equity,32,0.0,0.0,0.1071827150573635,0.46875,31.203640098680555,0.3777052717810676,0.20339070402880538,0.6895320317376955,0.0003044725937400017,inf,0.009743122999680054,0.0,0.0,0.1071827150573635,1.0,30.91859123729293,0.09265641039344175,0.6292525029396878,0.9238378449268654,0.18569583050000915,inf,5.942266576000293
mix+equity_12x12_s0,Greedy,1,89,66,2,1.0,6.503228408026167,6.503228408026167,False,23,0,12,mix+equity,32,0.0,0.0,0.1071827150573635,0.34375,31.233298331544734,0.4073635046452466,0.1626335353888972,0.665153417014708,0.00029812165624321096,inf,0.00953989299978275,0.0,0.0,0.1071827150573635,0.96875,31.02857994431214,0.20264511741265068,0.6133758151356212,0.8334288065805722,0.18416189028124563,inf,5.89318048899986
mix+equity_12x12_s0,Greedy,2,89,66,2,1.0,6.503228408026167,6.503228408026167,False,23,0,12,mix+equity,32,0.0,0.0,0.1071827150573635,0.34375,31.20633250279432,0.38039767589483375,0.1560654998135234,0.687318916651956,0.00029898062499000844,inf,0.00956737999968027,0.0,0.0,0.1071827150573635,0.96875,31.030470738334508,0.2045359114350198,0.6345128249243739,0.8318746027545061,0.2040148000312172,inf,6.52847360099895
mix+equity_12x12_s0,Greedy,3,89,66,2,1.0,6.503228408026167,6.503228408026167,False,23,0,12,mix+equity,32,0.0,0.0,0.1071827150573635,0.34375,31.20727000287243,0.38133517597294286,0.1698920457920205,0.6865483058973754,0.00029728687499641637,inf,0.009513179999885324,0.0,0.0,0.1071827150573635,0.96875,31.02857994431214,0.20264511741265068,0.6325084657733437,0.8334288065805722,0.18476322643749654,inf,5.912423245999889
mix+equity_12x12_s0,Random,0,89,66,2,1.0,6.503228408026167,6.503228408026167,False,23,0,12,mix+equity,32,0.0,0.0,0.1071827150573635,0.0,,,0.0,0.0,1.4453562499738837e-05,inf,0.0004625139999916428,0.0,0.0,0.1071827150573635,1.0,30.91859123729293,0.09265641039344175,0.6147715030667276,0.9238378449268654,0.5120768876562352,inf,16.386460404999525
mix+equity_12x12_s0,Random,1,89,66,2,1.0,6.503228408026167,6.503228408026167,False,23,0,12,mix+equity,32,0.0,0.0,0.1071827150573635,0.0,,,0.0,0.0,1.5624843740624783e-05,inf,0.0004999949996999931,0.0,0.0,0.1071827150573635,1.0,31.02857994431214,0.20264511741265068,0.6109301790777333,0.8334288065805722,0.5035376861249858,inf,16.113205955999547
mix+equity_12x12_s0,Random,2,89,66,2,1.0,6.503228408026167,6.503228408026167,False,23,0,12,mix+equity,32,0.0,0.0,0.1071827150573635,0.0,,,0.0,0.0,1.5620812490624303e-05,inf,0.0004998659996999777,0.0,0.0,0.1071827150573635,1.0,31.02857994431214,0.20264511741265068,0.6016374818799717,0.8334288065805722,0.48573126978124037,inf,15.543400632999692
mix+equity_12x12_s0,Random,3,89,66,2,1.0,6.503228408026167,6.503228408026167,False,23,0,12,mix+equity,32,0.0,0.0,0.1071827150573635,0.0,,,0.0,0.0,1.6295656223519472e-05,inf,0.0005214609991526231,0.0,0.0,0.1071827150573635,1.0,31.020924543315353,0.19498971641586493,0.6237905918896152,0.8397214293509605,0.4913153112187274,inf,15.722089958999277
mix+equity_12x12_s0,SQA-fixedT,0,89,66,2,1.0,6.503228408026167,6.503228408026167,False,23,0,12,mix+equity,32,0.0,0.0,0.1071827150573635,0.5,31.280104318093247,0.4541694911937597,0.23279711802226918,0.6266796104996303,0.8077893282187745,inf,25.849258503000783,0.0,0.0,0.1071827150573635,1.0,30.91859123729293,0.09265641039344175,0.7907627007318585,0.9238378449268654,1.027247552875025,inf,32.8719216920008
mix+equity_12x12_s0,SQA-fixedT,1,89,66,2,1.0,6.503228408026167,6.503228408026167,False,23,0,12,mix+equity,32,0.0,0.0,0.1071827150573635,0.40625,31.255023693963242,0.42908886706375426,0.19587256861536453,0.6472955007139104,0.8140614529374943,inf,26.04996649399982,0.0,0.0,0.1071827150573635,1.0,30.91859123729293,0.09265641039344175,0.8172587409921974,0.9238378449268654,1.0538987045937347,inf,33.72475854699951
mix+equity_12x12_s0,SQA-fixedT,2,89,66,2,1.0,6.503228408026167,6.503228408026167,False,23,0,12,mix+equity,32,0.0,0.0,0.1071827150573635,0.3125,31.294794839016685,0.4688600121171973,0.13142892004367676,0.6146042265307822,0.8178347940312563,inf,26.1707134090002,0.03125,0.005537717362550945,0.15744607800372734,1.0,30.825934826899488,0.0,0.7943010733702915,1.0,1.0479557185000203,152.006686486914,33.53458299200065
mix+equity_12x12_s0,SQA-fixedT,3,89,66,2,1.0,6.503228408026167,6.503228408026167,False,23,0,12,mix+equity,32,0.0,0.0,0.1071827150573635,0.4375,31.159643752084143,0.33370892518465567,0.21569587320840367,0.725696357097363,0.8264170817500087,inf,26.44534661600028,0.09375,0.032400962626319516,0.24218499335778831,1.0,30.825934826899488,0.0,0.8322325411436395,1.0,1.0456235657187563,48.915795498744465,33.4599541030002
mix+equity_12x12_s0,SA-matched,0,89,66,2,1.0,6.503228408026167,6.503228408026167,False,23,0,12,mix+equity,32,0.0,0.0,0.1071827150573635,1.0,31.045902199993648,0.21996737309416048,0.6707362753535601,0.8191901768103321,0.2519880554062297,inf,8.06361777299935,0.03125,0.005537717362550945,0.15744607800372734,1.0,30.825934826899488,0.0,0.8540174140071235,1.0,0.4437868434687289,64.37158211104979,14.201178990999324
mix+equity_12x12_s0,SA-matched,1,89,66,2,1.0,6.503228408026167,6.503228408026167,False,23,0,12,mix+equity,32,0.0,0.0,0.1071827150573635,1.0,31.052322046016076,0.22638721911658877,0.6822242543318009,0.81391316136985,0.24419774809373962,inf,7.814327938999668,0.0,0.0,0.1071827150573635,1.0,30.91859123729293,0.09265641039344175,0.8750797317035114,0.9238378449268654,0.4418967618125009,inf,14.14069637800003
mix+equity_12x12_s0,SA-matched,2,89,66,2,1.0,6.503228408026167,6.503228408026167,False,23,0,12,mix+equity,32,0.0,0.0,0.1071827150573635,1.0,31.050266210564264,0.22433138366477579,0.673503073585862,0.8156030267317929,0.25285515946873716,inf,8.091365102999589,0.03125,0.005537717362550945,0.15744607800372734,1.0,30.825934826899488,0.0,0.8749021447021699,1.0,0.4364957631874802,63.3140059798283,13.967864421999366
mix+equity_12x12_s0,SA-matched,3,89,66,2,1.0,6.503228408026167,6.503228408026167,False,23,0,12,mix+equity,32,0.0,0.0,0.1071827150573635,1.0,31.13132618787049,0.30539136097100084,0.6592403960725799,0.7489729626530481,0.24856094853126365,inf,7.953950353000437,0.0,0.0,0.1071827150573635,1.0,30.91859123729293,0.09265641039344175,0.8540635299860789,0.9238378449268654,0.43287758181250524,inf,13.852082618000168
mix+equity_12x12_s1,SA,0,89,66,2,1.0,6.57408816523916,6.57408816523916,False,23,0,12,mix+equity,32,0.0,0.0,0.1071827150573635,1.0,31.190776074110058,0.2908634624563149,0.5141045467050462,0.7649496441533165,0.01423961318749889,inf,0.45566762199996447,0.0,0.0,0.1071827150573635,1.0,30.979317950090834,0.07940533843709119,0.811391351240974,0.9358315654426075,0.22340805737499636,inf,7.1490578359998835
mix+equity_12x12_s1,SA,1,89,66,2,1.0,6.57408816523916,6.57408816523916,False,23,0,12,mix+equity,32,0.0,0.0,0.1071827150573635,0.9375,31.272234204945804,0.37232159329206027,0.48720032743035524,0.6991223227089004,0.015261384968766833,inf,0.48836431900053867,0.03125,0.005537717362550945,0.15744607800372734,1.0,30.899912611653743,0.0,0.8178359346780635,1.0,0.23711004306252903,34.392972281589614,7.587521378000929
mix+equity_12x12_s1,SA,2,89,66,2,1.0,6.57408816523916,6.57408816523916,False,23,0,12,mix+equity,32,0.0,0.0,0.1071827150573635,1.0,31.267032918435078,0.36712030678133445,0.5284678107193449,0.7033255465682405,0.014659780812507961,inf,0.46911298600025475,0.03125,0.005537717362550945,0.15744607800372734,1.0,30.899912611653743,0.0,0.7991248975751756,1.0,0.21974180812500776,31.873698044737584,7.0317378600002485
mix+equity_12x12_s1,SA,3,89,66,2,1.0,6.57408816523916,6.57408816523916,False,23,0,12,mix+equity,32,0.0,0.0,0.1071827150573635,0.96875,31.173864145119353,0.27395153346560974,0.5018894287499223,0.7786163828139556,0.014402126437488505,inf,0.46086804599963216,0.03125,0.005537717362550945,0.15744607800372734,1.0,30.899912611653743,0.0,0.802854187708013,1.0,0.22384696506250634,32.46915383791851,7.163102882000203
mix+equity_12x12_s1,Tabu,0,89,66,2,1.0,6.57408816523916,6.57408816523916,False,23,0,12,mix+equity,32,0.0,0.0,0.1071827150573635,0.9375,31.21398925508932,0.31407664343557684,0.5764986671486821,0.7461907859473688,0.03709907753125208,inf,1.1871704810000665,0.0,0.0,0.1071827150573635,1.0,31.07409083995552,0.17417822830177698,0.6764871197543163,0.8592444228046467,0.17473451424999098,inf,5.591504455999711
mix+equity_12x12_s1,Tabu,1,89,66,2,1.0,6.57408816523916,6.57408816523916,False,23,0,12,mix+equity,32,0.0,0.0,0.1071827150573635,1.0,31.14176737114185,0.2418547594881062,0.5989965203870087,0.8045541822241372,0.034660672593759045,inf,1.1091415230002895,0.0,0.0,0.1071827150573635,1.0,31.07409083995552,0.17417822830177698,0.6672142704352604,0.8592444228046467,0.16923862840624793,inf,5.415636108999934
mix+equity_12x12_s1,Tabu,2,89,66,2,1.0,6.57408816523916,6.57408816523916,False,23,0,12,mix+equity,32,0.0,0.0,0.1071827150573635,0.9375,31.20774692541478,0.3078343137610382,0.6086484468534059,0.751235289643095,0.03715458584375142,inf,1.1889467470000454,0.0,0.0,0.1071827150573635,1.0,30.979381381807652,0.07946877015390896,0.7175323592832068,0.9357803054889369,0.1928025535312372,inf,6.169681712999591
mix+equity_12x12_s1,Tabu,3,89,66,2,1.0,6.57408816523916,6.57408816523916,False,23,0,12,mix+equity,32,0.0,0.0,0.1071827150573635,1.0,31.211614756354912,0.31170214470116875,0.6176019019060248,0.7481096476970255,0.0423123086562498,inf,1.3539938769999935,0.0,0.0,0.1071827150573635,1.0,31.09805832361855,0.19814571196480557,0.6928246688181992,0.8398760032851598,0.18607304884375253,inf,5.954337563000081
mix+equity_12x12_s1,SQA,0,89,66,2,1.0,6.57408816523916,6.57408816523916,False,23,0,12,mix+equity,32,0.0,0.0,0.1071827150573635,1.0,31.085572193625023,0.1856595819712794,0.6946234412482144,0.8499661991225522,0.6109002252812559,inf,19.548807209000188,0.03125,0.005537717362550945,0.15744607800372734,1.0,30.899912611653743,0.0,0.8457756115872597,1.0,0.8016508346562432,116.27999632463681,25.652826708999783
mix+equity_12x12_s1,SQA,1,89,66,2,1.0,6.57408816523916,6.57408816523916,False,23,0,12,mix+equity,32,0.0,0.0,0.1071827150573635,1.0,31.070962836013617,0.17105022435987394,0.7095170181478332,0.8617722014174196,0.6153643770312271,inf,19.69166006499927,0.03125,0.005537717362550945,0.15744607800372734,1.0,30.899912611653743,0.0,0.8785312542456007,1.0,0.8131621480937099,117.94972013247684,26.021188738998717
mix+equity_12x12_s1,SQA,2,89,66,2,1.0,6.57408816523916,6.57408816523916,False,23,0,12,mix+equity,32,0.0,0.0,0.1071827150573635,1.0,31.14242026627297,0.24250765461922796,0.7049524450326284,0.8040265696061591,0.6120525925312563,inf,19.585682961000202,0.0,0.0,0.1071827150573635,1.0,30.979317950090834,0.07940533843709119,0.8546591657740714,0.9358315654426075,0.7928769865000049,inf,25.372063568000158
mix+equity_12x12_s1,SQA,3,89,66,2,1.0,6.57408816523916,6.57408816523916,False,23,0,12,mix+equity,32,0.0,0.0,0.1071827150573635,1.0,31.14331355875329,0.2434009470995484,0.7120880440898839,0.8033046889216575,0.6139754659375001,inf,19.647214910000002,0.09375,0.032400962626319516,0.24218499335778831,1.0,30.899912611653743,0.0,0.8672053190667028,1.0,0.7952660371250033,37.20370515211485,25.448513188000106
mix+equity_12x12_s1,Greedy,0,89,66,2,1.0,6.57408816523916,6.57408816523916,False,23,0,12,mix+equity,32,0.0,0.0,0.1071827150573635,0.1875,31.463201676239272,0.5632890645855291,0.07661881779670843,0.5447991509237444,0.00030718956247710594,inf,0.00983006599926739,0.0,0.0,0.1071827150573635,0.9375,31.096044972584494,0.1961323609307506,0.6129378990515058,0.8415030171183943,0.17354357031248924,inf,5.553394249999656
mix+equity_12x12_s1,Greedy,1,89,66,2,1.0,6.57408816523916,6.57408816523916,False,23,0,12,mix+equity,32,0.0,0.0,0.1071827150573635,0.25,31.306859052828628,0.40694644117488465,0.12134750413315956,0.6711415555569674,0.0002995045625198145,inf,0.009584146000634064,0.0,0.0,0.1071827150573635,0.90625,31.17110353887007,0.27119092721632754,0.5865219268132832,0.7808472628143744,0.15051314559377715,inf,4.816420659000869
mix+equity_12x12_s1,Greedy,2,89,66,2,1.0,6.57408816523916,6.57408816523916,False,23,0,12,mix+equity,32,0.0,0.0,0.1071827150573635,0.25,31.37919462292089,0.479282011267145,0.11852264658367294,0.6126862881026988,0.0002941271562519887,inf,0.009412069000063639,0.0,0.0,0.1071827150573635,1.0,31.07409083995552,0.17417822830177698,0.6374211363100613,0.8592444228046467,0.17565414609376262,inf,5.620932675000404
mix+equity_12x12_s1,Greedy,3,89,66,2,1.0,6.57408816523916,6.57408816523916,False,23,0,12,mix+equity,32,0.0,0.0,0.1071827150573635,0.28125,31.221444462605426,0.3215318509516827,0.14172266653910032,0.7401661406901986,0.0002909375000115233,inf,0.009310000000368746,0.0,0.0,0.1071827150573635,1.0,31.07409083995552,0.17417822830177698,0.6640980045226939,0.8592444228046467,0.18266052337500582,inf,5.845136748000186
mix+equity_12x12_s1,Random,0,89,66,2,1.0,6.57408816523916,6.57408816523916,False,23,0,12,mix+equity,32,0.0,0.0,0.1071827150573635,0.0,,,0.0,0.0,1.4432406231890127e-05,inf,0.00046183699942048406,0.0,0.0,0.1071827150573635,1.0,30.979381381807652,0.07946877015390896,0.6491184873684543,0.9357803054889369,0.49244885890624346,inf,15.75836348499979
mix+equity_12x12_s1,Random,1,89,66,2,1.0,6.57408816523916,6.57408816523916,False,23,0,12,mix+equity,32,0.0,0.0,0.1071827150573635,0.0,,,0.0,0.0,1.6992187482856025e-05,inf,0.0005437499994513928,0.0,0.0,0.1071827150573635,1.0,31.079821927044478,0.1799093153907343,0.6341174453449699,0.854613060555598,0.5127650684999878,inf,16.40848219199961
mix+equity_12x12_s1,Random,2,89,66,2,1.0,6.57408816523916,6.57408816523916,False,23,0,12,mix+equity,32,0.0,0.0,0.1071827150573635,0.0,,,0.0,0.0,1.551315622805305e-05,inf,0.0004964209992976976,0.0,0.0,0.1071827150573635,1.0,31.079821927044478,0.1799093153907343,0.6237279868633816,0.854613060555598,0.48752735115621704,inf,15.600875236998945
mix+equity_12x12_s1,Random,3,89,66,2,1.0,6.57408816523916,6.57408816523916,False,23,0,12,mix+equity,32,0.0,0.0,0.1071827150573635,0.0,,,0.0,0.0,1.5825812511138793e-05,inf,0.0005064260003564414,0.0,0.0,0.1071827150573635,1.0,31.07409083995552,0.17417822830177698,0.6432450805886296,0.8592444228046467,0.4978715803750049,inf,15.931890572000157
mix+equity_12x12_s1,SQA-fixedT,0,89,66,2,1.0,6.57408816523916,6.57408816523916,False,23,0,12,mix+equity,32,0.0,0.0,0.1071827150573635,0.4375,31.37209178537743,0.47217917372368845,0.21412571902076016,0.6184261788335993,0.7947433175000072,inf,25.43178616000023,0.0,0.0,0.1071827150573635,1.0,30.979317950090834,0.07940533843709119,0.8407496310144689,0.9358315654426075,1.0304543403437663,inf,32.97453889100052
mix+equity_12x12_s1,SQA-fixedT,1,89,66,2,1.0,6.57408816523916,6.57408816523916,False,23,0,12,mix+equity,32,0.0,0.0,0.1071827150573635,0.34375,31.38626664700928,0.4863540353555358,0.15700299916244553,0.6069712981053482,0.7949679490625101,inf,25.438974370000324,0.03125,0.005537717362550945,0.15744607800372734,1.0,30.899912611653743,0.0,0.8064816613343921,1.0,1.0086553674375125,146.30614395699203,32.2769717580004
mix+equity_12x12_s1,SQA-fixedT,2,89,66,2,1.0,6.57408816523916,6.57408816523916,False,23,0,12,mix+equity,32,0.0,0.0,0.1071827150573635,0.1875,31.379354260492864,0.47944164883912066,0.07924716190534685,0.6125572830094412,0.7827760258437308,inf,25.048832826999387,0.0,0.0,0.1071827150573635,1.0,30.979317950090834,0.07940533843709119,0.8061859365949233,0.9358315654426075,1.0113891849374852,inf,32.364453917999526
mix+equity_12x12_s1,SQA-fixedT,3,89,66,2,1.0,6.57408816523916,6.57408816523916,False,23,0,12,mix+equity,32,0.0,0.0,0.1071827150573635,0.1875,31.470980410925343,0.5710677992715993,0.08476607463563879,0.5385130593653302,0.7967100399062303,inf,25.49472127699937,0.03125,0.005537717362550945,0.15744607800372734,1.0,30.899912611653743,0.0,0.8222618926129276,1.0,1.0123966737499757,146.8488229706665,32.39669355999922
mix+equity_12x12_s1,SA-matched,0,89,66,2,1.0,6.57408816523916,6.57408816523916,False,23,0,12,mix+equity,32,0.0,0.0,0.1071827150573635,1.0,31.09485300306059,0.1949403914068455,0.7062732148237133,0.8424662624101413,0.24187174793749477,inf,7.739895933999833,0.03125,0.005537717362550945,0.15744607800372734,1.0,30.899912611653743,0.0,0.8895640521375894,1.0,0.4375341549062455,63.46462540167838,14.001092956999855
mix+equity_12x12_s1,SA-matched,1,89,66,2,1.0,6.57408816523916,6.57408816523916,False,23,0,12,mix+equity,32,0.0,0.0,0.1071827150573635,1.0,31.08653139178368,0.18661878012993682,0.6832839048849341,0.8491910592455257,0.2516210480312395,inf,8.051873536999665,0.09375,0.032400962626319516,0.24218499335778831,1.0,30.899912611653743,0.0,0.8875572535067795,1.0,0.4422060804062369,20.687045421153925,14.15059457299958
mix+equity_12x12_s1,SA-matched,2,89,66,2,1.0,6.57408816523916,6.57408816523916,False,23,0,12,mix+equity,32,0.0,0.0,0.1071827150573635,1.0,31.138115472722838,0.2382028610690945,0.6786731539952411,0.8075053264333676,0.24106696937499805,inf,7.714143019999938,0.125,0.04970053844474301,0.2806864978482796,1.0,30.899912611653743,0.0,0.9093053758358653,1.0,0.42743785012498847,14.741282967769692,13.678011203999631
mix+equity_12x12_s1,SA-matched,3,89,66,2,1.0,6.57408816523916,6.57408816523916,False,23,0,12,mix+equity,32,0.0,0.0,0.1071827150573635,1.0,31.129024138310264,0.22911152665652068,0.6972016802561357,0.8148521460398955,0.24419602740624669,inf,7.814272876999894,0.03125,0.005537717362550945,0.15744607800372734,1.0,30.899912611653743,0.0,0.8906197041510995,1.0,0.43972974581248536,63.783097349153444,14.071351865999532
mix+equity_12x12_s2,SA,0,89,66,2,1.0,6.277838962909015,6.277838962909015,False,23,0,12,mix+equity,32,0.0,0.0,0.1071827150573635,0.96875,31.188091670806116,0.2644103766307033,0.5171903710743639,0.7780956729576077,0.014338134781240797,inf,0.4588203129997055,0.0,0.0,0.1071827150573635,1.0,31.000585019388012,0.07690372521259903,0.7694131877343491,0.9354591540324094,0.20933874865625057,inf,6.698839957000018
mix+equity_12x12_s2,SA,1,89,66,2,1.0,6.277838962909015,6.277838962909015,False,23,0,12,mix+equity,32,0.0,0.0,0.1071827150573635,1.0,31.265477006499655,0.34179571232424166,0.5135641527939994,0.7131506391853204,0.014589645999990353,inf,0.4668686719996913,0.0,0.0,0.1071827150573635,1.0,31.000585019388012,0.07690372521259903,0.7590209958281875,0.9354591540324094,0.2183798176874916,inf,6.988154165999731
mix+equity_12x12_s2,SA,2,89,66,2,1.0,6.277838962909015,6.277838962909015,False,23,0,12,mix+equity,32,0.0,0.0,0.1071827150573635,0.9375,31.256650615915657,0.33296932174024363,0.4834134906222676,0.7205581179980409,0.014362788687520833,inf,0.45960923800066666,0.0,0.0,0.1071827150573635,1.0,31.000585019388012,0.07690372521259903,0.7926470586194866,0.9354591540324094,0.20810617631252626,inf,6.65939764200084
mix+equity_12x12_s2,SA,3,89,66,2,1.0,6.277838962909015,6.277838962909015,False,23,0,12,mix+equity,32,0.0,0.0,0.1071827150573635,1.0,31.18180364122892,0.2581223470535079,0.5403867305314345,0.7833728522783688,0.01633408709375317,inf,0.5226907870001014,0.03125,0.005537717362550945,0.15744607800372734,1.0,30.923681294175413,0.0,0.8155886656347582,1.0,0.22334176124999772,32.39587368286587,7.146936359999927
mix+equity_12x12_s2,Tabu,0,89,66,2,1.0,6.277838962909015,6.277838962909015,False,23,0,12,mix+equity,32,0.0,0.0,0.1071827150573635,1.0,31.243064928869494,0.3193836346940806,0.5744726538368015,0.7319597988995358,0.034501478343742065,inf,1.104047306999746,0.0,0.0,0.1071827150573635,1.0,31.12487144255705,0.20119014838163807,0.6429915551966834,0.8311527518205492,0.18212761390626042,inf,5.8280836450003335
mix+equity_12x12_s2,Tabu,1,89,66,2,1.0,6.277838962909015,6.277838962909015,False,23,0,12,mix+equity,32,0.0,0.0,0.1071827150573635,0.9375,31.27335220285606,0.3496709086806469,0.5194557978620071,0.7065414426399232,0.03554385987499131,inf,1.137403515999722,0.0,0.0,0.1071827150573635,1.0,31.149309152128104,0.22562785795269136,0.6504219992071695,0.8106435964465301,0.19453094112498093,inf,6.22499011599939
mix+equity_12x12_s2,Tabu,2,89,66,2,1.0,6.277838962909015,6.277838962909015,False,23,0,12,mix+equity,32,0.0,0.0,0.1071827150573635,0.90625,31.243180474779216,0.31949918060380256,0.5145179744011688,0.7318628279044256,0.03676294315627615,inf,1.1764141810008368,0.0,0.0,0.1071827150573635,1.0,31.096894255981713,0.17321296180629986,0.6620801814939625,0.8546323854062265,0.2062246041250262,inf,6.599187332000838
mix+equity_12x12_s2,Tabu,3,89,66,2,1.0,6.277838962909015,6.277838962909015,False,23,0,12,mix+equity,32,0.0,0.0,0.1071827150573635,0.875,31.22458143046096,0.30090013628554857,0.5019221481997993,0.7474719294293561,0.03282335134375103,inf,1.050347243000033,0.0,0.0,0.1071827150573635,1.0,31.096894255981713,0.17321296180629986,0.6632355935561707,0.8546323854062265,0.21524568581250492,inf,6.887861946000157
mix+equity_12x12_s2,SQA,0,89,66,2,1.0,6.277838962909015,6.277838962909015,False,23,0,12,mix+equity,32,0.0,0.0,0.1071827150573635,1.0,31.150050415062616,0.2263691208872025,0.7161593250297547,0.8100214973642618,0.6160611630625112,inf,19.71395721800036,0.03125,0.005537717362550945,0.15744607800372734,1.0,30.923681294175413,0.0,0.844033252093811,1.0,0.7968772350000108,115.58758246253436,25.500071520000347
mix+equity_12x12_s2,SQA,1,89,66,2,1.0,6.277838962909015,6.277838962909015,False,23,0,12,mix+equity,32,0.0,0.0,0.1071827150573635,1.0,31.089459587435552,0.16577829326013926,0.7184992141685576,0.8608718724548882,0.6016827764999846,inf,19.253848847999507,0.0,0.0,0.1071827150573635,1.0,31.000585019388012,0.07690372521259903,0.8660194118172371,0.9354591540324094,0.7794139918124756,inf,24.94124773799922
mix+equity_12x12_s2,SQA,2,89,66,2,1.0,6.277838962909015,6.277838962909015,False,23,0,12,mix+equity,32,0.0,0.0,0.1071827150573635,1.0,31.108726030971987,0.18504473679657352,0.7124066277018982,0.8447026613901351,0.6037746237812485,inf,19.32078796099995,0.03125,0.005537717362550945,0.15744607800372734,1.0,30.923681294175413,0.0,0.8367110801162648,1.0,0.7863228053124942,114.05665529048277,25.162329769999815
mix+equity_12x12_s2,SQA,3,89,66,2,1.0,6.277838962909015,6.277838962909015,False,23,0,12,mix+equity,32,0.0,0.0,0.1071827150573635,1.0,31.139392766659352,0.21571147248393885,0.7127892950888609,0.8189658448854022,0.6047622896250004,inf,19.352393268000014,0.0,0.0,0.1071827150573635,1.0,31.000585019388012,0.07690372521259903,0.8431681267834006,0.9354591540324094,0.7827919916249755,inf,25.049343731999215
mix+equity_12x12_s2,Greedy,0,89,66,2,1.0,6.277838962909015,6.277838962909015,False,23,0,12,mix+equity,32,0.0,0.0,0.1071827150573635,0.3125,31.460182177847123,0.5365008836717102,0.126272022397597,0.5497458569294466,0.0003171894375100237,inf,0.010150062000320759,0.0,0.0,0.1071827150573635,0.96875,31.096894255981713,0.17321296180629986,0.6131015066998332,0.8546323854062265,0.20044950140626838,inf,6.414384045000588
mix+equity_12x12_s2,Greedy,1,89,66,2,1.0,6.277838962909015,6.277838962909015,False,23,0,12,mix+equity,32,0.0,0.0,0.1071827150573635,0.3125,31.31951827438181,0.395836980206397,0.1538539515146326,0.6677969305498371,0.0003099174687406503,inf,0.00991735899970081,0.0,0.0,0.1071827150573635,0.96875,31.096894255981713,0.17321296180629986,0.6474252246104738,0.8546323854062265,0.1980190741874992,inf,6.336610373999974
mix+equity_12x12_s2,Greedy,2,89,66,2,1.0,6.277838962909015,6.277838962909015,False,23,0,12,mix+equity,32,0.0,0.0,0.1071827150573635,0.5,31.37512663825496,0.4514453440795485,0.2247848707731754,0.6211280489407207,0.000287634312485352,inf,0.009204297999531263,0.0,0.0,0.1071827150573635,1.0,31.096894255981713,0.17321296180629986,0.6307017379757198,0.8546323854062265,0.19771751928124104,inf,6.326960616999713
mix+equity_12x12_s2,Greedy,3,89,66,2,1.0,6.277838962909015,6.277838962909015,False,23,0,12,mix+equity,32,0.0,0.0,0.1071827150573635,0.34375,31.35076975845615,0.427088464280736,0.17317670644313005,0.6415693685647113,0.0002991474374880454,inf,0.009572717999617453,0.0,0.0,0.1071827150573635,0.875,31.096894255981713,0.17321296180629986,0.5657250263725706,0.8546323854062265,0.17645932843748824,inf,5.646698509999624
mix+equity_12x12_s2,Random,0,89,66,2,1.0,6.277838962909015,6.277838962909015,False,23,0,12,mix+equity,32,0.0,0.0,0.1071827150573635,0.0,,,0.0,0.0,1.58092499873419e-05,inf,0.0005058959995949408,0.0,0.0,0.1071827150573635,1.0,31.000585019388012,0.07690372521259903,0.6210235130477648,0.9354591540324094,0.5108092345937507,inf,16.345895507000023
mix+equity_12x12_s2,Random,1,89,66,2,1.0,6.277838962909015,6.277838962909015,False,23,0,12,mix+equity,32,0.0,0.0,0.1071827150573635,0.0,,,0.0,0.0,1.418621874904602e-05,inf,0.00045395899996947264,0.0,0.0,0.1071827150573635,1.0,31.096894255981713,0.17321296180629986,0.611976076098155,0.8546323854062265,0.5015234710625123,inf,16.048751074000393
mix+equity_12x12_s2,Random,2,89,66,2,1.0,6.277838962909015,6.277838962909015,False,23,0,12,mix+equity,32,0.0,0.0,0.1071827150573635,0.0,,,0.0,0.0,1.653825000857978e-05,inf,0.000529224000274553,0.0,0.0,0.1071827150573635,1.0,31.096894255981713,0.17321296180629986,0.6113939661152776,0.8546323854062265,0.48152372340626926,inf,15.408759149000616
mix+equity_12x12_s2,Random,3,89,66,2,1.0,6.277838962909015,6.277838962909015,False,23,0,12,mix+equity,32,0.0,0.0,0.1071827150573635,0.0,,,0.0,0.0,1.4316562499061547e-05,inf,0.0004581299999699695,0.0,0.0,0.1071827150573635,0.96875,31.096894255981713,0.17321296180629986,0.5913168354992051,0.8546323854062265,0.4975781955937464,inf,15.922502258999884
mix+equity_12x12_s2,SQA-fixedT,0,89,66,2,1.0,6.277838962909015,6.277838962909015,False,23,0,12,mix+equity,32,0.0,0.0,0.1071827150573635,0.5,31.37423661142533,0.4505553172499184,0.21412986593921832,0.6218749969508384,0.8015246211562612,inf,25.64878787700036,0.0,0.0,0.1071827150573635,1.0,31.000585019388012,0.07690372521259903,0.7964529029407326,0.9354591540324094,1.027750994375026,inf,32.88803182000083
mix+equity_12x12_s2,SQA-fixedT,1,89,66,2,1.0,6.277838962909015,6.277838962909015,False,23,0,12,mix+equity,32,0.0,0.0,0.1071827150573635,0.375,31.245232386319326,0.3215510921439133,0.1830761597993072,0.7301407772978613,0.8027870800312655,inf,25.689186561000497,0.03125,0.005537717362550945,0.15744607800372734,1.0,30.923681294175413,0.0,0.8159736924467591,1.0,1.0210773235625084,148.1079571032089,32.67447435400027
mix+equity_12x12_s2,SQA-fixedT,2,89,66,2,1.0,6.277838962909015,6.277838962909015,False,23,0,12,mix+equity,32,0.0,0.0,0.1071827150573635,0.46875,31.330899066215036,0.4072177720396226,0.21856846580552192,0.6582456905979772,0.7993692439687266,inf,25.57981580699925,0.0,0.0,0.1071827150573635,1.0,31.000585019388012,0.07690372521259903,0.780206389306277,0.9354591540324094,1.0235024235312267,inf,32.75207755299925
mix+equity_12x12_s2,SQA-fixedT,3,89,66,2,1.0,6.277838962909015,6.277838962909015,False,23,0,12,mix+equity,32,0.0,0.0,0.1071827150573635,0.46875,31.406650407304273,0.4829691131288598,0.20621490200684606,0.5946719739338864,0.7972057287500149,inf,25.510583320000478,0.0,0.0,0.1071827150573635,1.0,31.000585019388012,0.07690372521259903,0.8038378416916585,0.9354591540324094,1.0159547059687668,inf,32.51055059100054
mix+equity_12x12_s2,SA-matched,0,89,66,2,1.0,6.277838962909015,6.277838962909015,False,23,0,12,mix+equity,32,0.0,0.0,0.1071827150573635,1.0,31.11305838866827,0.18937709449285833,0.6979570051139744,0.8410667642995919,0.24944964359374922,inf,7.982388594999975,0.125,0.04970053844474301,0.2806864978482796,1.0,30.923681294175413,0.0,0.8839689753242954,1.0,0.43180037946873995,14.89173590377579,13.817612142999678
mix+equity_12x12_s2,SA-matched,1,89,66,2,1.0,6.277838962909015,6.277838962909015,False,23,0,12,mix+equity,32,0.0,0.0,0.1071827150573635,1.0,31.112852363756808,0.18917106958139485,0.6932958742703417,0.8412396690846266,0.24575585271875866,inf,7.864187287000277,0.0625,0.017310203195157234,0.2014746724800358,1.0,30.923681294175413,0.0,0.8745746348070231,1.0,0.4246482162812697,30.30093145430139,13.58874292100063
mix+equity_12x12_s2,SA-matched,2,89,66,2,1.0,6.277838962909015,6.277838962909015,False,23,0,12,mix+equity,32,0.0,0.0,0.1071827150573635,1.0,31.1662187605886,0.24253746641318585,0.690542544820704,0.7964523406653049,0.2459204024062558,inf,7.869452877000185,0.0,0.0,0.1071827150573635,1.0,31.000585019388012,0.07690372521259903,0.8770724488368864,0.9354591540324094,0.4511182796562707,inf,14.435784949000663
mix+equity_12x12_s2,SA-matched,3,89,66,2,1.0,6.277838962909015,6.277838962909015,False,23,0,12,mix+equity,32,0.0,0.0,0.1071827150573635,1.0,31.15630843072672,0.23262713655130796,0.682870471038639,0.8047695069837798,0.2505695729374793,inf,8.018226333999337,0.03125,0.005537717362550945,0.15744607800372734,1.0,30.923681294175413,0.0,0.8830114676929832,1.0,0.4356087461562197,63.18534355888903,13.93947987699903
