instance,grid,n_decision,milp_optimal,solver,alpha,p_success,p_feasible,mean_benefit_ratio,wall_time_s,time_per_read_s,seed,flips_attempted,n_vars,degree,penalty_mult,penalty_weight,safe_penalty_weight,quadratized,n_slack,n_aux,reads,p_success_lo,p_success_hi,best_feasible_obj,best_gap_C,best_benefit_ratio,tts99_s,p_success_pp,p_success_lo_pp,p_success_hi_pp,p_feasible_pp,best_feasible_obj_pp,best_gap_C_pp,mean_benefit_ratio_pp,best_benefit_ratio_pp,time_per_read_s_pp,tts99_s_pp,wall_time_s_pp
mix_8x8_s0,8,27,True,MILP (HiGHS),,1.0,1.0,1.0,0.8151589980000153,0.8151589980000153,,,,,,,,,,,,,,,,,,,,,,,,,,,,
mix_8x8_s0,8,27,True,Greedy planner,,1.0,1.0,1.0,0.00230686199995489,0.00230686199995489,,,,,,,,,,,,,,,,,,,,,,,,,,,,
mix_8x8_s0,8,27,True,FeasibleSA,,0.71875,1.0,0.9802936140400803,1.113988058000018,0.034812126812500566,0.0,864000.0,,,,,,,,,,,,,,,,,,,,,,,,,,
mix_8x8_s0,8,27,True,FeasibleSA,,0.75,1.0,0.9833522002614739,0.7827627169999687,0.02446133490624902,1.0,864000.0,,,,,,,,,,,,,,,,,,,,,,,,,,
mix_8x8_s0,8,27,True,SA,0.01,0.03125,0.5,0.4700264774458487,0.21684872299999824,0.006776522593749945,0.0,,44.0,2.0,0.01,0.05114151929995127,5.114151929995127,False,17.0,0.0,32.0,0.005537717362550945,0.15744607800372734,30.267415776398494,0.0,1.0,0.9829391902684838,0.65625,0.4831077350878594,0.7958976664567146,0.96875,30.267415776398494,0.0,0.9305494531087204,1.0,0.01734478753125046,0.07480114183434954,0.5550332010000147
mix_8x8_s0,8,27,True,SA,0.01,0.03125,0.53125,0.49320503229022367,0.19844016599995484,0.006201255187498589,1.0,,44.0,2.0,0.01,0.05114151929995127,5.114151929995127,False,17.0,0.0,32.0,0.005537717362550945,0.15744607800372734,30.267415776398494,0.0,1.0,0.8994962635068905,0.59375,0.4225972657298823,0.744805975196862,0.9375,30.267415776398494,0.0,0.8959003167158829,1.0,0.017071426906248632,0.08727575542484967,0.5462856609999562
mix_8x8_s0,8,27,True,Tabu,0.01,0.375,0.71875,0.6996064332582452,0.21349283500001093,0.0066716510937503415,0.0,,44.0,2.0,0.01,0.05114151929995127,5.114151929995127,False,17.0,0.0,32.0,0.2293366846595921,0.5474589941047487,30.267415776398494,0.0,1.0,0.0653698967336914,0.90625,0.7578150066422116,0.9675990373736805,1.0,30.267415776398494,0.0,0.9895361144529029,1.0,0.01482103225000131,0.028833887438663774,0.4742730320000419
mix_8x8_s0,8,27,True,Tabu,0.01,0.15625,0.5625,0.5345273272268889,0.20526495900003283,0.006414529968751026,1.0,,44.0,2.0,0.01,0.05114151929995127,5.114151929995127,False,17.0,0.0,32.0,0.06864319106627216,0.31754492553566527,30.267415776398494,0.0,1.0,0.17386797904447907,0.71875,0.546251630618882,0.8443559315435214,0.96875,30.267415776398494,0.0,0.9392591308589007,1.0,0.01673469156250107,0.0607531845465998,0.5355101300000342
mix_8x8_s0,8,27,True,SQA,0.01,0.6875,0.875,0.8739125064257134,4.02963790299998,0.25185236893749874,0.0,,44.0,2.0,0.01,0.05114151929995127,5.114151929995127,False,17.0,0.0,16.0,0.4440393186673406,0.8583556494803894,30.267415776398494,0.0,1.0,0.9971389874157467,1.0,0.8063865817272802,1.0,1.0,30.267415776398494,0.0,1.0,1.0,0.25920123881250134,0.25920123881250134,4.1472198210000215
mix_8x8_s0,8,27,True,SQA,0.01,0.5,0.875,0.8697752348067717,4.075729327999966,0.25473308299999786,1.0,,44.0,2.0,0.01,0.05114151929995127,5.114151929995127,False,17.0,0.0,16.0,0.2799923761135083,0.7200076238864916,30.267415776398494,0.0,1.0,1.6924099702299342,1.0,0.8063865817272802,1.0,1.0,30.267415776398494,0.0,1.0,1.0,0.2619919484374975,0.2619919484374975,4.19187117499996
mix_8x8_s0,8,27,True,SA-matched,0.01,0.5,0.8125,0.8051559847673931,3.4251237400000036,0.10703511687500011,0.0,,44.0,2.0,0.01,0.05114151929995127,5.114151929995127,False,17.0,0.0,32.0,0.33630614316859386,0.6636938568314061,30.267415776398494,0.0,1.0,0.7111259237732305,0.96875,0.8425539219962727,0.9944622826374491,1.0,30.267415776398494,0.0,0.99626290471863,1.0,0.11403260906250168,0.1515232511112126,3.6490434900000537
mix_8x8_s0,8,27,True,SA-matched,0.01,0.65625,0.9375,0.9309968596372906,3.44197537499997,0.10756173046874906,1.0,,44.0,2.0,0.01,0.05114151929995127,5.114151929995127,False,17.0,0.0,32.0,0.4831077350878594,0.7958976664567146,30.267415776398494,0.0,1.0,0.46387078782284297,1.0,0.8928172849426366,1.0,1.0,30.267415776398494,0.0,1.0,1.0,0.11474943218750155,0.11474943218750155,3.6719818300000497
mix_8x8_s0,8,27,True,SA,0.03,0.0,0.84375,0.6788795932410854,0.21131143299999167,0.00660348228124974,0.0,,44.0,2.0,0.03,0.1534245578998538,5.114151929995127,False,17.0,0.0,32.0,0.0,0.1071827150573635,30.449135106920377,0.18171933052188294,0.8702016790438668,inf,0.09375,0.032400962626319516,0.24218499335778831,0.9375,30.267415776398494,0.0,0.8199362975507074,1.0,0.017843879843752575,0.8347627252845802,0.5710041550000824
mix_8x8_s0,8,27,True,SA,0.03,0.0,0.8125,0.6442276678634075,0.19386077399997248,0.00605814918749914,1.0,,44.0,2.0,0.03,0.1534245578998538,5.114151929995127,False,17.0,0.0,32.0,0.0,0.1071827150573635,30.43054679295569,0.16313101655719464,0.8834789233254345,inf,0.15625,0.06864319106627216,0.31754492553566527,1.0,30.267415776398494,0.0,0.8738234727547938,1.0,0.017882324624999058,0.48470638664290067,0.5722343879999698
mix_8x8_s0,8,27,True,Tabu,0.03,0.0,0.96875,0.8179569384908592,0.1962402280000788,0.006132507125002462,0.0,,44.0,2.0,0.03,0.1534245578998538,5.114151929995127,False,17.0,0.0,32.0,0.0,0.1071827150573635,30.41265305161436,0.14523727521586594,0.8962600488945062,inf,0.0625,0.017310203195157234,0.2014746724800358,1.0,30.267415776398494,0.0,0.8810667448047393,1.0,0.018237553250003202,1.3013473970569773,0.5836017040001025
mix_8x8_s0,8,27,True,Tabu,0.03,0.0,0.96875,0.8103099088661967,0.24639151400003811,0.007699734812501191,1.0,,44.0,2.0,0.03,0.1534245578998538,5.114151929995127,False,17.0,0.0,32.0,0.0,0.1071827150573635,30.41265305161436,0.14523727521586594,0.8962600488945062,inf,0.0,0.0,0.1071827150573635,1.0,30.41265305161436,0.14523727521586594,0.8608770319173643,0.8962600488945062,0.01716286031249936,inf,0.5492115299999796
mix_8x8_s0,8,27,True,SQA,0.03,0.0,1.0,0.932181063800258,4.0474344140000085,0.25296465087500053,0.0,,44.0,2.0,0.03,0.1534245578998538,5.114151929995127,False,17.0,0.0,16.0,0.0,0.19361341827271994,30.308729327604105,0.04131355120561153,0.9704905935773418,inf,0.75,0.5050123107060135,0.8981809801576265,1.0,30.267415776398494,0.0,0.9692426483169791,1.0,0.26329634312499905,0.8746515195080373,4.212741489999985
mix_8x8_s0,8,27,True,SQA,0.03,0.0625,0.9375,0.8546826625412611,3.9522843860000876,0.24701777412500547,1.0,,44.0,2.0,0.03,0.1534245578998538,5.114151929995127,False,17.0,0.0,16.0,0.01111905730833121,0.2832926836802987,30.267415776398494,0.0,1.0,17.626045170523508,0.6875,0.4440393186673406,0.8583556494803894,1.0,30.267415776398494,0.0,0.9620089268085827,1.0,0.2595331871875004,1.0275490382111463,4.152530995000006
mix_8x8_s0,8,27,True,SA-matched,0.03,0.0,1.0,0.8986584110137825,3.3217858210000486,0.10380580690625152,0.0,,44.0,2.0,0.03,0.1534245578998538,5.114151929995127,False,17.0,0.0,32.0,0.0,0.1071827150573635,30.275535803542574,0.008120027144080666,0.9942000342704709,inf,0.46875,0.30869129901682335,0.6355076206742619,1.0,30.267415776398494,0.0,0.9360940171556744,1.0,0.11394961934375303,0.8296263626533101,3.646387819000097
mix_8x8_s0,8,27,True,SA-matched,0.03,0.0,0.9375,0.8368802769027864,3.2829012290000037,0.10259066340625012,1.0,,44.0,2.0,0.03,0.1534245578998538,5.114151929995127,False,17.0,0.0,32.0,0.0,0.1071827150573635,30.306094954209545,0.038679177811051346,0.972372271450595,inf,0.3125,0.17952352116618736,0.4856699969803239,1.0,30.267415776398494,0.0,0.9172180452003961,1.0,0.11122613921875057,1.3670249666663679,3.5592364550000184
mix_8x8_s0,8,27,True,SA,0.1,0.0,0.96875,0.668002968572649,0.2025279629999659,0.006328998843748934,0.0,,44.0,2.0,0.1,0.5114151929995127,5.114151929995127,False,17.0,0.0,32.0,0.0,0.1071827150573635,30.48902861678388,0.22161284038538653,0.8417065784815954,inf,0.03125,0.005537717362550945,0.15744607800372734,1.0,30.267415776398494,0.0,0.8004869461791158,1.0,0.01836248028124743,2.663490197113385,0.5875993689999177
mix_8x8_s0,8,27,True,SA,0.1,0.0,0.96875,0.712776818116222,0.21424476899994715,0.006695149031248349,1.0,,44.0,2.0,0.1,0.5114151929995127,5.114151929995127,False,17.0,0.0,32.0,0.0,0.1071827150573635,30.44696180794169,0.1795460315431967,0.8717540210955298,inf,0.03125,0.005537717362550945,0.15744607800372734,1.0,30.267415776398494,0.0,0.8284377847311499,1.0,0.018418377593746982,2.6715981401367244,0.5893880829999034
mix_8x8_s0,8,27,True,Tabu,0.1,0.0,1.0,0.7430926032573727,0.15990247499996713,0.004996952343748973,0.0,,44.0,2.0,0.1,0.5114151929995127,5.114151929995127,False,17.0,0.0,32.0,0.0,0.1071827150573635,30.460024167822546,0.19260839142405217,0.8624238503570039,inf,0.0,0.0,0.1071827150573635,1.0,30.41265305161436,0.14523727521586594,0.7676017269506017,0.8962600488945062,0.01400493465624919,inf,0.4481579089999741
mix_8x8_s0,8,27,True,Tabu,0.1,0.0,1.0,0.7304750402803634,0.15840496300006635,0.004950155093752073,1.0,,44.0,2.0,0.1,0.5114151929995127,5.114151929995127,False,17.0,0.0,32.0,0.0,0.1071827150573635,30.431607073640663,0.1641912972421693,0.8827215869856149,inf,0.0,0.0,0.1071827150573635,1.0,30.42440495190487,0.15698917550637503,0.7543065026699618,0.88786591206068,0.013891065781251655,inf,0.44451410500005295
mix_8x8_s0,8,27,True,SQA,0.1,0.0,1.0,0.8676365453801405,3.992187299999955,0.2495117062499972,0.0,,44.0,2.0,0.1,0.5114151929995127,5.114151929995127,False,17.0,0.0,16.0,0.0,0.19361341827271994,30.275535803542574,0.008120027144080666,0.9942000342704709,inf,0.1875,0.06591478773586765,0.4300935986845823,1.0,30.267415776398494,0.0,0.8975315412320919,1.0,0.25888155574999416,5.74165512168336,4.142104891999907
mix_8x8_s0,8,27,True,SQA,0.1,0.0,1.0,0.8492725738378705,3.9312826310000446,0.2457051644375028,1.0,,44.0,2.0,0.1,0.5114151929995127,5.114151929995127,False,17.0,0.0,16.0,0.0,0.19361341827271994,30.41470359632357,0.14728781992507578,0.8947953876527079,inf,0.0625,0.01111905730833121,0.2832926836802987,1.0,30.267415776398494,0.0,0.8823316563498831,1.0,0.2550664660000024,18.200362573612598,4.081063456000038
mix_8x8_s0,8,27,True,SA-matched,0.1,0.0,1.0,0.8292197186266415,3.249780593999958,0.10155564356249869,0.0,,44.0,2.0,0.1,0.5114151929995127,5.114151929995127,False,17.0,0.0,32.0,0.0,0.1071827150573635,30.332429235894974,0.06501345949648041,0.9535622442700088,inf,0.21875,0.11023696931531854,0.3875533079044484,1.0,30.267415776398494,0.0,0.8937569462071653,1.0,0.1121981884687493,2.093055129803035,3.5903420309999774
mix_8x8_s0,8,27,True,SA-matched,0.1,0.0,1.0,0.8319516018356823,3.156299646000093,0.09863436393750291,1.0,,44.0,2.0,0.1,0.5114151929995127,5.114151929995127,False,17.0,0.0,32.0,0.0,0.1071827150573635,30.275535803542574,0.008120027144080666,0.9942000342704709,inf,0.21875,0.11023696931531854,0.3875533079044484,1.0,30.267415776398494,0.0,0.8983956085810896,1.0,0.10939134290625319,2.0406934777716947,3.500522973000102
mix_8x8_s0,8,27,True,SA,1.0,0.0,0.96875,0.6194103159895189,0.16893202699998255,0.005279125843749455,0.0,,44.0,2.0,1.0,5.114151929995127,5.114151929995127,False,17.0,0.0,32.0,0.0,0.1071827150573635,30.498859145346067,0.23144336894757345,0.8346848373282538,inf,0.0,0.0,0.1071827150573635,1.0,30.423249769237163,0.1558339928386694,0.7802517182740267,0.8886910349038866,0.018765098562500526,inf,0.6004831540000168
mix_8x8_s0,8,27,True,SA,1.0,0.0,0.96875,0.6129371793096932,0.16677778400003263,0.0052118057500010195,1.0,,44.0,2.0,1.0,5.114151929995127,5.114151929995127,False,17.0,0.0,32.0,0.0,0.1071827150573635,30.42203822225492,0.15462244585642537,0.8895564175992945,inf,0.0,0.0,0.1071827150573635,1.0,30.41265305161436,0.14523727521586594,0.7567619838220234,0.8962600488945062,0.01676083437499898,inf,0.5363466999999673
mix_8x8_s0,8,27,True,Tabu,1.0,0.0,1.0,0.7430926032573727,0.1593369370000346,0.004979279281251081,0.0,,44.0,2.0,1.0,5.114151929995127,5.114151929995127,False,17.0,0.0,32.0,0.0,0.1071827150573635,30.460024167822546,0.19260839142405217,0.8624238503570039,inf,0.0,0.0,0.1071827150573635,1.0,30.41265305161436,0.14523727521586594,0.7676017269506017,0.8962600488945062,0.013045506750000158,inf,0.41745621600000504
mix_8x8_s0,8,27,True,Tabu,1.0,0.0,1.0,0.7304750402803634,0.1578579780000382,0.004933061812501194,1.0,,44.0,2.0,1.0,5.114151929995127,5.114151929995127,False,17.0,0.0,32.0,0.0,0.1071827150573635,30.431607073640663,0.1641912972421693,0.8827215869856149,inf,0.0,0.0,0.1071827150573635,1.0,30.42440495190487,0.15698917550637503,0.7543065026699618,0.88786591206068,0.012637436687501946,inf,0.4043979740000623
mix_8x8_s0,8,27,True,SQA,1.0,0.0,1.0,0.8265085749203831,3.812906357999964,0.23830664737499774,0.0,,44.0,2.0,1.0,5.114151929995127,5.114151929995127,False,17.0,0.0,16.0,0.0,0.19361341827271994,30.42246467630158,0.15504889990308612,0.8892518103840766,inf,0.0625,0.01111905730833121,0.2832926836802987,1.0,30.267415776398494,0.0,0.8811853750942058,1.0,0.2502082043125,17.853699503485483,4.003331269
mix_8x8_s0,8,27,True,SQA,1.0,0.0,1.0,0.8595021274299344,3.772075020999978,0.23575468881249861,1.0,,44.0,2.0,1.0,5.114151929995127,5.114151929995127,False,17.0,0.0,16.0,0.0,0.19361341827271994,30.366416761788127,0.0990009853896332,0.9292856646583914,inf,0.1875,0.06591478773586765,0.4300935986845823,1.0,30.267415776398494,0.0,0.8989844132702212,1.0,0.2469914624999987,5.4779483674174925,3.9518633999999793
mix_8x8_s0,8,27,True,SA-matched,1.0,0.0,1.0,0.8177577539975048,2.9779635769999686,0.09306136178124902,0.0,,44.0,2.0,1.0,5.114151929995127,5.114151929995127,False,17.0,0.0,32.0,0.0,0.1071827150573635,30.41775496918697,0.15033919278847563,0.8926158557716309,inf,0.1875,0.08889423936162782,0.3530949575492244,1.0,30.267415776398494,0.0,0.8830869994813848,1.0,0.10650661081249879,2.3621776595597956,3.4082115459999613
mix_8x8_s0,8,27,True,SA-matched,1.0,0.0,1.0,0.8026339228259514,2.9343139369999562,0.09169731053124863,1.0,,44.0,2.0,1.0,5.114151929995127,5.114151929995127,False,17.0,0.0,32.0,0.0,0.1071827150573635,30.43968939407716,0.1722736176786661,0.8769485543694706,inf,0.1875,0.08889423936162782,0.3530949575492244,1.0,30.267415776398494,0.0,0.890129602945424,1.0,0.10325548403124785,2.2900719095741215,3.304175488999931
mix_8x8_s1,8,27,True,MILP (HiGHS),,1.0,1.0,1.0,0.541146819000005,0.541146819000005,,,,,,,,,,,,,,,,,,,,,,,,,,,,
mix_8x8_s1,8,27,True,Greedy planner,,1.0,1.0,1.0,0.0016443060000028709,0.0016443060000028709,,,,,,,,,,,,,,,,,,,,,,,,,,,,
mix_8x8_s1,8,27,True,FeasibleSA,,0.78125,1.0,0.9926483902023204,0.8788677750000033,0.027464617968750105,0.0,864000.0,,,,,,,,,,,,,,,,,,,,,,,,,,
mix_8x8_s1,8,27,True,FeasibleSA,,0.90625,1.0,0.9945882100701169,0.812050433999957,0.025376576062498657,1.0,864000.0,,,,,,,,,,,,,,,,,,,,,,,,,,
mix_8x8_s1,8,27,True,SA,0.01,0.03125,0.375,0.3606255611537408,0.19848477099992579,0.006202649093747681,0.0,,42.0,2.0,0.01,0.04394693758901496,4.394693758901496,False,15.0,0.0,32.0,0.005537717362550945,0.15744607800372734,30.28010654575872,0.0,1.0,0.8996984505520655,0.59375,0.4225972657298823,0.744805975196862,1.0,30.28010654575872,0.0,0.9583395630664293,1.0,0.01787806359374855,0.09139959502194775,0.5720980349999536
mix_8x8_s1,8,27,True,SA,0.01,0.03125,0.5625,0.5274174359858401,0.19970391399999698,0.006240747312499906,1.0,,42.0,2.0,0.01,0.04394693758901496,4.394693758901496,False,15.0,0.0,32.0,0.005537717362550945,0.15744607800372734,30.28010654575872,0.0,1.0,0.9052246229764773,0.84375,0.6824550744643347,0.9313568089337279,1.0,30.28010654575872,0.0,0.9842265652161906,1.0,0.018420684375001883,0.04569869004304998,0.5894619000000603
mix_8x8_s1,8,27,True,Tabu,0.01,0.0625,0.65625,0.6486818651052451,0.20246014100007415,0.006326879406252317,0.0,,42.0,2.0,0.01,0.04394693758901496,4.394693758901496,False,15.0,0.0,32.0,0.017310203195157234,0.2014746724800358,30.28010654575872,0.0,1.0,0.4514568338172447,0.9375,0.7985253275199642,0.9826897968048427,1.0,30.28010654575872,0.0,0.9936801778099438,1.0,0.016598678218752383,0.02756980775643423,0.5311577030000763
mix_8x8_s1,8,27,True,Tabu,0.01,0.09375,0.65625,0.6424624360695377,0.18357167599992863,0.00573661487499777,1.0,,42.0,2.0,0.01,0.04394693758901496,4.394693758901496,False,15.0,0.0,32.0,0.032400962626319516,0.24218499335778831,30.28010654575872,0.0,1.0,0.2683672109929503,0.9375,0.7985253275199642,0.9826897968048427,1.0,30.28010654575872,0.0,0.9937268454743159,1.0,0.014983284687495768,0.0248866971785439,0.4794651099998646
mix_8x8_s1,8,27,True,SQA,0.01,0.5625,1.0,0.996141166712934,3.9284776519999696,0.2455298532499981,0.0,,42.0,2.0,0.01,0.04394693758901496,4.394693758901496,False,15.0,0.0,16.0,0.33178195606776517,0.7690163666481448,30.28010654575872,0.0,1.0,1.3677707353673152,1.0,0.8063865817272802,1.0,1.0,30.28010654575872,0.0,1.0,1.0,0.2517436538749962,0.2517436538749962,4.027898461999939
mix_8x8_s1,8,27,True,SQA,0.01,0.375,1.0,0.9957309266233824,3.898910903000001,0.24368193143750005,1.0,,42.0,2.0,0.01,0.04394693758901496,4.394693758901496,False,15.0,0.0,16.0,0.18480982554752806,0.613593529020652,30.28010654575872,0.0,1.0,2.3876342557628267,1.0,0.8063865817272802,1.0,1.0,30.28010654575872,0.0,1.0,1.0,0.2530247784999986,0.2530247784999986,4.048396455999978
mix_8x8_s1,8,27,True,SA-matched,0.01,0.375,0.84375,0.8387248059069559,3.3729301509999914,0.10540406721874973,0.0,,42.0,2.0,0.01,0.04394693758901496,4.394693758901496,False,15.0,0.0,32.0,0.2293366846595921,0.5474589941047487,30.28010654575872,0.0,1.0,1.0327657865464772,0.875,0.7193135021517204,0.950299461555257,1.0,30.28010654575872,0.0,0.9873603556198876,1.0,0.11358566599999875,0.2515489433745921,3.63474131199996
mix_8x8_s1,8,27,True,SA-matched,0.01,0.53125,0.78125,0.7776755211134175,3.4092139809999935,0.1065379369062498,1.0,,42.0,2.0,0.01,0.04394693758901496,4.394693758901496,False,15.0,0.0,32.0,0.3644923793257382,0.6913087009831766,30.28010654575872,0.0,1.0,0.6475314627399548,0.8125,0.6469050424507756,0.9111057606383721,1.0,30.28010654575872,0.0,0.9810405334298313,1.0,0.11425752803125278,0.3143266243548915,3.656240897000089
mix_8x8_s1,8,27,True,SA,0.03,0.0,0.8125,0.6706147629241618,0.19935504700004003,0.006229845218751251,0.0,,42.0,2.0,0.03,0.13184081276704487,4.394693758901496,False,15.0,0.0,32.0,0.0,0.1071827150573635,30.30887080468167,0.028764258922951313,0.9782950757457245,inf,0.46875,0.30869129901682335,0.6355076206742619,1.0,30.28010654575872,0.0,0.9331124948936662,1.0,0.019518086375001076,0.14210419568315122,0.6245787640000344
mix_8x8_s1,8,27,True,SA,0.03,0.0,0.65625,0.5389815890914367,0.2057184090000419,0.0064287002812513094,1.0,,42.0,2.0,0.03,0.13184081276704487,4.394693758901496,False,15.0,0.0,32.0,0.0,0.1071827150573635,30.352808959506692,0.07270241374797237,0.9451402385255392,inf,0.5,0.33630614316859386,0.6636938568314061,1.0,30.28010654575872,0.0,0.9402872354025803,1.0,0.019084738781248944,0.12679625988203452,0.6107116409999662
mix_8x8_s1,8,27,True,Tabu,0.03,0.0,1.0,0.8408193328299859,0.21282954899993456,0.006650923406247955,0.0,,42.0,2.0,0.03,0.13184081276704487,4.394693758901496,False,15.0,0.0,32.0,0.0,0.1071827150573635,30.407084131818458,0.12697758605973775,0.9041852983315246,inf,0.0,0.0,0.1071827150573635,1.0,30.405050484590454,0.12494393883173416,0.8787783362044177,0.9057198471325896,0.018371353374998733,inf,0.5878833079999595
mix_8x8_s1,8,27,True,Tabu,0.03,0.0,0.96875,0.815687376902513,0.19705764299999373,0.006158051343749804,1.0,,42.0,2.0,0.03,0.13184081276704487,4.394693758901496,False,15.0,0.0,32.0,0.0,0.1071827150573635,30.405050484590454,0.12494393883173416,0.9057198471325896,inf,0.09375,0.032400962626319516,0.24218499335778831,1.0,30.28010654575872,0.0,0.883004591254019,1.0,0.016558747874999113,0.7746423773568523,0.5298799319999716
mix_8x8_s1,8,27,True,SQA,0.03,0.0625,1.0,0.9404940446031964,4.003212577999989,0.2502007861249993,0.0,,42.0,2.0,0.03,0.13184081276704487,4.394693758901496,False,15.0,0.0,16.0,0.01111905730833121,0.2832926836802987,30.28010654575872,0.0,1.0,17.85317017595659,0.8125,0.5699064013154177,0.9340852122641324,1.0,30.28010654575872,0.0,0.9818951587015174,1.0,0.259891575812496,0.7149711982309858,4.158265212999936
mix_8x8_s1,8,27,True,SQA,0.03,0.0,0.9375,0.8615541586907745,3.921955527000023,0.24512222043750143,1.0,,42.0,2.0,0.03,0.13184081276704487,4.394693758901496,False,15.0,0.0,16.0,0.0,0.19361341827271994,30.288890412842843,0.008783867084122932,0.993371872703858,inf,0.625,0.3864064709793481,0.815190174452472,1.0,30.28010654575872,0.0,0.9633635014374959,1.0,0.2577889739375081,1.2103657118791913,4.12462358300013
mix_8x8_s1,8,27,True,SA-matched,0.03,0.03125,0.90625,0.8183008868563708,3.273839788999908,0.10230749340624712,0.0,,42.0,2.0,0.03,0.13184081276704487,4.394693758901496,False,15.0,0.0,32.0,0.005537717362550945,0.15744607800372734,30.28010654575872,0.0,1.0,14.83977118587108,0.78125,0.6124466920955516,0.8897630306846815,0.96875,30.28010654575872,0.0,0.9506793157121247,1.0,0.1122355479687478,0.34008095864957544,3.5915375349999294
mix_8x8_s1,8,27,True,SA-matched,0.03,0.0,0.9375,0.8526753591901252,3.2096932580000157,0.10030291431250049,1.0,,42.0,2.0,0.03,0.13184081276704487,4.394693758901496,False,15.0,0.0,32.0,0.0,0.1071827150573635,30.288890412842843,0.008783867084122932,0.993371872703858,inf,0.59375,0.4225972657298823,0.744805975196862,0.96875,30.28010654575872,0.0,0.9311661929125536,1.0,0.10954382787500094,0.5600305342033821,3.50540249200003
mix_8x8_s1,8,27,True,SA,0.1,0.0,1.0,0.7165844555269543,0.17945532999999614,0.005607979062499879,0.0,,42.0,2.0,0.1,0.43946937589014956,4.394693758901496,False,15.0,0.0,32.0,0.0,0.1071827150573635,30.40831870989064,0.12821216413192005,0.9032537108494871,inf,0.125,0.04970053844474301,0.2806864978482796,1.0,30.28010654575872,0.0,0.8593440343397764,1.0,0.01785004818749769,0.615604376737541,0.5712015419999261
mix_8x8_s1,8,27,True,SA,0.1,0.0,0.9375,0.66544662764218,0.18376155099997504,0.00574254846874922,1.0,,42.0,2.0,0.1,0.43946937589014956,4.394693758901496,False,15.0,0.0,32.0,0.0,0.1071827150573635,30.457013166456207,0.17690662069748697,0.8665098651557808,inf,0.3125,0.17952352116618736,0.4856699969803239,1.0,30.28010654575872,0.0,0.8880137749688032,1.0,0.018408550875001595,0.22625031150980446,0.589073628000051
mix_8x8_s1,8,27,True,Tabu,0.1,0.0,1.0,0.7055820605703349,0.1610611459999518,0.005033160812498494,0.0,,42.0,2.0,0.1,0.43946937589014956,4.394693758901496,False,15.0,0.0,32.0,0.0,0.1071827150573635,30.471135415338733,0.19102886958001264,0.855853503623356,inf,0.0,0.0,0.1071827150573635,1.0,30.405050484590454,0.12494393883173416,0.7476497217053762,0.9057198471325896,0.013359875499997287,inf,0.4275160159999132
mix_8x8_s1,8,27,True,Tabu,0.1,0.0,1.0,0.6806112199502418,0.15600321499994152,0.0048751004687481725,1.0,,42.0,2.0,0.1,0.43946937589014956,4.394693758901496,False,15.0,0.0,32.0,0.0,0.1071827150573635,30.479714176088624,0.19960763032990414,0.8493801453918538,inf,0.0625,0.017310203195157234,0.2014746724800358,1.0,30.28010654575872,0.0,0.7371169595908622,1.0,0.013881117218748074,0.9904922833251999,0.44419575099993835
mix_8x8_s1,8,27,True,SQA,0.1,0.0,1.0,0.8637678888922853,3.9275522669998963,0.24547201668749352,0.0,,42.0,2.0,0.1,0.43946937589014956,4.394693758901496,False,15.0,0.0,16.0,0.0,0.19361341827271994,30.36271869871147,0.08261215295274837,0.9376625510455512,inf,0.375,0.18480982554752806,0.613593529020652,1.0,30.28010654575872,0.0,0.9270730674249759,1.0,0.2597126403124932,2.5447056866576188,4.155402244999891
mix_8x8_s1,8,27,True,SQA,0.1,0.0,1.0,0.8429491998659626,3.8183647900000324,0.23864779937500202,1.0,,42.0,2.0,0.1,0.43946937589014956,4.394693758901496,False,15.0,0.0,16.0,0.0,0.19361341827271994,30.352808959506692,0.07270241374797237,0.9451402385255392,inf,0.125,0.034976749337057134,0.3602333143674828,1.0,30.28010654575872,0.0,0.889448292669306,1.0,0.2519219430625057,8.688169864668842,4.030751089000091
mix_8x8_s1,8,27,True,SA-matched,0.1,0.0,1.0,0.8691639673082094,3.0455810949999886,0.09517440921874964,0.0,,42.0,2.0,0.1,0.43946937589014956,4.394693758901496,False,15.0,0.0,32.0,0.0,0.1071827150573635,30.288890412842843,0.008783867084122932,0.993371872703858,inf,0.6875,0.514330003019676,0.8204764788338126,1.0,30.28010654575872,0.0,0.9673456204355279,1.0,0.10674108743749855,0.42261146993418486,3.4157147979999536
mix_8x8_s1,8,27,True,SA-matched,0.1,0.0,1.0,0.8395203402950757,3.0118955689999893,0.09412173653124967,1.0,,42.0,2.0,0.1,0.43946937589014956,4.394693758901496,False,15.0,0.0,32.0,0.0,0.1071827150573635,30.323392793570903,0.043286247812183376,0.9673370785413984,inf,0.375,0.2293366846595921,0.5474589941047487,1.0,30.28010654575872,0.0,0.9265626220410024,1.0,0.10484694137499773,1.027306979069591,3.3551021239999272
mix_8x8_s1,8,27,True,SA,1.0,0.0,0.9375,0.6188091229082615,0.1687030660000346,0.005271970812501081,0.0,,42.0,2.0,1.0,4.394693758901496,4.394693758901496,False,15.0,0.0,32.0,0.0,0.1071827150573635,30.49296655911875,0.2128600133600287,0.8393801669245488,inf,0.03125,0.005537717362550945,0.15744607800372734,1.0,30.28010654575872,0.0,0.8291493232432836,1.0,0.01952293781249992,2.831815347709404,0.6247340099999974
mix_8x8_s1,8,27,True,SA,1.0,0.0,0.9375,0.5947035598243906,0.16664837299992996,0.005207761656247811,1.0,,42.0,2.0,1.0,4.394693758901496,4.394693758901496,False,15.0,0.0,32.0,0.0,0.1071827150573635,30.481041012499265,0.20093446674054505,0.8483789416456381,inf,0.0625,0.017310203195157234,0.2014746724800358,1.0,30.28010654575872,0.0,0.8319272867216854,1.0,0.018723842093749,1.3360467184161255,0.599162946999968
mix_8x8_s1,8,27,True,Tabu,1.0,0.0,1.0,0.7055820605703349,0.16061094099995898,0.005019091906248718,0.0,,42.0,2.0,1.0,4.394693758901496,4.394693758901496,False,15.0,0.0,32.0,0.0,0.1071827150573635,30.471135415338733,0.19102886958001264,0.855853503623356,inf,0.0,0.0,0.1071827150573635,1.0,30.405050484590454,0.12494393883173416,0.7476497217053762,0.9057198471325896,0.013371349749998984,inf,0.4278831919999675
mix_8x8_s1,8,27,True,Tabu,1.0,0.0,1.0,0.6806112199502418,0.15273792499999672,0.0047730601562498975,1.0,,42.0,2.0,1.0,4.394693758901496,4.394693758901496,False,15.0,0.0,32.0,0.0,0.1071827150573635,30.479714176088624,0.19960763032990414,0.8493801453918538,inf,0.0625,0.017310203195157234,0.2014746724800358,1.0,30.28010654575872,0.0,0.7371169595908622,1.0,0.012751492437498513,0.9098874868056934,0.4080477579999524
mix_8x8_s1,8,27,True,SQA,1.0,0.0,1.0,0.8243651019946215,3.545241676000046,0.22157760475000288,0.0,,42.0,2.0,1.0,4.394693758901496,4.394693758901496,False,15.0,0.0,16.0,0.0,0.19361341827271994,30.411309907753914,0.131203361995194,0.9009966138310721,inf,0.25,0.10181901984237346,0.49498768929398645,1.0,30.28010654575872,0.0,0.8999238838883254,1.0,0.2316161688125007,3.7076758593877743,3.705858701000011
mix_8x8_s1,8,27,True,SQA,1.0,0.0,1.0,0.8244899848932732,3.592669835000038,0.22454186468750237,1.0,,42.0,2.0,1.0,4.394693758901496,4.394693758901496,False,15.0,0.0,16.0,0.0,0.19361341827271994,30.41266264041882,0.13255609466009943,0.899975869298536,inf,0.125,0.034976749337057134,0.3602333143674828,1.0,30.28010654575872,0.0,0.8892633746354559,1.0,0.23462955531250174,8.091797828508113,3.754072885000028
mix_8x8_s1,8,27,True,SA-matched,1.0,0.0,1.0,0.8130731872121553,2.9269824049999897,0.09146820015624968,0.0,,42.0,2.0,1.0,4.394693758901496,4.394693758901496,False,15.0,0.0,32.0,0.0,0.1071827150573635,30.380722093454594,0.10061554769587389,0.9240775558518259,inf,0.5,0.33630614316859386,0.6636938568314061,1.0,30.28010654575872,0.0,0.9225837045854874,1.0,0.10277158896874994,0.6827996575030131,3.288690846999998
mix_8x8_s1,8,27,True,SA-matched,1.0,0.03125,1.0,0.7997122734578463,2.908797613000047,0.09089992540625147,1.0,,42.0,2.0,1.0,4.394693758901496,4.394693758901496,False,15.0,0.0,32.0,0.005537717362550945,0.15744607800372734,30.28010654575872,0.0,1.0,13.185095723977069,0.4375,0.2816508596944317,0.6067469796877387,1.0,30.28010654575872,0.0,0.9124086291064174,1.0,0.10339086193750191,0.8275324750693327,3.308507582000061
mix_8x8_s2,8,27,True,MILP (HiGHS),,1.0,1.0,1.0,0.24821358100007274,0.24821358100007274,,,,,,,,,,,,,,,,,,,,,,,,,,,,
mix_8x8_s2,8,27,True,Greedy planner,,0.0,0.0,0.0,0.0016406080000024303,0.0016406080000024303,,,,,,,,,,,,,,,,,,,,,,,,,,,,
mix_8x8_s2,8,27,True,FeasibleSA,,0.40625,1.0,0.9636437991594033,0.8903453160000936,0.027823291125002925,0.0,864000.0,,,,,,,,,,,,,,,,,,,,,,,,,,
mix_8x8_s2,8,27,True,FeasibleSA,,0.21875,1.0,0.9454550256907883,0.8376344689999087,0.026176077156247146,1.0,864000.0,,,,,,,,,,,,,,,,,,,,,,,,,,
mix_8x8_s2,8,27,True,SA,0.01,0.09375,0.40625,0.37845312793316715,0.1951434690000724,0.0060982334062522625,0.0,,42.0,2.0,0.01,0.0420763211570199,4.20763211570199,False,15.0,0.0,32.0,0.032400962626319516,0.24218499335778831,30.377885827577003,0.0,1.0,0.28528425332380275,0.65625,0.4831077350878594,0.7958976664567146,0.96875,30.377885827577003,0.0,0.9373204818470728,1.0,0.016309416843753866,0.0703360015432377,0.5219013390001237
mix_8x8_s2,8,27,True,SA,0.01,0.0625,0.21875,0.20805657678860573,0.2059492330000694,0.006435913531252169,1.0,,42.0,2.0,0.01,0.0420763211570199,4.20763211570199,False,15.0,0.0,32.0,0.017310203195157234,0.2014746724800358,30.377885827577003,0.0,1.0,0.4592370043704913,0.59375,0.4225972657298823,0.744805975196862,1.0,30.377885827577003,0.0,0.964515877646424,1.0,0.01717810884375126,0.08782115486549752,0.5496994830000403
mix_8x8_s2,8,27,True,Tabu,0.01,0.34375,0.5,0.49529959441375965,0.21092932099998052,0.006591541281249391,0.0,,42.0,2.0,0.01,0.0420763211570199,4.20763211570199,False,15.0,0.0,32.0,0.20410233354328552,0.5168922649121406,30.377885827577003,0.0,1.0,0.07206599955825378,0.84375,0.6824550744643347,0.9313568089337279,1.0,30.377885827577003,0.0,0.9884056109371799,1.0,0.015315864375001098,0.03799614197637514,0.49010766000003514
mix_8x8_s2,8,27,True,Tabu,0.01,0.34375,0.5625,0.5481179363644781,0.18800779900004727,0.005875243718751477,1.0,,42.0,2.0,0.01,0.0420763211570199,4.20763211570199,False,15.0,0.0,32.0,0.20410233354328552,0.5168922649121406,30.377885827577003,0.0,1.0,0.06423464455037489,0.90625,0.7578150066422116,0.9675990373736805,1.0,30.377885827577003,0.0,0.9917782856697663,1.0,0.014616292500001293,0.028435572206219683,0.4677213600000414
mix_8x8_s2,8,27,True,SQA,0.01,0.1875,0.25,0.24909662664956583,3.9868680099999665,0.2491792506249979,0.0,,42.0,2.0,0.01,0.0420763211570199,4.20763211570199,False,15.0,0.0,16.0,0.06591478773586765,0.4300935986845823,30.377885827577003,0.0,1.0,5.526470653436163,0.9375,0.7167073163197013,0.9888809426916687,0.9375,30.377885827577003,0.0,0.9375,1.0,0.25836912993749905,0.42914183579549076,4.133906078999985
mix_8x8_s2,8,27,True,SQA,0.01,0.0625,0.125,0.12409662664956585,4.00711263900007,0.2504445399375044,1.0,,42.0,2.0,0.01,0.0420763211570199,4.20763211570199,False,15.0,0.0,16.0,0.01111905730833121,0.2832926836802987,30.377885827577003,0.0,1.0,17.87056331993143,1.0,0.8063865817272802,1.0,1.0,30.377885827577003,0.0,1.0,1.0,0.2601985320625033,0.2601985320625033,4.163176513000053
mix_8x8_s2,8,27,True,SA-matched,0.01,0.125,0.125,0.125,3.4393942769999057,0.10748107115624705,0.0,,42.0,2.0,0.01,0.0420763211570199,4.20763211570199,False,15.0,0.0,32.0,0.04970053844474301,0.2806864978482796,30.377885827577003,0.0,1.0,3.706758498644715,0.71875,0.546251630618882,0.8443559315435214,0.90625,30.377885827577003,0.0,0.8858873851581971,1.0,0.11737723578124815,0.4261232327082199,3.7560715449999407
mix_8x8_s2,8,27,True,SA-matched,0.01,0.09375,0.125,0.12454831332478292,3.4681932459999416,0.10838103893749818,1.0,,42.0,2.0,0.01,0.0420763211570199,4.20763211570199,False,15.0,0.0,32.0,0.032400962626319516,0.24218499335778831,30.377885827577003,0.0,1.0,5.070223080678052,0.8125,0.6469050424507756,0.9111057606383721,0.9375,30.377885827577003,0.0,0.9265000428337469,1.0,0.1178192107187499,0.32412494325321395,3.770214742999997
mix_8x8_s2,8,27,True,SA,0.03,0.0,0.59375,0.4854017017778316,0.1917718679999325,0.005992870874997891,0.0,,42.0,2.0,0.03,0.1262289634710597,4.20763211570199,False,15.0,0.0,32.0,0.0,0.1071827150573635,30.412718331039397,0.034832503462393305,0.9717510067854662,inf,0.3125,0.17952352116618736,0.4856699969803239,0.9375,30.377885827577003,0.0,0.8691563964226288,1.0,0.016823433374998586,0.2067684234138577,0.5383498679999548
mix_8x8_s2,8,27,True,SA,0.03,0.0,0.78125,0.6502590894545659,0.19790016700005708,0.006184380218751784,1.0,,42.0,2.0,0.03,0.1262289634710597,4.20763211570199,False,15.0,0.0,32.0,0.0,0.1071827150573635,30.45804295413058,0.08015712655357632,0.9349929548832687,inf,0.28125,0.15564406845647866,0.4537483693811179,1.0,30.377885827577003,0.0,0.9228603899135882,1.0,0.017979719125001736,0.2507244535101573,0.5753510120000556
mix_8x8_s2,8,27,True,Tabu,0.03,0.0,0.8125,0.6675020524555806,0.18170854699997108,0.005678392093749096,0.0,,42.0,2.0,0.03,0.1262289634710597,4.20763211570199,False,15.0,0.0,32.0,0.0,0.1071827150573635,30.48679055806309,0.10890473048608484,0.9116787859978681,inf,0.0625,0.017310203195157234,0.2014746724800358,1.0,30.377885827577003,0.0,0.866602872884253,1.0,0.015250916812497906,1.0882348429427153,0.488029337999933
mix_8x8_s2,8,27,True,Tabu,0.03,0.0,0.9375,0.7281170926053873,0.19177195999998276,0.005992873749999461,1.0,,42.0,2.0,0.03,0.1262289634710597,4.20763211570199,False,15.0,0.0,32.0,0.0,0.1071827150573635,30.48679055806309,0.10890473048608484,0.9116787859978681,inf,0.0625,0.017310203195157234,0.2014746724800358,1.0,30.377885827577003,0.0,0.8742424196717795,1.0,0.016337976906250162,1.1658024203505437,0.5228152610000052
mix_8x8_s2,8,27,True,SQA,0.03,0.0625,0.9375,0.8671482787984152,4.092223332999993,0.25576395831249954,0.0,,42.0,2.0,0.03,0.1262289634710597,4.20763211570199,False,15.0,0.0,16.0,0.01111905730833121,0.2832926836802987,30.377885827577003,0.0,1.0,18.250132397058362,0.4375,0.2309836333518552,0.6682180439322347,0.9375,30.377885827577003,0.0,0.892415511095536,1.0,0.26253913912499627,2.101342996192545,4.20062622599994
mix_8x8_s2,8,27,True,SQA,0.03,0.0,0.8125,0.7492982416767104,4.0585845719999725,0.2536615357499983,1.0,,42.0,2.0,0.03,0.1262289634710597,4.20763211570199,False,15.0,0.0,16.0,0.0,0.19361341827271994,30.39570834188347,0.01782251430646653,0.9855460263930536,inf,0.625,0.3864064709793481,0.815190174452472,1.0,30.377885827577003,0.0,0.9675104033467872,1.0,0.2625917838749956,1.2329157704802884,4.20146854199993
mix_8x8_s2,8,27,True,SA-matched,0.03,0.15625,0.90625,0.8381356240094747,3.4465399700000034,0.10770437406250011,0.0,,42.0,2.0,0.03,0.1262289634710597,4.20763211570199,False,15.0,0.0,32.0,0.06864319106627216,0.31754492553566527,30.377885827577003,0.0,1.0,2.9193630622546944,0.5625,0.3932530203122613,0.7183491403055682,1.0,30.377885827577003,0.0,0.9618555715414506,1.0,0.11611890268750003,0.6468624275892562,3.715804886000001
mix_8x8_s2,8,27,True,SA-matched,0.03,0.0,0.78125,0.7099909401044309,3.3627624260000175,0.10508632581250055,1.0,,42.0,2.0,0.03,0.1262289634710597,4.20763211570199,False,15.0,0.0,32.0,0.0,0.1071827150573635,30.39570834188347,0.01782251430646653,0.9855460263930536,inf,0.5625,0.3932530203122613,0.7183491403055682,0.96875,30.377885827577003,0.0,0.9345956480122921,1.0,0.11434699612500054,0.6369916851523908,3.6591038760000174
mix_8x8_s2,8,27,True,SA,0.1,0.0,0.875,0.6066199706825455,0.20842751700001827,0.006513359906250571,0.0,,42.0,2.0,0.1,0.42076321157019897,4.20763211570199,False,15.0,0.0,32.0,0.0,0.1071827150573635,30.5350377782885,0.1571519507114978,0.8725505218396721,inf,0.125,0.04970053844474301,0.2806864978482796,0.96875,30.377885827577003,0.0,0.8492768553513972,1.0,0.019042049968749808,0.6567135942539233,0.6093455989999939
mix_8x8_s2,8,27,True,SA,0.1,0.0,1.0,0.6781359717810114,0.17884302599998136,0.005588844562499418,1.0,,42.0,2.0,0.1,0.42076321157019897,4.20763211570199,False,15.0,0.0,32.0,0.0,0.1071827150573635,30.473365443207076,0.09547961563007235,0.9225664897450675,inf,0.15625,0.06864319106627216,0.31754492553566527,1.0,30.377885827577003,0.0,0.8632629583106426,1.0,0.016362978937500827,0.4435240138981838,0.5236153260000265
mix_8x8_s2,8,27,True,Tabu,0.1,0.0,1.0,0.6954836395585708,0.1641611439999906,0.005130035749999706,0.0,,42.0,2.0,0.1,0.42076321157019897,4.20763211570199,False,15.0,0.0,32.0,0.0,0.1071827150573635,30.493349230053102,0.11546340247609876,0.9063597344762833,inf,0.0,0.0,0.1071827150573635,1.0,30.485836651824684,0.10795082424768054,0.7501131609227099,0.9124523993812724,0.014352969312501074,inf,0.45929501800003436
mix_8x8_s2,8,27,True,Tabu,0.1,0.0,0.96875,0.6567978342189627,0.16265041399992697,0.005082825437497718,1.0,,42.0,2.0,0.1,0.42076321157019897,4.20763211570199,False,15.0,0.0,32.0,0.0,0.1071827150573635,30.555545440051333,0.17765961247432926,0.8559189065264161,inf,0.0625,0.017310203195157234,0.2014746724800358,1.0,30.377885827577003,0.0,0.7869298975766232,1.0,0.015294429249994579,1.0913396891081892,0.4894217359998265
mix_8x8_s2,8,27,True,SQA,0.1,0.0,1.0,0.8622572367522938,3.938832920999971,0.2461770575624982,0.0,,42.0,2.0,0.1,0.42076321157019897,4.20763211570199,False,15.0,0.0,16.0,0.0,0.19361341827271994,30.485841238864502,0.10795541128749875,0.9124486793139842,inf,0.25,0.10181901984237346,0.49498768929398645,1.0,30.377885827577003,0.0,0.9211466258440772,1.0,0.2552016898125018,4.085229236991471,4.083227037000029
mix_8x8_s2,8,27,True,SQA,0.1,0.0,1.0,0.8555522470914798,3.8969730019999815,0.24356081262499885,1.0,,42.0,2.0,0.1,0.42076321157019897,4.20763211570199,False,15.0,0.0,16.0,0.0,0.19361341827271994,30.486071478290878,0.10818565071387454,0.9122619562436648,inf,0.0,0.0,0.19361341827271994,1.0,30.45804295413058,0.08015712655357632,0.8937660076661014,0.9349929548832687,0.25326068687499514,inf,4.052170989999922
mix_8x8_s2,8,27,True,SA-matched,0.1,0.0,1.0,0.8398758065812306,3.1726769540000532,0.09914615481250166,0.0,,42.0,2.0,0.1,0.42076321157019897,4.20763211570199,False,15.0,0.0,32.0,0.0,0.1071827150573635,30.39570834188347,0.01782251430646653,0.9855460263930536,inf,0.34375,0.20410233354328552,0.5168922649121406,1.0,30.377885827577003,0.0,0.9129511869870133,1.0,0.11129916553124986,1.2168452372172283,3.5615732969999954
mix_8x8_s2,8,27,True,SA-matched,0.1,0.0,1.0,0.8361784820906502,3.120256196000014,0.09750800612500043,1.0,,42.0,2.0,0.1,0.42076321157019897,4.20763211570199,False,15.0,0.0,32.0,0.0,0.1071827150573635,30.429630520396152,0.05174469281914895,0.9580353023458557,inf,0.34375,0.20410233354328552,0.5168922649121406,1.0,30.377885827577003,0.0,0.9229478016473325,1.0,0.10898390884375075,1.1915322974510483,3.487485083000024
mix_8x8_s2,8,27,True,SA,1.0,0.0,0.9375,0.5557241233460073,0.183823863999919,0.005744495749997469,0.0,,42.0,2.0,1.0,4.20763211570199,4.20763211570199,False,15.0,0.0,32.0,0.0,0.1071827150573635,30.502160788452155,0.12427496087515166,0.8992136028841897,inf,0.0625,0.017310203195157234,0.2014746724800358,1.0,30.377885827577003,0.0,0.8424693389730811,1.0,0.02116540090624497,1.5102650558130346,0.677292828999839
mix_8x8_s2,8,27,True,SA,1.0,0.0,1.0,0.6028809687855723,0.1666053200000306,0.005206416250000956,1.0,,42.0,2.0,1.0,4.20763211570199,4.20763211570199,False,15.0,0.0,32.0,0.0,0.1071827150573635,30.49836562776492,0.12047980018791549,0.9022914599959402,inf,0.09375,0.032400962626319516,0.24218499335778831,1.0,30.377885827577003,0.0,0.8632736955279389,1.0,0.01806540121874889,0.8451258183069451,0.5780928389999644
mix_8x8_s2,8,27,True,Tabu,1.0,0.0,1.0,0.6954836395585708,0.16438562700000148,0.005137050843750046,0.0,,42.0,2.0,1.0,4.20763211570199,4.20763211570199,False,15.0,0.0,32.0,0.0,0.1071827150573635,30.493349230053102,0.11546340247609876,0.9063597344762833,inf,0.0,0.0,0.1071827150573635,1.0,30.485836651824684,0.10795082424768054,0.7501131609227099,0.9124523993812724,0.014053573249999118,inf,0.4497143439999718
mix_8x8_s2,8,27,True,Tabu,1.0,0.0,0.96875,0.6567978342189627,0.16604346799999803,0.005188858374999938,1.0,,42.0,2.0,1.0,4.20763211570199,4.20763211570199,False,15.0,0.0,32.0,0.0,0.1071827150573635,30.555545440051333,0.17765961247432926,0.8559189065264161,inf,0.0625,0.017310203195157234,0.2014746724800358,1.0,30.377885827577003,0.0,0.7869298975766232,1.0,0.01572792740624962,1.1222721113217555,0.5032936769999878
mix_8x8_s2,8,27,True,SQA,1.0,0.0,1.0,0.8100287294227494,3.86837799500006,0.24177362468750374,0.0,,42.0,2.0,1.0,4.20763211570199,4.20763211570199,False,15.0,0.0,16.0,0.0,0.19361341827271994,30.551602223505643,0.17371639592863986,0.8591168362291399,inf,0.25,0.10181901984237346,0.49498768929398645,1.0,30.377885827577003,0.0,0.9042204040210737,1.0,0.2551662009375022,4.0846611365614045,4.082659215000035
mix_8x8_s2,8,27,True,SQA,1.0,0.0625,1.0,0.8217148852424649,3.6880971079999654,0.23050606924999784,1.0,,42.0,2.0,1.0,4.20763211570199,4.20763211570199,False,15.0,0.0,16.0,0.01111905730833121,0.2832926836802987,30.377885827577003,0.0,1.0,16.44784632633039,0.25,0.10181901984237346,0.49498768929398645,1.0,30.377885827577003,0.0,0.8884652229154091,1.0,0.2391843266874929,3.828825761819066,3.8269492269998864
mix_8x8_s2,8,27,True,SA-matched,1.0,0.0,1.0,0.7720880494760971,2.902414786999998,0.09070046209374993,0.0,,42.0,2.0,1.0,4.20763211570199,4.20763211570199,False,15.0,0.0,32.0,0.0,0.1071827150573635,30.493244833247903,0.11535900567089996,0.9064443997845021,inf,0.28125,0.15564406845647866,0.4537483693811179,1.0,30.377885827577003,0.0,0.8946136541618204,1.0,0.10285533734374752,1.4343020637210029,3.2913707949999207
mix_8x8_s2,8,27,True,SA-matched,1.0,0.03125,1.0,0.7871101130395953,2.9544125889999577,0.09232539340624868,1.0,,42.0,2.0,1.0,4.20763211570199,4.20763211570199,False,15.0,0.0,32.0,0.005537717362550945,0.15744607800372734,30.377885827577003,0.0,1.0,13.391860822489866,0.21875,0.11023696931531854,0.3875533079044484,1.0,30.377885827577003,0.0,0.913188963044216,1.0,0.10378602637499768,1.9361264016002122,3.3211528439999256
mix_10x10_s0,10,39,True,MILP (HiGHS),,1.0,1.0,1.0,2.3399531499999284,2.3399531499999284,,,,,,,,,,,,,,,,,,,,,,,,,,,,
mix_10x10_s0,10,39,True,Greedy planner,,0.0,0.0,0.0,0.004003490000059173,0.004003490000059173,,,,,,,,,,,,,,,,,,,,,,,,,,,,
mix_10x10_s0,10,39,True,FeasibleSA,,0.4375,1.0,0.9548801076960719,2.1524386029999505,0.06726370634374845,0.0,1248000.0,,,,,,,,,,,,,,,,,,,,,,,,,,
mix_10x10_s0,10,39,True,FeasibleSA,,0.46875,1.0,0.9618850970007193,2.261329853999996,0.07066655793749987,1.0,1248000.0,,,,,,,,,,,,,,,,,,,,,,,,,,
mix_10x10_s0,10,39,True,SA,0.01,0.0,0.59375,0.538382208466192,0.3143512910000936,0.009823477843752926,0.0,,56.0,2.0,0.01,0.05306135258897931,5.306135258897931,False,17.0,0.0,32.0,0.0,0.1071827150573635,30.620532725239034,0.007812668927392963,0.994277530401994,inf,0.59375,0.4225972657298823,0.744805975196862,0.96875,30.61272005631164,0.0,0.932838337871657,1.0,0.03641032318750348,0.1861436937230562,1.1651303420001113
mix_10x10_s0,10,39,True,SA,0.01,0.0,0.5625,0.49669235977232096,0.3251011730000073,0.010159411656250228,1.0,,56.0,2.0,0.01,0.05306135258897931,5.306135258897931,False,17.0,0.0,32.0,0.0,0.1071827150573635,30.647560785504197,0.0348407291925561,0.9744805500617454,inf,0.59375,0.4225972657298823,0.744805975196862,1.0,30.61272005631164,0.0,0.9653736850086413,1.0,0.03621106690625098,0.18512501833259468,1.1587541410000313
mix_10x10_s0,10,39,True,Tabu,0.01,0.0,0.875,0.7952514475386064,0.4508592759999601,0.014089352374998754,0.0,,56.0,2.0,0.01,0.05306135258897931,5.306135258897931,False,17.0,0.0,32.0,0.0,0.1071827150573635,30.72288413110822,0.11016407479657886,0.919309191945211,inf,0.125,0.04970053844474301,0.2806864978482796,1.0,30.61272005631164,0.0,0.9269783849046467,1.0,0.03637847678124828,1.254604429654532,1.164111256999945
mix_10x10_s0,10,39,True,Tabu,0.01,0.0,0.875,0.7958974424432577,0.4875758239999186,0.015236744499997457,1.0,,56.0,2.0,0.01,0.05306135258897931,5.306135258897931,False,17.0,0.0,32.0,0.0,0.1071827150573635,30.620532725239034,0.007812668927392963,0.994277530401994,inf,0.03125,0.005537717362550945,0.15744607800372734,1.0,30.61272005631164,0.0,0.9178904113469141,1.0,0.0387187486249978,5.616180702587157,1.2389999559999296
mix_10x10_s0,10,39,True,SQA,0.01,0.0625,0.75,0.7358335538001018,6.478734899000074,0.4049209311875046,0.0,,56.0,2.0,0.01,0.05306135258897931,5.306135258897931,False,17.0,0.0,16.0,0.01111905730833121,0.2832926836802987,30.61272005631164,0.0,1.0,28.893283687308987,0.875,0.6397666856325173,0.9650232506629428,1.0,30.61272005631164,0.0,0.9892787765864909,1.0,0.42428655000000504,0.9396329404852323,6.788584800000081
mix_10x10_s0,10,39,True,SQA,0.01,0.125,0.75,0.7273635096291118,6.4926788000000215,0.40579242500000134,1.0,,56.0,2.0,0.01,0.05306135258897931,5.306135258897931,False,17.0,0.0,16.0,0.034976749337057134,0.3602333143674828,30.61272005631164,0.0,1.0,13.994785350322376,0.8125,0.5699064013154177,0.9340852122641324,1.0,30.61272005631164,0.0,0.9840086796413576,1.0,0.42533192518750695,1.1701036297405922,6.805310803000111
mix_10x10_s0,10,39,True,SA-matched,0.01,0.25,0.6875,0.6743380867874578,5.571738699999969,0.17411683437499903,0.0,,56.0,2.0,0.01,0.05306135258897931,5.306135258897931,False,17.0,0.0,32.0,0.1325224398262155,0.42106891770246624,30.61272005631164,0.0,1.0,2.7872353939495826,0.8125,0.6469050424507756,0.9111057606383721,1.0,30.61272005631164,0.0,0.9837320530660069,1.0,0.1919939294374977,0.5281822981520546,6.143805741999927
mix_10x10_s0,10,39,True,SA-matched,0.01,0.15625,0.625,0.6061634151727846,5.484705489000021,0.17139704653125065,1.0,,56.0,2.0,0.01,0.05306135258897931,5.306135258897931,False,17.0,0.0,32.0,0.06864319106627216,0.31754492553566527,30.61272005631164,0.0,1.0,4.6457742406313125,0.78125,0.6124466920955516,0.8897630306846815,1.0,30.61272005631164,0.0,0.9810619809517116,1.0,0.19397923090624758,0.587769597053806,6.2073353889999225
mix_10x10_s0,10,39,True,SA,0.03,0.0,0.9375,0.7110553059283075,0.3017062279999436,0.009428319624998238,0.0,,56.0,2.0,0.03,0.15918405776693792,5.306135258897931,False,17.0,0.0,32.0,0.0,0.1071827150573635,30.730797633107148,0.1180775767955069,0.9135128661283256,inf,0.21875,0.11023696931531854,0.3875533079044484,1.0,30.61272005631164,0.0,0.8967110753118467,1.0,0.03940555356249931,0.7351098725599313,1.2609777139999778
mix_10x10_s0,10,39,True,SA,0.03,0.0,0.84375,0.6212938237295169,0.30989994899994144,0.00968437340624817,1.0,,56.0,2.0,0.03,0.15918405776693792,5.306135258897931,False,17.0,0.0,32.0,0.0,0.1071827150573635,30.772071003511257,0.1593509471996164,0.883281762066481,inf,0.09375,0.032400962626319516,0.24218499335778831,1.0,30.61272005631164,0.0,0.8832922770173496,1.0,0.042844203062497144,2.004314309682929,1.3710144979999086
mix_10x10_s0,10,39,True,Tabu,0.03,0.0,0.96875,0.7948174374535143,0.5755997109999953,0.017987490968749853,0.0,,56.0,2.0,0.03,0.15918405776693792,5.306135258897931,False,17.0,0.0,32.0,0.0,0.1071827150573635,30.734316920817236,0.12159686450559448,0.9109351276992722,inf,0.0,0.0,0.1071827150573635,1.0,30.72288413110822,0.11016407479657886,0.8422949091029985,0.919309191945211,0.04143595284374868,inf,1.3259504909999578
mix_10x10_s0,10,39,True,Tabu,0.03,0.0,0.96875,0.78551422406937,0.4826255709999714,0.015082049093749106,1.0,,56.0,2.0,0.03,0.15918405776693792,5.306135258897931,False,17.0,0.0,32.0,0.0,0.1071827150573635,30.789112558937198,0.17639250262555706,0.8707994997648297,inf,0.0,0.0,0.1071827150573635,1.0,30.72288413110822,0.11016407479657886,0.84785230349346,0.919309191945211,0.03875838784374963,inf,1.2402684109999882
mix_10x10_s0,10,39,True,SQA,0.03,0.0,1.0,0.8702895354712437,6.353185222999969,0.39707407643749804,0.0,,56.0,2.0,0.03,0.15918405776693792,5.306135258897931,False,17.0,0.0,16.0,0.0,0.19361341827271994,30.639767761524457,0.027047705212815742,0.9801886305160745,inf,0.125,0.034976749337057134,0.3602333143674828,1.0,30.61272005631164,0.0,0.9103982808288898,1.0,0.4222522308124965,14.562443677739054,6.756035692999944
mix_10x10_s0,10,39,True,SQA,0.03,0.0,0.9375,0.7946090088585243,6.434878774000026,0.40217992337500164,1.0,,56.0,2.0,0.03,0.15918405776693792,5.306135258897931,False,17.0,0.0,16.0,0.0,0.19361341827271994,30.72749176559146,0.11477170927981817,0.9159342827440016,inf,0.1875,0.06591478773586765,0.4300935986845823,0.9375,30.61272005631164,0.0,0.8552600170771303,1.0,0.4275187531874991,9.481808125508934,6.840300050999986
mix_10x10_s0,10,39,True,SA-matched,0.03,0.0,1.0,0.8462586191239931,5.366776423000033,0.16771176321875103,0.0,,56.0,2.0,0.03,0.15918405776693792,5.306135258897931,False,17.0,0.0,32.0,0.0,0.1071827150573635,30.7304268548157,0.1177067985040594,0.9137844464960755,inf,0.375,0.2293366846595921,0.5474589941047487,1.0,30.61272005631164,0.0,0.9390305645328967,1.0,0.1933284429374993,1.8942627803705403,6.186510173999977
mix_10x10_s0,10,39,True,SA-matched,0.03,0.0,0.96875,0.8311156077425763,5.5550443639999685,0.17359513637499902,1.0,,56.0,2.0,0.03,0.15918405776693792,5.306135258897931,False,17.0,0.0,32.0,0.0,0.1071827150573635,30.69233118897995,0.07961113266830822,0.9416880082093487,inf,0.25,0.1325224398262155,0.42106891770246624,0.96875,30.61272005631164,0.0,0.9046504194353727,1.0,0.19981196021874936,3.198559000083172,6.39398272699998
mix_10x10_s0,10,39,True,SA,0.1,0.0,1.0,0.6480131970426644,0.30158057699998153,0.009424393031249423,0.0,,56.0,2.0,0.1,0.5306135258897932,5.306135258897931,False,17.0,0.0,32.0,0.0,0.1071827150573635,30.870539822674473,0.2578197663628323,0.8111572641196464,inf,0.03125,0.005537717362550945,0.15744607800372734,1.0,30.61272005631164,0.0,0.8539872812705266,1.0,0.0462877395937511,6.7140679671906405,1.4812076670000351
mix_10x10_s0,10,39,True,SA,0.1,0.0,1.0,0.6108503195823961,0.2932284719998961,0.009163389749996753,1.0,,56.0,2.0,0.1,0.5306135258897932,5.306135258897931,False,17.0,0.0,32.0,0.0,0.1071827150573635,30.7849830760845,0.17226301977285985,0.8738241818932625,inf,0.0625,0.017310203195157234,0.2014746724800358,1.0,30.61272005631164,0.0,0.84751812087515,1.0,0.045789082343745235,3.2672970055152546,1.4652506349998475
mix_10x10_s0,10,39,True,Tabu,0.1,0.0,1.0,0.7693637554957404,0.46913092800002687,0.01466034150000084,0.0,,56.0,2.0,0.1,0.5306135258897932,5.306135258897931,False,17.0,0.0,32.0,0.0,0.1071827150573635,30.81990642614813,0.20718636983648864,0.8482442154494105,inf,0.0,0.0,0.1071827150573635,1.0,30.72288413110822,0.11016407479657886,0.8114271172519438,0.919309191945211,0.041608044374999764,inf,1.3314574199999925
mix_10x10_s0,10,39,True,Tabu,0.1,0.0,1.0,0.7784636059680301,0.44527440899992143,0.013914825281247545,1.0,,56.0,2.0,0.1,0.5306135258897932,5.306135258897931,False,17.0,0.0,32.0,0.0,0.1071827150573635,30.789112558937198,0.17639250262555706,0.8707994997648297,inf,0.0,0.0,0.1071827150573635,1.0,30.72288413110822,0.11016407479657886,0.8379562921534565,0.919309191945211,0.04018162490624633,inf,1.2858119969998825
mix_10x10_s0,10,39,True,SQA,0.1,0.0,1.0,0.805375757866628,6.307621653000069,0.39422635331250433,0.0,,56.0,2.0,0.1,0.5306135258897932,5.306135258897931,False,17.0,0.0,16.0,0.0,0.19361341827271994,30.761575113776445,0.14885505746480376,0.8909695843036293,inf,0.0625,0.01111905730833121,0.2832926836802987,1.0,30.61272005631164,0.0,0.8879286591733375,1.0,0.4216927699375006,30.090044480929304,6.74708431900001
mix_10x10_s0,10,39,True,SQA,0.1,0.0,1.0,0.8048731051686854,6.320173209000018,0.3950108255625011,1.0,,56.0,2.0,0.1,0.5306135258897932,5.306135258897931,False,17.0,0.0,16.0,0.0,0.19361341827271994,30.776672485371332,0.16395242905969099,0.8799113594173008,inf,0.25,0.10181901984237346,0.49498768929398645,1.0,30.61272005631164,0.0,0.9093487461082255,1.0,0.42212798912500205,6.757359656171825,6.754047826000033
mix_10x10_s0,10,39,True,SA-matched,0.1,0.0,1.0,0.7925166472052108,5.077523434,0.1586726073125,0.0,,56.0,2.0,0.1,0.5306135258897932,5.306135258897931,False,17.0,0.0,32.0,0.0,0.1071827150573635,30.748740684871784,0.13602062856014285,0.9003702935743342,inf,0.15625,0.06864319106627216,0.31754492553566527,1.0,30.61272005631164,0.0,0.9041137330232485,1.0,0.1883872542187497,5.1062994994674815,6.02839213499999
mix_10x10_s0,10,39,True,SA-matched,0.1,0.0,1.0,0.7826770537284679,5.158019715000023,0.16118811609375072,1.0,,56.0,2.0,0.1,0.5306135258897932,5.306135258897931,False,17.0,0.0,32.0,0.0,0.1071827150573635,30.752460174414203,0.13974011810256215,0.8976459152569621,inf,0.21875,0.11023696931531854,0.3875533079044484,1.0,30.61272005631164,0.0,0.90702071984054,1.0,0.19212935162500244,3.5841694994607716,6.148139252000078
mix_10x10_s0,10,39,True,SA,1.0,0.0,1.0,0.57556115276581,0.2674137439998958,0.008356679499996744,0.0,,56.0,2.0,1.0,5.306135258897931,5.306135258897931,False,17.0,0.0,32.0,0.0,0.1071827150573635,30.764885777949633,0.15216572163799214,0.8885446543269023,inf,0.0,0.0,0.1071827150573635,1.0,30.72288413110822,0.11016407479657886,0.8265357272030469,0.919309191945211,0.043347080937497395,inf,1.3871065899999167
mix_10x10_s0,10,39,True,SA,1.0,0.0,1.0,0.5828226630750375,0.263107505999983,0.008222109562499469,1.0,,56.0,2.0,1.0,5.306135258897931,5.306135258897931,False,17.0,0.0,32.0,0.0,0.1071827150573635,30.95648357319717,0.3437635168855273,0.7482068813406788,inf,0.0,0.0,0.1071827150573635,1.0,30.72288413110822,0.11016407479657886,0.8053138071216733,0.919309191945211,0.044552564656250127,inf,1.425682069000004
mix_10x10_s0,10,39,True,Tabu,1.0,0.0,1.0,0.7693637554957404,0.4588522939999393,0.014339134187498104,0.0,,56.0,2.0,1.0,5.306135258897931,5.306135258897931,False,17.0,0.0,32.0,0.0,0.1071827150573635,30.81990642614813,0.20718636983648864,0.8482442154494105,inf,0.0,0.0,0.1071827150573635,1.0,30.72288413110822,0.11016407479657886,0.8114271172519438,0.919309191945211,0.03945839312499899,inf,1.2626685799999677
mix_10x10_s0,10,39,True,Tabu,1.0,0.0,1.0,0.7784636059680301,0.45342618699999093,0.014169568343749717,1.0,,56.0,2.0,1.0,5.306135258897931,5.306135258897931,False,17.0,0.0,32.0,0.0,0.1071827150573635,30.789112558937198,0.17639250262555706,0.8707994997648297,inf,0.0,0.0,0.1071827150573635,1.0,30.72288413110822,0.11016407479657886,0.8379562921534565,0.919309191945211,0.03923534321874911,inf,1.2555309829999715
mix_10x10_s0,10,39,True,SQA,1.0,0.0,1.0,0.7887600151736062,6.06090209499996,0.3788063809374975,0.0,,56.0,2.0,1.0,5.306135258897931,5.306135258897931,False,17.0,0.0,16.0,0.0,0.19361341827271994,30.785819039160835,0.17309898284919356,0.8732118721520161,inf,0.0,0.0,0.19361341827271994,1.0,30.72288413110822,0.11016407479657886,0.8667202192104009,0.919309191945211,0.4119264773124982,inf,6.590823636999971
mix_10x10_s0,10,39,True,SQA,1.0,0.0,1.0,0.779802661691151,6.080690637999965,0.3800431648749978,1.0,,56.0,2.0,1.0,5.306135258897931,5.306135258897931,False,17.0,0.0,16.0,0.0,0.19361341827271994,30.7908936182023,0.17817356189065947,0.8694949446132528,inf,0.0625,0.01111905730833121,0.2832926836802987,1.0,30.61272005631164,0.0,0.8588048466474364,1.0,0.4102779640625016,29.275536761077245,6.564447425000026
mix_10x10_s0,10,39,True,SA-matched,1.0,0.0,1.0,0.7605112144458557,4.7161876370000755,0.14738086365625236,0.0,,56.0,2.0,1.0,5.306135258897931,5.306135258897931,False,17.0,0.0,32.0,0.0,0.1071827150573635,30.824673524650215,0.21195346833857442,0.8447525051897786,inf,0.0625,0.017310203195157234,0.2014746724800358,1.0,30.61272005631164,0.0,0.8827086181359864,1.0,0.17804990553124966,12.704817248952612,5.697596976999989
mix_10x10_s0,10,39,True,SA-matched,1.0,0.0,1.0,0.771692425492407,4.659129701999973,0.14559780318749915,1.0,,56.0,2.0,1.0,5.306135258897931,5.306135258897931,False,17.0,0.0,32.0,0.0,0.1071827150573635,30.743932798053063,0.13121274174142172,0.9038918796554132,inf,0.1875,0.08889423936162782,0.3530949575492244,1.0,30.61272005631164,0.0,0.9104493692623512,1.0,0.17835551971874963,3.9556927116994096,5.707376630999988
mix_10x10_s1,10,39,True,MILP (HiGHS),,1.0,1.0,1.0,2.490189143000066,2.490189143000066,,,,,,,,,,,,,,,,,,,,,,,,,,,,
mix_10x10_s1,10,39,True,Greedy planner,,1.0,1.0,1.0,0.004000046999976803,0.004000046999976803,,,,,,,,,,,,,,,,,,,,,,,,,,,,
mix_10x10_s1,10,39,True,FeasibleSA,,0.59375,1.0,0.9719895110231738,2.1461023760000444,0.06706569925000139,0.0,1248000.0,,,,,,,,,,,,,,,,,,,,,,,,,,
mix_10x10_s1,10,39,True,FeasibleSA,,0.875,1.0,0.9903919765595994,2.0163907090000066,0.0630122096562502,1.0,1248000.0,,,,,,,,,,,,,,,,,,,,,,,,,,
mix_10x10_s1,10,39,True,SA,0.01,0.0,0.5625,0.4885560109420354,0.3328725740000209,0.010402267937500653,0.0,,56.0,2.0,0.01,0.05483466079190872,5.483466079190872,False,17.0,0.0,32.0,0.0,0.1071827150573635,30.762967938571546,0.06793960325006054,0.9502115367608344,inf,0.46875,0.30869129901682335,0.6355076206742619,0.9375,30.695028335321485,0.0,0.8918088483100209,1.0,0.03913432515625104,0.28492300387883995,1.2522984050000332
mix_10x10_s1,10,39,True,SA,0.01,0.03125,0.59375,0.5401798481658656,0.3356722380000292,0.010489757437500913,1.0,,56.0,2.0,0.01,0.05483466079190872,5.483466079190872,False,17.0,0.0,32.0,0.005537717362550945,0.15744607800372734,30.695028335321485,0.0,1.0,1.5215464184004495,0.65625,0.4831077350878594,0.7958976664567146,1.0,30.695028335321485,0.0,0.964396019172977,1.0,0.03970055128125338,0.17121262292434705,1.2704176410001082
mix_10x10_s1,10,39,True,Tabu,0.01,0.03125,0.78125,0.6995993227511775,0.4596491129999549,0.014364034781248591,0.0,,56.0,2.0,0.01,0.05483466079190872,5.483466079190872,False,17.0,0.0,32.0,0.005537717362550945,0.15744607800372734,30.695028335321485,0.0,1.0,2.083512970190773,0.09375,0.032400962626319516,0.24218499335778831,1.0,30.695028335321485,0.0,0.9185675934514872,1.0,0.0397855463125012,1.8612258857138206,1.2731374820000383
mix_10x10_s1,10,39,True,Tabu,0.01,0.0,0.90625,0.8105662171866412,0.438920373999963,0.013716261687498843,1.0,,56.0,2.0,0.01,0.05483466079190872,5.483466079190872,False,17.0,0.0,32.0,0.0,0.1071827150573635,30.81619102425518,0.12116268893369408,0.9112078405620022,inf,0.09375,0.032400962626319516,0.24218499335778831,1.0,30.695028335321485,0.0,0.9158514302159891,1.0,0.036463936281247555,1.7058361237169268,1.1668459609999218
mix_10x10_s1,10,39,True,SQA,0.01,0.0625,1.0,0.9656656327521427,6.602185338999902,0.4126365836874939,0.0,,56.0,2.0,0.01,0.05483466079190872,5.483466079190872,False,17.0,0.0,16.0,0.01111905730833121,0.2832926836802987,30.695028335321485,0.0,1.0,29.443836941894023,1.0,0.8063865817272802,1.0,1.0,30.695028335321485,0.0,1.0,1.0,0.4312452119374939,0.4312452119374939,6.899923390999902
mix_10x10_s1,10,39,True,SQA,0.01,0.0625,0.9375,0.9096479134546787,7.347757427000033,0.4592348391875021,1.0,,56.0,2.0,0.01,0.05483466079190872,5.483466079190872,False,17.0,0.0,16.0,0.01111905730833121,0.2832926836802987,30.695028335321485,0.0,1.0,32.76887279901049,1.0,0.8063865817272802,1.0,1.0,30.695028335321485,0.0,1.0,1.0,0.477682064937504,0.477682064937504,7.642913039000064
mix_10x10_s1,10,39,True,SA-matched,0.01,0.125,0.90625,0.8686949569331395,5.715614791999997,0.1786129622499999,0.0,,56.0,2.0,0.01,0.05483466079190872,5.483466079190872,False,17.0,0.0,32.0,0.04970053844474301,0.2806864978482796,30.695028335321485,0.0,1.0,6.159922939601383,0.90625,0.7578150066422116,0.9675990373736805,1.0,30.695028335321485,0.0,0.9911222714678842,1.0,0.19857558774999973,0.3863230339607073,6.354418807999991
mix_10x10_s1,10,39,True,SA-matched,0.01,0.03125,0.8125,0.7855389010807344,5.603401914999949,0.17510630984374842,1.0,,56.0,2.0,0.01,0.05483466079190872,5.483466079190872,False,17.0,0.0,32.0,0.005537717362550945,0.15744607800372734,30.695028335321485,0.0,1.0,25.399288798573956,0.875,0.7193135021517204,0.950299461555257,1.0,30.695028335321485,0.0,0.9881172843512023,1.0,0.1951158793437493,0.4321072809004357,6.243708138999978
mix_10x10_s1,10,39,True,SA,0.03,0.0,0.84375,0.6329993893552436,0.3142477640000152,0.009820242625000475,0.0,,56.0,2.0,0.03,0.16450398237572614,5.483466079190872,False,17.0,0.0,32.0,0.0,0.1071827150573635,30.86689480203202,0.17186646671053651,0.8740503792998644,inf,0.09375,0.032400962626319516,0.24218499335778831,1.0,30.695028335321485,0.0,0.8874651473590045,1.0,0.043606501624999794,2.0399757482874947,1.3954080519999934
mix_10x10_s1,10,39,True,SA,0.03,0.0,0.84375,0.6259242369011677,0.3246784589999834,0.01014620184374948,1.0,,56.0,2.0,0.03,0.16450398237572614,5.483466079190872,False,17.0,0.0,32.0,0.0,0.1071827150573635,30.880552511938347,0.1855241766168625,0.8640415426998111,inf,0.1875,0.08889423936162782,0.3530949575492244,1.0,30.695028335321485,0.0,0.8709353381269997,1.0,0.04204787900000184,0.9325670927651176,1.345532128000059
mix_10x10_s1,10,39,True,Tabu,0.03,0.0,1.0,0.7979418225143977,0.47857047700006206,0.01495532740625194,0.0,,56.0,2.0,0.03,0.16450398237572614,5.483466079190872,False,17.0,0.0,32.0,0.0,0.1071827150573635,30.87968426270476,0.1846559273832753,0.8646778254124108,inf,0.0,0.0,0.1071827150573635,1.0,30.815525442786385,0.1204971074648995,0.8452366703370537,0.9116956014099686,0.04049963906250298,inf,1.2959884500000953
mix_10x10_s1,10,39,True,Tabu,0.03,0.0,1.0,0.7886705392551684,0.46757075999994413,0.014611586249998254,1.0,,56.0,2.0,0.03,0.16450398237572614,5.483466079190872,False,17.0,0.0,32.0,0.0,0.1071827150573635,30.91792781743261,0.22289948211112431,0.836651641454664,inf,0.0625,0.017310203195157234,0.2014746724800358,1.0,30.695028335321485,0.0,0.8271431024410254,1.0,0.03918271396874928,2.7958971323552397,1.253846846999977
mix_10x10_s1,10,39,True,SQA,0.03,0.0,1.0,0.8567396422954325,6.861823234999974,0.4288639521874984,0.0,,56.0,2.0,0.03,0.16450398237572614,5.483466079190872,False,17.0,0.0,16.0,0.0,0.19361341827271994,30.76697088801234,0.07194255269085659,0.9472780386014801,inf,0.25,0.10181901984237346,0.49498768929398645,1.0,30.695028335321485,0.0,0.9221924814776373,1.0,0.45575583693749167,7.295669050445877,7.292093390999867
mix_10x10_s1,10,39,True,SQA,0.03,0.0,1.0,0.8633881073070291,6.776819068000009,0.42355119175000056,1.0,,56.0,2.0,0.03,0.16450398237572614,5.483466079190872,False,17.0,0.0,16.0,0.0,0.19361341827271994,30.765501383138474,0.07047304781698926,0.9483549419964414,inf,0.3125,0.14164435051961052,0.5559606813326594,1.0,30.695028335321485,0.0,0.9332604643889213,1.0,0.45335352106250326,5.5719418688055296,7.253656337000052
mix_10x10_s1,10,39,True,SA-matched,0.03,0.0,0.96875,0.8217527071590784,5.557648071000017,0.17367650221875053,0.0,,56.0,2.0,0.03,0.16450398237572614,5.483466079190872,False,17.0,0.0,32.0,0.0,0.1071827150573635,30.741436763761467,0.04640842843998172,0.9659903175344283,inf,0.4375,0.2816508596944317,0.6067469796877387,1.0,30.695028335321485,0.0,0.9434560283029763,1.0,0.20290326634375333,1.6240220755543804,6.492904523000107
mix_10x10_s1,10,39,True,SA-matched,0.03,0.0,0.96875,0.8175054794620247,5.508034829000053,0.17212608840625165,1.0,,56.0,2.0,0.03,0.16450398237572614,5.483466079190872,False,17.0,0.0,32.0,0.0,0.1071827150573635,30.798780730721862,0.1037523954003774,0.9239666986962798,inf,0.34375,0.20410233354328552,0.5168922649121406,1.0,30.695028335321485,0.0,0.9363875953028038,1.0,0.2010354480937515,2.1979412546092045,6.433134339000048
mix_10x10_s1,10,39,True,SA,0.1,0.0,0.96875,0.6073149348626146,0.312004657999978,0.009750145562499313,0.0,,56.0,2.0,0.1,0.5483466079190872,5.483466079190872,False,17.0,0.0,32.0,0.0,0.1071827150573635,31.02462994870987,0.3296016133883839,0.7584566728869938,inf,0.15625,0.06864319106627216,0.31754492553566527,1.0,30.695028335321485,0.0,0.8539390578129827,1.0,0.04780550406249873,1.2957841679813196,1.5297761299999593
mix_10x10_s1,10,39,True,SA,0.1,0.0,1.0,0.6340692162998594,0.30936441900007594,0.009667638093752373,1.0,,56.0,2.0,0.1,0.5483466079190872,5.483466079190872,False,17.0,0.0,32.0,0.0,0.1071827150573635,30.89804417002846,0.20301583470697437,0.8512230578375108,inf,0.09375,0.032400962626319516,0.24218499335778831,1.0,30.695028335321485,0.0,0.852486602927736,1.0,0.0485467336250025,2.271087006823805,1.55349547600008
mix_10x10_s1,10,39,True,Tabu,0.1,0.0,1.0,0.7541628367180283,0.44208674999993036,0.013815210937497824,0.0,,56.0,2.0,0.1,0.5483466079190872,5.483466079190872,False,17.0,0.0,32.0,0.0,0.1071827150573635,30.950996800874368,0.25596846555288266,0.8124175601871214,inf,0.0,0.0,0.1071827150573635,1.0,30.815525442786385,0.1204971074648995,0.8253444740605373,0.9116956014099686,0.05033680400000051,inf,1.6107777280000164
mix_10x10_s1,10,39,True,Tabu,0.1,0.0,1.0,0.7359472811737373,0.5116087370000741,0.015987773031252317,1.0,,56.0,2.0,0.1,0.5483466079190872,5.483466079190872,False,17.0,0.0,32.0,0.0,0.1071827150573635,30.964212546321207,0.2691842109997218,0.8027326102480367,inf,0.03125,0.005537717362550945,0.15744607800372734,1.0,30.695028335321485,0.0,0.8191582054461796,1.0,0.04451306959375145,6.456650882150256,1.4244182270000465
mix_10x10_s1,10,39,True,SQA,0.1,0.0,1.0,0.8247174186992714,6.420072168000047,0.40125451050000294,0.0,,56.0,2.0,0.1,0.5483466079190872,5.483466079190872,False,17.0,0.0,16.0,0.0,0.19361341827271994,30.870057288881043,0.17502895355955772,0.8717328008523232,inf,0.1875,0.06591478773586765,0.4300935986845823,1.0,30.695028335321485,0.0,0.9109086636663375,1.0,0.43054633143750465,9.548955860754425,6.888741303000074
mix_10x10_s1,10,39,True,SQA,0.1,0.0,1.0,0.8182506325016983,6.328616818,0.395538551125,1.0,,56.0,2.0,0.1,0.5483466079190872,5.483466079190872,False,17.0,0.0,16.0,0.0,0.19361341827271994,30.843138484362736,0.1481101490412513,0.891459820809579,inf,0.25,0.10181901984237346,0.49498768929398645,1.0,30.695028335321485,0.0,0.9160156021785717,1.0,0.43087656556249954,6.897405516647036,6.894025048999993
mix_10x10_s1,10,39,True,SA-matched,0.1,0.0,1.0,0.8078805459778213,5.198373850000053,0.16244918281250165,0.0,,56.0,2.0,0.1,0.5483466079190872,5.483466079190872,False,17.0,0.0,32.0,0.0,0.1071827150573635,30.813470071089228,0.11844173576774253,0.9132018480362563,inf,0.28125,0.15564406845647866,0.4537483693811179,1.0,30.695028335321485,0.0,0.9279102935996372,1.0,0.1939265813437494,2.7042767348291346,6.205650602999981
mix_10x10_s1,10,39,True,SA-matched,0.1,0.0,1.0,0.7837773119892846,5.223327450000056,0.16322898281250176,1.0,,56.0,2.0,0.1,0.5483466079190872,5.483466079190872,False,17.0,0.0,32.0,0.0,0.1071827150573635,30.883523645928815,0.1884953106073297,0.8618641941669011,inf,0.15625,0.06864319106627216,0.31754492553566527,1.0,30.695028335321485,0.0,0.8867773456299561,1.0,0.19556306259375233,5.300802184192654,6.258018003000075
mix_10x10_s1,10,39,True,SA,1.0,0.0,1.0,0.6156520924889543,0.34326961099998243,0.010727175343749451,0.0,,56.0,2.0,1.0,5.483466079190872,5.483466079190872,False,17.0,0.0,32.0,0.0,0.1071827150573635,30.874720361260966,0.17969202593948097,0.8683155420420994,inf,0.0625,0.017310203195157234,0.2014746724800358,1.0,30.695028335321485,0.0,0.8422614907680647,1.0,0.044476051968750596,3.173605234621825,1.423233663000019
mix_10x10_s1,10,39,True,SA,1.0,0.0,0.96875,0.5874809058357306,0.28743583000004946,0.008982369687501546,1.0,,56.0,2.0,1.0,5.483466079190872,5.483466079190872,False,17.0,0.0,32.0,0.0,0.1071827150573635,30.982353631701624,0.28732529638013915,0.7894382028718695,inf,0.03125,0.005537717362550945,0.15744607800372734,1.0,30.695028335321485,0.0,0.8463641327623955,1.0,0.04454211575000144,6.460864046780019,1.4253477040000462
mix_10x10_s1,10,39,True,Tabu,1.0,0.0,1.0,0.7541628367180283,0.4278120299999273,0.013369125937497728,0.0,,56.0,2.0,1.0,5.483466079190872,5.483466079190872,False,17.0,0.0,32.0,0.0,0.1071827150573635,30.950996800874368,0.25596846555288266,0.8124175601871214,inf,0.0,0.0,0.1071827150573635,1.0,30.815525442786385,0.1204971074648995,0.8253444740605373,0.9116956014099686,0.042259666312496336,inf,1.3523093219998827
mix_10x10_s1,10,39,True,Tabu,1.0,0.0,1.0,0.7359472811737373,0.6151342029999114,0.01922294384374723,1.0,,56.0,2.0,1.0,5.483466079190872,5.483466079190872,False,17.0,0.0,32.0,0.0,0.1071827150573635,30.964212546321207,0.2691842109997218,0.8027326102480367,inf,0.03125,0.005537717362550945,0.15744607800372734,1.0,30.695028335321485,0.0,0.8191582054461796,1.0,0.08121509346874589,11.780304294325804,2.5988829909998685
mix_10x10_s1,10,39,True,SQA,1.0,0.0,1.0,0.787799811119062,6.605552952000039,0.41284705950000244,0.0,,56.0,2.0,1.0,5.483466079190872,5.483466079190872,False,17.0,0.0,16.0,0.0,0.19361341827271994,30.8933646276768,0.19833629235531447,0.8546523864059189,inf,0.0625,0.01111905730833121,0.2832926836802987,1.0,30.695028335321485,0.0,0.8747299245636125,1.0,0.4482297954374985,31.983603808030978,7.171676726999976
mix_10x10_s1,10,39,True,SQA,1.0,0.0,1.0,0.7707716516386537,6.158298658999911,0.38489366618749443,1.0,,56.0,2.0,1.0,5.483466079190872,5.483466079190872,False,17.0,0.0,16.0,0.0,0.19361341827271994,30.912685539584768,0.21765720426328272,0.8404933618273321,inf,0.25,0.10181901984237346,0.49498768929398645,1.0,30.695028335321485,0.0,0.9009637369073269,1.0,0.4714904223124847,7.547545863068422,7.543846756999756
mix_10x10_s1,10,39,True,SA-matched,1.0,0.0,1.0,0.7652860030811027,5.100645273000055,0.1593951647812517,0.0,,56.0,2.0,1.0,5.483466079190872,5.483466079190872,False,17.0,0.0,32.0,0.0,0.1071827150573635,30.8471896764242,0.1521613411027154,0.888490968809007,inf,0.1875,0.08889423936162782,0.3530949575492244,1.0,30.695028335321485,0.0,0.906652454349065,1.0,0.2008043191249982,4.453577791666264,6.425738211999942
mix_10x10_s1,10,39,True,SA-matched,1.0,0.0,1.0,0.7608370690296444,5.1269148590001805,0.16021608934375564,1.0,,56.0,2.0,1.0,5.483466079190872,5.483466079190872,False,17.0,0.0,32.0,0.0,0.1071827150573635,30.9001885272047,0.20516019188321621,0.8496515996108857,inf,0.09375,0.032400962626319516,0.24218499335778831,1.0,30.695028335321485,0.0,0.8809659577878173,1.0,0.19321490159375543,9.038874910181876,6.182876851000174
mix_10x10_s2,10,39,True,MILP (HiGHS),,1.0,1.0,1.0,2.9381495180000456,2.9381495180000456,,,,,,,,,,,,,,,,,,,,,,,,,,,,
mix_10x10_s2,10,39,True,Greedy planner,,1.0,1.0,1.0,0.0055759220001618814,0.0055759220001618814,,,,,,,,,,,,,,,,,,,,,,,,,,,,
mix_10x10_s2,10,39,True,FeasibleSA,,0.78125,1.0,0.9923200321332957,2.7278238670000974,0.08524449584375304,0.0,1248000.0,,,,,,,,,,,,,,,,,,,,,,,,,,
mix_10x10_s2,10,39,True,FeasibleSA,,0.71875,1.0,0.9834816943464635,1.982386237000128,0.061949569906254,1.0,1248000.0,,,,,,,,,,,,,,,,,,,,,,,,,,
mix_10x10_s2,10,39,True,SA,0.01,0.0,0.59375,0.5373163781408606,0.3758897650000108,0.011746555156250338,0.0,,56.0,2.0,0.01,0.05105179914714994,5.105179914714994,False,17.0,0.0,32.0,0.0,0.1071827150573635,30.726384569219036,0.014657247824018782,0.9890306809133977,inf,0.75,0.5789310822975338,0.8674775601737845,1.0,30.711727321395017,0.0,0.9770668690983022,1.0,0.04132669599999872,0.1372843125112649,1.322454271999959
mix_10x10_s2,10,39,True,SA,0.01,0.0,0.65625,0.571087641309437,0.3651671519999127,0.011411473499997271,1.0,,56.0,2.0,0.01,0.05105179914714994,5.105179914714994,False,17.0,0.0,32.0,0.0,0.1071827150573635,30.716428108225223,0.004700786830206027,0.996481984113407,inf,0.6875,0.514330003019676,0.8204764788338126,1.0,30.711727321395017,0.0,0.9720761984710127,1.0,0.04069134765624938,0.16110600575134534,1.30212312499998
mix_10x10_s2,10,39,True,Tabu,0.01,0.0,0.875,0.8007186088271177,0.47014698099997076,0.014692093156249086,0.0,,56.0,2.0,0.01,0.05105179914714994,5.105179914714994,False,17.0,0.0,32.0,0.0,0.1071827150573635,30.812775721771626,0.10104840037660878,0.9243765159578338,inf,0.0625,0.017310203195157234,0.2014746724800358,1.0,30.711727321395017,0.0,0.9235437138673235,1.0,0.03622478606249757,2.5848330861689908,1.1591931539999223
mix_10x10_s2,10,39,True,Tabu,0.01,0.0,0.84375,0.7729916503262657,0.4503531909999765,0.014073537218749266,1.0,,56.0,2.0,0.01,0.05105179914714994,5.105179914714994,False,17.0,0.0,32.0,0.0,0.1071827150573635,30.812775721771626,0.10104840037660878,0.9243765159578338,inf,0.125,0.04970053844474301,0.2806864978482796,1.0,30.711727321395017,0.0,0.9308568946981254,1.0,0.034550280781246556,1.191554434085142,1.1056089849998898
mix_10x10_s2,10,39,True,SQA,0.01,0.125,0.9375,0.915364509476786,6.677265151000029,0.4173290719375018,0.0,,56.0,2.0,0.01,0.05105179914714994,5.105179914714994,False,17.0,0.0,16.0,0.034976749337057134,0.3602333143674828,30.711727321395017,0.0,1.0,14.392656004395754,1.0,0.8063865817272802,1.0,1.0,30.711727321395017,0.0,1.0,1.0,0.4559392716249988,0.4559392716249988,7.295028345999981
mix_10x10_s2,10,39,True,SQA,0.01,0.0,1.0,0.9767833656510061,7.598495598999989,0.4749059749374993,1.0,,56.0,2.0,0.01,0.05105179914714994,5.105179914714994,False,17.0,0.0,16.0,0.0,0.19361341827271994,30.716428108225223,0.004700786830206027,0.996481984113407,inf,1.0,0.8063865817272802,1.0,1.0,30.711727321395017,0.0,1.0,1.0,0.4974201338750106,0.4974201338750106,7.95872214200017
mix_10x10_s2,10,39,True,SA-matched,0.01,0.125,0.78125,0.7598771537995817,5.679694077000022,0.17749043990625069,0.0,,56.0,2.0,0.01,0.05105179914714994,5.105179914714994,False,17.0,0.0,32.0,0.04970053844474301,0.2806864978482796,30.711727321395017,0.0,1.0,6.121209897454992,0.96875,0.8425539219962727,0.9944622826374491,1.0,30.711727321395017,0.0,0.997506559896101,1.0,0.19848499334374736,0.26374115032085016,6.351519786999916
mix_10x10_s2,10,39,True,SA-matched,0.01,0.0625,0.65625,0.6451520526498143,5.735322044999975,0.17922881390624923,1.0,,56.0,2.0,0.01,0.05105179914714994,5.105179914714994,False,17.0,0.0,32.0,0.017310203195157234,0.2014746724800358,30.711727321395017,0.0,1.0,12.788938694639088,1.0,0.8928172849426366,1.0,1.0,30.711727321395017,0.0,1.0,1.0,0.2003237114062486,0.2003237114062486,6.410358764999955
mix_10x10_s2,10,39,True,SA,0.03,0.0,0.875,0.6669583311640953,0.327263136999818,0.010226973031244313,0.0,,56.0,2.0,0.03,0.15315539744144982,5.105179914714994,False,17.0,0.0,32.0,0.0,0.1071827150573635,30.824381873152824,0.11265455175780659,0.9156906030636585,inf,0.21875,0.11023696931531854,0.3875533079044484,1.0,30.711727321395017,0.0,0.9193901003601961,1.0,0.04304355162499718,0.8029766590994087,1.3773936519999097
mix_10x10_s2,10,39,True,SA,0.03,0.0,0.90625,0.6898812021303865,0.31369102399980875,0.009802844499994023,1.0,,56.0,2.0,0.03,0.15315539744144982,5.105179914714994,False,17.0,0.0,32.0,0.0,0.1071827150573635,30.89335815828762,0.18163083689260162,0.8640695286207367,inf,0.1875,0.08889423936162782,0.3530949575492244,1.0,30.711727321395017,0.0,0.904013065129733,1.0,0.046099005343748445,1.0224157892192667,1.4751681709999502
mix_10x10_s2,10,39,True,Tabu,0.03,0.0,1.0,0.8082379754463722,0.4611987229998249,0.014412460093744528,0.0,,56.0,2.0,0.03,0.15315539744144982,5.105179914714994,False,17.0,0.0,32.0,0.0,0.1071827150573635,30.823577637880263,0.11185031648524557,0.9162924836780372,inf,0.0,0.0,0.1071827150573635,1.0,30.81256314692621,0.10083582553119186,0.8455069302404293,0.9245356045764584,0.037199099656241685,inf,1.190371188999734
mix_10x10_s2,10,39,True,Tabu,0.03,0.0,0.96875,0.7864359248519174,0.5443596169998273,0.017011238031244602,1.0,,56.0,2.0,0.03,0.15315539744144982,5.105179914714994,False,17.0,0.0,32.0,0.0,0.1071827150573635,30.82813299118987,0.11640566979485456,0.912883308599246,inf,0.0,0.0,0.1071827150573635,1.0,30.81256314692621,0.10083582553119186,0.8319414374564745,0.9245356045764584,0.040951815374995704,inf,1.3104580919998625
mix_10x10_s2,10,39,True,SQA,0.03,0.0,0.9375,0.8122845343168492,6.507253619000039,0.40670335118750245,0.0,,56.0,2.0,0.03,0.15315539744144982,5.105179914714994,False,17.0,0.0,16.0,0.0,0.19361341827271994,30.784047185151877,0.07231986375686006,0.9458766289979336,inf,0.4375,0.2309836333518552,0.6682180439322347,1.0,30.711727321395017,0.0,0.9465513837938976,1.0,0.43965117349999616,3.5189340426769546,7.034418775999939
mix_10x10_s2,10,39,True,SQA,0.03,0.0,1.0,0.8703474855852226,6.527642690999983,0.4079776681874989,1.0,,56.0,2.0,0.03,0.15315539744144982,5.105179914714994,False,17.0,0.0,16.0,0.0,0.19361341827271994,30.723791325746355,0.012064004351337587,0.9909714351029035,inf,0.4375,0.2309836333518552,0.6682180439322347,1.0,30.711727321395017,0.0,0.944468460728096,1.0,0.4340054321250051,3.473745964677645,6.944086914000081
mix_10x10_s2,10,39,True,SA-matched,0.03,0.0,1.0,0.8724732963413118,5.673050592999971,0.1772828310312491,0.0,,56.0,2.0,0.03,0.15315539744144982,5.105179914714994,False,17.0,0.0,32.0,0.0,0.1071827150573635,30.73817431126805,0.02644698987303329,0.9802073708324666,inf,0.625,0.45254100589525126,0.7706633153404079,1.0,30.711727321395017,0.0,0.9647554187929348,1.0,0.20510979362499882,0.9630274622781078,6.563513395999962
mix_10x10_s2,10,39,True,SA-matched,0.03,0.0,1.0,0.8680686167187639,5.526774457999863,0.17271170181249573,1.0,,56.0,2.0,0.03,0.15315539744144982,5.105179914714994,False,17.0,0.0,32.0,0.0,0.1071827150573635,30.716428108225223,0.004700786830206027,0.996481984113407,inf,0.6875,0.514330003019676,0.8204764788338126,1.0,30.711727321395017,0.0,0.971047926224522,1.0,0.19995258021874207,0.791656295359135,6.398482566999746
mix_10x10_s2,10,39,True,SA,0.1,0.0,1.0,0.6344594838264164,0.29532224700005827,0.009228820218751821,0.0,,56.0,2.0,0.1,0.5105179914714995,5.105179914714994,False,17.0,0.0,32.0,0.0,0.1071827150573635,30.877780111864706,0.16605279046968846,0.8757279630014951,inf,0.15625,0.06864319106627216,0.31754492553566527,1.0,30.711727321395017,0.0,0.8757947034801116,1.0,0.04467186543750046,1.2108458455417324,1.4294996940000146
mix_10x10_s2,10,39,True,SA,0.1,0.0,1.0,0.6557447043998523,0.30274847000009686,0.009460889687503027,1.0,,56.0,2.0,0.1,0.5105179914714995,5.105179914714994,False,17.0,0.0,32.0,0.0,0.1071827150573635,30.951152699070754,0.23942537767573668,0.8208167456340851,inf,0.1875,0.08889423936162782,0.3530949575492244,1.0,30.711727321395017,0.0,0.8886396042791465,1.0,0.050096127656253486,1.1110667467241444,1.6030760850001116
mix_10x10_s2,10,39,True,Tabu,0.1,0.0,1.0,0.7781669646306888,0.4630599689999144,0.014470624031247326,0.0,,56.0,2.0,0.1,0.5105179914714995,5.105179914714994,False,17.0,0.0,32.0,0.0,0.1071827150573635,30.960206363194917,0.2484790417999001,0.8140410854369416,inf,0.0,0.0,0.1071827150573635,1.0,30.81256314692621,0.10083582553119186,0.8241927005759523,0.9245356045764584,0.038381970374992136,inf,1.2282230519997483
mix_10x10_s2,10,39,True,Tabu,0.1,0.0,1.0,0.7660200164216189,0.44163206199982596,0.013801001937494561,1.0,,56.0,2.0,0.1,0.5105179914714995,5.105179914714994,False,17.0,0.0,32.0,0.0,0.1071827150573635,30.953246404603647,0.24151908320862958,0.8192498400090024,inf,0.0,0.0,0.1071827150573635,1.0,30.81256314692621,0.10083582553119186,0.8324336788687681,0.9245356045764584,0.03830535118748912,inf,1.225771237999652
mix_10x10_s2,10,39,True,SQA,0.1,0.0,1.0,0.8124450497142738,6.3388667919998625,0.3961791744999914,0.0,,56.0,2.0,0.1,0.5105179914714995,5.105179914714994,False,17.0,0.0,16.0,0.0,0.19361341827271994,30.848661737701285,0.1369344163062678,0.8975198260658709,inf,0.0,0.0,0.19361341827271994,1.0,30.81256314692621,0.10083582553119186,0.903191041868332,0.9245356045764584,0.42967455731249515,inf,6.8747929169999225
mix_10x10_s2,10,39,True,SQA,0.1,0.0,1.0,0.8417948611229367,6.381394587000159,0.39883716168750993,1.0,,56.0,2.0,0.1,0.5105179914714995,5.105179914714994,False,17.0,0.0,16.0,0.0,0.19361341827271994,30.749381709860078,0.03765438846506086,0.9718198800318246,inf,0.375,0.18480982554752806,0.613593529020652,1.0,30.711727321395017,0.0,0.9368932303039216,1.0,0.4273094538125122,4.186845876161053,6.836951261000195
mix_10x10_s2,10,39,True,SA-matched,0.1,0.0,1.0,0.8045316445815193,5.325944242999867,0.16643575759374585,0.0,,56.0,2.0,0.1,0.5105179914714995,5.105179914714994,False,17.0,0.0,32.0,0.0,0.1071827150573635,30.837348602746538,0.1256212813515205,0.9059864487687399,inf,0.34375,0.20410233354328552,0.5168922649121406,1.0,30.711727321395017,0.0,0.929648492787819,1.0,0.20142182468749326,2.2021655496937425,6.445498389999784
mix_10x10_s2,10,39,True,SA-matched,0.1,0.0,1.0,0.8167030629701759,5.241970864999985,0.16381158953124952,1.0,,56.0,2.0,0.1,0.5105179914714995,5.105179914714994,False,17.0,0.0,32.0,0.0,0.1071827150573635,30.82453100055302,0.11280367915800227,0.9155789977979945,inf,0.4375,0.2816508596944317,0.6067469796877387,1.0,30.711727321395017,0.0,0.9451748492445151,1.0,0.1957239873437473,1.5665596808247613,6.2631675949999135
mix_10x10_s2,10,39,True,SA,1.0,0.0,1.0,0.5735375812815202,0.2767452149998917,0.008648287968746615,0.0,,56.0,2.0,1.0,5.105179914714994,5.105179914714994,False,17.0,0.0,32.0,0.0,0.1071827150573635,30.956130964005514,0.24440364261049652,0.817091068261179,inf,0.09375,0.032400962626319516,0.24218499335778831,1.0,30.711727321395017,0.0,0.8570382076891374,1.0,0.048866434249994484,2.286043068360328,1.5637258959998235
mix_10x10_s2,10,39,True,SA,1.0,0.0,1.0,0.6144050929580441,0.29629554400003144,0.009259235750000983,1.0,,56.0,2.0,1.0,5.105179914714994,5.105179914714994,False,17.0,0.0,32.0,0.0,0.1071827150573635,31.017737944356632,0.3060106229616153,0.7709850984674469,inf,0.09375,0.032400962626319516,0.24218499335778831,1.0,30.711727321395017,0.0,0.8521177877897728,1.0,0.05503560981249933,2.57464609922632,1.7611395139999786
mix_10x10_s2,10,39,True,Tabu,1.0,0.0,1.0,0.7781669646306888,0.4476362349998908,0.013988632343746588,0.0,,56.0,2.0,1.0,5.105179914714994,5.105179914714994,False,17.0,0.0,32.0,0.0,0.1071827150573635,30.960206363194917,0.2484790417999001,0.8140410854369416,inf,0.0,0.0,0.1071827150573635,1.0,30.81256314692621,0.10083582553119186,0.8241927005759523,0.9245356045764584,0.037856291343743464,inf,1.2114013229997909
mix_10x10_s2,10,39,True,Tabu,1.0,0.0,1.0,0.7660200164216189,0.48777626700007204,0.015243008343752251,1.0,,56.0,2.0,1.0,5.105179914714994,5.105179914714994,False,17.0,0.0,32.0,0.0,0.1071827150573635,30.953246404603647,0.24151908320862958,0.8192498400090024,inf,0.0,0.0,0.1071827150573635,1.0,30.81256314692621,0.10083582553119186,0.8324336788687681,0.9245356045764584,0.041861538312502944,inf,1.3395692260000942
mix_10x10_s2,10,39,True,SQA,1.0,0.0,1.0,0.7687388458558931,6.117155202000049,0.38232220012500306,0.0,,56.0,2.0,1.0,5.105179914714994,5.105179914714994,False,17.0,0.0,16.0,0.0,0.19361341827271994,30.88816059218765,0.17643327079263216,0.8679593285141958,inf,0.0625,0.01111905730833121,0.2832926836802987,1.0,30.711727321395017,0.0,0.8945195442758465,1.0,0.41974896318750154,29.951343427130183,6.715983411000025
mix_10x10_s2,10,39,True,SQA,1.0,0.0,1.0,0.8144546196825847,6.174375422999901,0.38589846393749383,1.0,,56.0,2.0,1.0,5.105179914714994,5.105179914714994,False,17.0,0.0,16.0,0.0,0.19361341827271994,30.840315016566684,0.12858769517166735,0.9037664180967624,inf,0.1875,0.06591478773586765,0.4300935986845823,1.0,30.711727321395017,0.0,0.9156635810423166,1.0,0.41879107881250377,9.28823969561287,6.70065726100006
mix_10x10_s2,10,39,True,SA-matched,1.0,0.0,1.0,0.7665511122130206,4.801620402000026,0.1500506375625008,0.0,,56.0,2.0,1.0,5.105179914714994,5.105179914714994,False,17.0,0.0,32.0,0.0,0.1071827150573635,30.82784965495146,0.11612233355644364,0.9130953542469177,inf,0.3125,0.17952352116618736,0.4856699969803239,1.0,30.711727321395017,0.0,0.9337761976125849,1.0,0.18713329428125292,2.299961925981081,5.988265417000093
mix_10x10_s2,10,39,True,SA-matched,1.0,0.0,1.0,0.7645047314564302,4.835706561000052,0.15111583003125162,1.0,,56.0,2.0,1.0,5.105179914714994,5.105179914714994,False,17.0,0.0,32.0,0.0,0.1071827150573635,30.85041339430822,0.13868607291320245,0.8962089060021373,inf,0.3125,0.17952352116618736,0.4856699969803239,1.0,30.711727321395017,0.0,0.9288092612662631,1.0,0.18599212762500628,2.285936416139835,5.951748084000201
mix_12x12_s0,12,66,True,MILP (HiGHS),,1.0,1.0,1.0,9.126731303000042,9.126731303000042,,,,,,,,,,,,,,,,,,,,,,,,,,,,
mix_12x12_s0,12,66,True,Greedy planner,,0.0,0.0,0.0,0.013924882999845067,0.013924882999845067,,,,,,,,,,,,,,,,,,,,,,,,,,,,
mix_12x12_s0,12,66,True,FeasibleSA,,0.09375,1.0,0.9330380021678379,10.470868128999882,0.3272146290312463,0.0,2112000.0,,,,,,,,,,,,,,,,,,,,,,,,,,
mix_12x12_s0,12,66,True,FeasibleSA,,0.0625,1.0,0.9285015590496816,9.598609684000166,0.2999565526250052,1.0,2112000.0,,,,,,,,,,,,,,,,,,,,,,,,,,
mix_12x12_s0,12,66,True,SA,0.01,0.0,0.84375,0.6648445901334561,0.6579715369998667,0.020561610531245833,0.0,,89.0,2.0,0.01,0.06503228408026167,6.503228408026167,False,23.0,0.0,32.0,0.0,0.1071827150573635,30.932105212464162,0.10617038556467406,0.9127295636080076,inf,0.125,0.04970053844474301,0.2806864978482796,1.0,30.825934826899488,0.0,0.9179628874798103,1.0,0.16410420940623993,5.659551643243893,5.251334700999678
mix_12x12_s0,12,66,True,SA,0.01,0.0,0.84375,0.6462128690806037,0.6778003470001295,0.021181260843754046,1.0,,89.0,2.0,0.01,0.06503228408026167,6.503228408026167,False,23.0,0.0,32.0,0.0,0.1071827150573635,30.948101840910404,0.12216701401091612,0.8995805791913154,inf,0.0625,0.017310203195157234,0.2014746724800358,1.0,30.825934826899488,0.0,0.9076988464861281,1.0,0.16401902937500523,11.703638860927656,5.248608940000167
mix_12x12_s0,12,66,True,Tabu,0.01,0.0,0.90625,0.7184544727784965,1.3751934879999226,0.04297479649999758,0.0,,89.0,2.0,0.01,0.06503228408026167,6.503228408026167,False,23.0,0.0,32.0,0.0,0.1071827150573635,31.021896974050147,0.1959621471506594,0.838922106129752,inf,0.0,0.0,0.1071827150573635,1.0,31.020924543315353,0.19498971641586493,0.8134532303693379,0.8397214293509605,0.1550108827499983,inf,4.960348247999946
mix_12x12_s0,12,66,True,Tabu,0.01,0.0,0.90625,0.7054661956939592,1.413514639999903,0.04417233249999697,1.0,,89.0,2.0,0.01,0.06503228408026167,6.503228408026167,False,23.0,0.0,32.0,0.0,0.1071827150573635,31.024210033148574,0.198275206249086,0.8370208068564515,inf,0.0,0.0,0.1071827150573635,1.0,30.927442464364567,0.10150763746507963,0.8012049520570361,0.9165622713755579,0.16625080734374365,inf,5.320025834999797
mix_12x12_s0,12,66,True,SQA,0.01,0.0,0.9375,0.814893380539849,12.543579141999999,0.7839736963749999,0.0,,89.0,2.0,0.01,0.06503228408026167,6.503228408026167,False,23.0,0.0,16.0,0.0,0.19361341827271994,30.92656790357746,0.10063307667797261,0.917281146993615,inf,0.4375,0.2309836333518552,0.6682180439322347,1.0,30.825934826899488,0.0,0.9510216633251493,1.0,0.8997693514374987,7.201684408402485,14.39630962299998
mix_12x12_s0,12,66,True,SQA,0.01,0.0,0.9375,0.8326040448946426,12.652015466999956,0.7907509666874972,1.0,,89.0,2.0,0.01,0.06503228408026167,6.503228408026167,False,23.0,0.0,16.0,0.0,0.19361341827271994,30.868383002682805,0.042448175783317055,0.9651082474180384,inf,0.3125,0.14164435051961052,0.5559606813326594,1.0,30.825934826899488,0.0,0.9426939187657143,1.0,0.9104802196874999,11.190257979923375,14.567683514999999
mix_12x12_s0,12,66,True,SA-matched,0.01,0.0,0.84375,0.7520393551360293,11.126405295999803,0.34770016549999383,0.0,,89.0,2.0,0.01,0.06503228408026167,6.503228408026167,False,23.0,0.0,32.0,0.0,0.1071827150573635,30.87782939615672,0.05189456925723235,0.9573434561684401,inf,0.625,0.45254100589525126,0.7706633153404079,1.0,30.825934826899488,0.0,0.9695227605063901,1.0,0.44393573290624744,2.0843583074190604,14.205943452999918
mix_12x12_s0,12,66,True,SA-matched,0.01,0.0,0.8125,0.7248404494145486,11.210230311000032,0.350319697218751,1.0,,89.0,2.0,0.01,0.06503228408026167,6.503228408026167,False,23.0,0.0,32.0,0.0,0.1071827150573635,30.85224116797759,0.026306341078100814,0.9783765891632372,inf,0.59375,0.4225972657298823,0.744805975196862,1.0,30.825934826899488,0.0,0.966864736367578,1.0,0.45411942940624783,2.321634651408368,14.53182174099993
mix_12x12_s0,12,66,True,SA,0.03,0.0,0.875,0.5501837332818929,0.6205414110002039,0.01939191909375637,0.0,,89.0,2.0,0.03,0.195096852240785,6.503228408026167,False,23.0,0.0,32.0,0.0,0.1071827150573635,31.076300801758524,0.25036597485903656,0.7942029901516654,inf,0.09375,0.032400962626319516,0.24218499335778831,1.0,30.825934826899488,0.0,0.8543382999865368,1.0,0.1987985466562563,9.300085970232077,6.361553493000201
mix_12x12_s0,12,66,True,SA,0.03,0.0,0.96875,0.6118232827925889,0.6243337420000898,0.019510429437502808,1.0,,89.0,2.0,0.03,0.195096852240785,6.503228408026167,False,23.0,0.0,32.0,0.0,0.1071827150573635,31.08580889891522,0.25987407201573376,0.7863874794166407,inf,0.03125,0.005537717362550945,0.15744607800372734,1.0,30.825934826899488,0.0,0.83454171271753,1.0,0.1795470322187498,26.04341858565927,5.745505030999993
mix_12x12_s0,12,66,True,Tabu,0.03,0.0,0.9375,0.5650671131722566,1.2530866859999605,0.03915895893749877,0.0,,89.0,2.0,0.03,0.195096852240785,6.503228408026167,False,23.0,0.0,32.0,0.0,0.1071827150573635,31.166032453984357,0.34009762708486946,0.72044494164997,inf,0.0,0.0,0.1071827150573635,1.0,31.020924543315353,0.19498971641586493,0.6687657589755712,0.8397214293509605,0.18311760759374351,inf,5.8597634429997925
mix_12x12_s0,12,66,True,Tabu,0.03,0.0,1.0,0.6011900921072549,1.3450986010000179,0.04203433128125056,1.0,,89.0,2.0,0.03,0.195096852240785,6.503228408026167,False,23.0,0.0,32.0,0.0,0.1071827150573635,31.150047781951177,0.3241129550516888,0.7335840980776236,inf,0.0,0.0,0.1071827150573635,1.0,31.087946265549494,0.2620114386500063,0.6555155720485925,0.7846305966671754,0.16927930684374815,inf,5.416937818999941
mix_12x12_s0,12,66,True,SQA,0.03,0.0,0.9375,0.710458420439516,12.394889983999974,0.7746806239999984,0.0,,89.0,2.0,0.03,0.195096852240785,6.503228408026167,False,23.0,0.0,16.0,0.0,0.19361341827271994,31.044118109854693,0.21818328295520573,0.8206566716729168,inf,0.0,0.0,0.19361341827271994,1.0,30.91859123729293,0.09265641039344175,0.8661122108079055,0.9238378449268654,0.9362790642500016,inf,14.980465028000026
mix_12x12_s0,12,66,True,SQA,0.03,0.0,1.0,0.7705566794828109,12.369559478000156,0.7730974673750097,1.0,,89.0,2.0,0.03,0.195096852240785,6.503228408026167,False,23.0,0.0,16.0,0.0,0.19361341827271994,31.01908350620001,0.1931486793005206,0.8412347337589217,inf,0.0,0.0,0.19361341827271994,1.0,30.91859123729293,0.09265641039344175,0.8648794286686141,0.9238378449268654,0.9230335211250207,inf,14.768536338000331
mix_12x12_s0,12,66,True,SA-matched,0.03,0.0,1.0,0.779673306690922,10.524317255999904,0.328884914249997,0.0,,89.0,2.0,0.03,0.195096852240785,6.503228408026167,False,23.0,0.0,32.0,0.0,0.1071827150573635,30.976957273767148,0.15102244686766042,0.8758618538208219,inf,0.03125,0.005537717362550945,0.15744607800372734,1.0,30.825934826899488,0.0,0.9087568255728138,1.0,0.4765437398749981,69.12299211283795,15.249399675999939
mix_12x12_s0,12,66,True,SA-matched,0.03,0.0,0.96875,0.7326297106132542,10.782899475000022,0.3369656085937507,1.0,,89.0,2.0,0.03,0.195096852240785,6.503228408026167,False,23.0,0.0,32.0,0.0,0.1071827150573635,30.962429138592945,0.1364943116934576,0.8878037591823901,inf,0.03125,0.005537717362550945,0.15744607800372734,1.0,30.825934826899488,0.0,0.8994566452438788,1.0,0.4873092780312547,70.68454071121127,15.59389689700015
mix_12x12_s0,12,66,True,SA,0.1,0.0,1.0,0.552940178774191,0.5821277689999533,0.01819149278124854,0.0,,89.0,2.0,0.1,0.6503228408026167,6.503228408026167,False,23.0,0.0,32.0,0.0,0.1071827150573635,31.103860135841444,0.2779253089419562,0.771549638190124,inf,0.0,0.0,0.1071827150573635,1.0,30.91859123729293,0.09265641039344175,0.8061178179303083,0.9238378449268654,0.1830171959375022,inf,5.856550270000071
mix_12x12_s0,12,66,True,SA,0.1,0.0,1.0,0.5361419310955433,0.6234145959999751,0.01948170612499922,1.0,,89.0,2.0,0.1,0.6503228408026167,6.503228408026167,False,23.0,0.0,32.0,0.0,0.1071827150573635,31.19078668957861,0.36485186267912084,0.7000973378302161,inf,0.0,0.0,0.1071827150573635,1.0,30.91859123729293,0.09265641039344175,0.7797499067245455,0.9238378449268654,0.19877841284375108,inf,6.360909211000035
mix_12x12_s0,12,66,True,Tabu,0.1,0.0,0.9375,0.5543103016429399,1.2225366599998324,0.03820427062499476,0.0,,89.0,2.0,0.1,0.6503228408026167,6.503228408026167,False,23.0,0.0,32.0,0.0,0.1071827150573635,31.172015629739413,0.34608080283992493,0.7155268625041087,inf,0.0,0.0,0.1071827150573635,1.0,31.020924543315353,0.19498971641586493,0.65790050194212,0.8397214293509605,0.16789162906248833,inf,5.372532129999627
mix_12x12_s0,12,66,True,Tabu,0.1,0.0,0.90625,0.5450714622043973,1.328331061999961,0.041510345687498784,1.0,,89.0,2.0,0.1,0.6503228408026167,6.503228408026167,False,23.0,0.0,32.0,0.0,0.1071827150573635,31.15595894065284,0.3300241137533533,0.7287252158504103,inf,0.0,0.0,0.1071827150573635,1.0,31.087946265549494,0.2620114386500063,0.6686076877487513,0.7846305966671754,0.18514927796874758,inf,5.924776894999923
mix_12x12_s0,12,66,True,SQA,0.1,0.0,1.0,0.7029017911624333,12.256893387000218,0.7660558366875136,0.0,,89.0,2.0,0.1,0.6503228408026167,6.503228408026167,False,23.0,0.0,16.0,0.0,0.19361341827271994,31.135761756309837,0.30982692941034884,0.7453269930986413,inf,0.0,0.0,0.19361341827271994,1.0,30.91859123729293,0.09265641039344175,0.8712182074813573,0.9238378449268654,0.9350487428750114,inf,14.960779886000182
mix_12x12_s0,12,66,True,SQA,0.1,0.0,1.0,0.7487995073992997,12.045885135999924,0.7528678209999953,1.0,,89.0,2.0,0.1,0.6503228408026167,6.503228408026167,False,23.0,0.0,16.0,0.0,0.19361341827271994,31.03924564476108,0.21331081786159345,0.8246617636085137,inf,0.0,0.0,0.19361341827271994,1.0,30.91859123729293,0.09265641039344175,0.8476208009527171,0.9238378449268654,0.8949725599999994,inf,14.31956095999999
mix_12x12_s0,12,66,True,SA-matched,0.1,0.0,1.0,0.7078627732277147,10.248686637999981,0.3202714574374994,0.0,,89.0,2.0,0.1,0.6503228408026167,6.503228408026167,False,23.0,0.0,32.0,0.0,0.1071827150573635,31.081809127552642,0.2558743006531543,0.7896752304257756,inf,0.15625,0.06864319106627216,0.31754492553566527,1.0,30.825934826899488,0.0,0.8837954208652047,1.0,0.4648171629999993,12.599024581645837,14.874149215999978
mix_12x12_s0,12,66,True,SA-matched,0.1,0.0,1.0,0.7098659344486162,10.27329920200009,0.3210406000625028,1.0,,89.0,2.0,0.1,0.6503228408026167,6.503228408026167,False,23.0,0.0,32.0,0.0,0.1071827150573635,31.076573772060932,0.2506389451614446,0.7939786127295951,inf,0.03125,0.005537717362550945,0.15744607800372734,1.0,30.825934826899488,0.0,0.8824385248786242,1.0,0.4826390420312521,70.0071198174273,15.444449345000066
mix_12x12_s0,12,66,True,SA,1.0,0.0,1.0,0.5196556948577435,0.5654512199998862,0.017670350624996445,0.0,,89.0,2.0,1.0,6.503228408026167,6.503228408026167,False,23.0,0.0,32.0,0.0,0.1071827150573635,31.162259199314033,0.3363243724145448,0.7235464993955314,inf,0.0,0.0,0.1071827150573635,1.0,30.91859123729293,0.09265641039344175,0.7652951447399913,0.9238378449268654,0.1962456247812483,inf,6.2798599929999455
mix_12x12_s0,12,66,True,SA,1.0,0.0,1.0,0.5403860742656417,0.5560648450000372,0.01737702640625116,1.0,,89.0,2.0,1.0,6.503228408026167,6.503228408026167,False,23.0,0.0,32.0,0.0,0.1071827150573635,31.12418939394104,0.2982545670415533,0.7548392983298948,inf,0.0,0.0,0.1071827150573635,1.0,30.91859123729293,0.09265641039344175,0.7790843487641592,0.9238378449268654,0.18963805409374856,inf,6.068417730999954
mix_12x12_s0,12,66,True,Tabu,1.0,0.0,0.9375,0.5543103016429399,1.2789052919999904,0.0399657903749997,0.0,,89.0,2.0,1.0,6.503228408026167,6.503228408026167,False,23.0,0.0,32.0,0.0,0.1071827150573635,31.172015629739413,0.34608080283992493,0.7155268625041087,inf,0.0,0.0,0.1071827150573635,1.0,31.020924543315353,0.19498971641586493,0.65790050194212,0.8397214293509605,0.172156355906246,inf,5.509003388999872
mix_12x12_s0,12,66,True,Tabu,1.0,0.0,0.90625,0.5450714622043973,1.286230402000001,0.04019470006250003,1.0,,89.0,2.0,1.0,6.503228408026167,6.503228408026167,False,23.0,0.0,32.0,0.0,0.1071827150573635,31.15595894065284,0.3300241137533533,0.7287252158504103,inf,0.0,0.0,0.1071827150573635,1.0,31.087946265549494,0.2620114386500063,0.6686076877487513,0.7846305966671754,0.18599712006249547,inf,5.951907841999855
mix_12x12_s0,12,66,True,SQA,1.0,0.0,1.0,0.7013808343338772,11.489573245999964,0.7180983278749977,0.0,,89.0,2.0,1.0,6.503228408026167,6.503228408026167,False,23.0,0.0,16.0,0.0,0.19361341827271994,31.107042878737214,0.2811080518377267,0.7689334721099114,inf,0.0,0.0,0.19361341827271994,1.0,30.91859123729293,0.09265641039344175,0.8293175747647866,0.9238378449268654,0.8791314098125014,inf,14.066102557000022
mix_12x12_s0,12,66,True,SQA,1.0,0.0,1.0,0.7199543806150237,11.55109573499999,0.7219434834374994,1.0,,89.0,2.0,1.0,6.503228408026167,6.503228408026167,False,23.0,0.0,16.0,0.0,0.19361341827271994,31.066127547499274,0.24019272059978647,0.8025652498722975,inf,0.0,0.0,0.19361341827271994,1.0,30.91859123729293,0.09265641039344175,0.8615648352742693,0.9238378449268654,0.8675800634375008,inf,13.881281015000013
mix_12x12_s0,12,66,True,SA-matched,1.0,0.0,1.0,0.6707362753535601,9.459020467000073,0.2955943895937523,0.0,,89.0,2.0,1.0,6.503228408026167,6.503228408026167,False,23.0,0.0,32.0,0.0,0.1071827150573635,31.045902199993648,0.21996737309416048,0.8191901768103321,inf,0.03125,0.005537717362550945,0.15744607800372734,1.0,30.825934826899488,0.0,0.8540174140071235,1.0,0.45858882571874915,66.51861965809826,14.674842422999973
mix_12x12_s0,12,66,True,SA-matched,1.0,0.0,1.0,0.6822242543318009,9.508013353000024,0.29712541728125075,1.0,,89.0,2.0,1.0,6.503228408026167,6.503228408026167,False,23.0,0.0,32.0,0.0,0.1071827150573635,31.052322046016076,0.22638721911658877,0.81391316136985,inf,0.0,0.0,0.1071827150573635,1.0,30.91859123729293,0.09265641039344175,0.8750797317035114,0.9238378449268654,0.4641781406875012,inf,14.853700502000038
mix_12x12_s1,12,66,True,MILP (HiGHS),,1.0,1.0,1.0,10.029656284000112,10.029656284000112,,,,,,,,,,,,,,,,,,,,,,,,,,,,
mix_12x12_s1,12,66,True,Greedy planner,,0.0,0.0,0.0,0.014113021999946795,0.014113021999946795,,,,,,,,,,,,,,,,,,,,,,,,,,,,
mix_12x12_s1,12,66,True,FeasibleSA,,0.0625,1.0,0.9409089824448951,9.95986191299994,0.31124568478124814,0.0,2112000.0,,,,,,,,,,,,,,,,,,,,,,,,,,
mix_12x12_s1,12,66,True,FeasibleSA,,0.125,1.0,0.9457434899471069,9.59968352299984,0.299990110093745,1.0,2112000.0,,,,,,,,,,,,,,,,,,,,,,,,,,
mix_12x12_s1,12,66,True,SA,0.01,0.0,0.75,0.570567451907034,0.6699954619998607,0.020937358187495647,0.0,,89.0,2.0,0.01,0.0657408816523916,6.57408816523916,False,23.0,0.0,32.0,0.0,0.1071827150573635,31.080500744701244,0.18058813304750032,0.8540644996245329,inf,0.34375,0.20410233354328552,0.5168922649121406,0.96875,30.899912611653743,0.0,0.9146024382872596,1.0,0.15252636759375093,1.6675864825274738,4.88084376300003
mix_12x12_s1,12,66,True,SA,0.01,0.0,0.71875,0.560890148918293,0.682830691999925,0.021338459124997655,1.0,,89.0,2.0,0.01,0.0657408816523916,6.57408816523916,False,23.0,0.0,32.0,0.0,0.1071827150573635,31.06002978180049,0.16011717014674787,0.8706073375379364,inf,0.25,0.1325224398262155,0.42106891770246624,1.0,30.899912611653743,0.0,0.939136721605895,1.0,0.16503459443749335,2.6418482996974655,5.281107021999787
mix_12x12_s1,12,66,True,Tabu,0.01,0.0,0.84375,0.6759389248457603,1.4515909189999547,0.045362216218748586,0.0,,89.0,2.0,0.01,0.0657408816523916,6.57408816523916,False,23.0,0.0,32.0,0.0,0.1071827150573635,31.047614254525563,0.14770164287181942,0.8806404784465661,inf,0.0,0.0,0.1071827150573635,1.0,30.979317950090834,0.07940533843709119,0.8265873789039786,0.9358315654426075,0.15854145768749817,inf,5.073326645999941
mix_12x12_s1,12,66,True,Tabu,0.01,0.0,0.9375,0.7290581179326339,1.437088820000099,0.044909025625003096,1.0,,89.0,2.0,0.01,0.0657408816523916,6.57408816523916,False,23.0,0.0,32.0,0.0,0.1071827150573635,31.099741458697267,0.19982884704352344,0.8385158410432278,inf,0.0,0.0,0.1071827150573635,1.0,30.979381381807652,0.07946877015390896,0.815975622794515,0.9357803054889369,0.16401467103125356,inf,5.248469473000114
mix_12x12_s1,12,66,True,SQA,0.01,0.0,0.9375,0.8217430655699488,12.349058748000061,0.7718161717500038,0.0,,89.0,2.0,0.01,0.0657408816523916,6.57408816523916,False,23.0,0.0,16.0,0.0,0.19361341827271994,30.979925931585843,0.08001331993209959,0.9353402480886054,inf,0.3125,0.14164435051961052,0.5559606813326594,1.0,30.899912611653743,0.0,0.95067873479297,1.0,0.9087036955000087,11.168423607758296,14.53925912800014
mix_12x12_s1,12,66,True,SQA,0.01,0.0,1.0,0.8775874059816093,12.119233934000022,0.7574521208750014,1.0,,89.0,2.0,0.01,0.0657408816523916,6.57408816523916,False,23.0,0.0,16.0,0.0,0.19361341827271994,30.96131275433432,0.0614001426805757,0.9503817864773096,inf,0.1875,0.06591478773586765,0.4300935986845823,1.0,30.899912611653743,0.0,0.9459918808931189,1.0,0.8934083988124968,19.814632579504718,14.294534380999949
mix_12x12_s1,12,66,True,SA-matched,0.01,0.0,0.75,0.6610616269992483,10.942641227999957,0.34195753837499865,0.0,,89.0,2.0,0.01,0.0657408816523916,6.57408816523916,False,23.0,0.0,32.0,0.0,0.1071827150573635,30.930176751424575,0.030264139770832088,0.9755431749231953,inf,0.53125,0.3644923793257382,0.6913087009831766,1.0,30.899912611653743,0.0,0.9688604978963439,1.0,0.44788674396874484,2.7222299106385606,14.332375806999835
mix_12x12_s1,12,66,True,SA-matched,0.01,0.0,0.75,0.6668351930873935,11.01337764599998,0.3441680514374994,1.0,,89.0,2.0,0.01,0.0657408816523916,6.57408816523916,False,23.0,0.0,32.0,0.0,0.1071827150573635,30.93966653974511,0.03975392809136835,0.9678743597931864,inf,0.625,0.45254100589525126,0.7706633153404079,1.0,30.899912611653743,0.0,0.9695270026792537,1.0,0.4485539258437541,2.106041555918881,14.35372562700013
mix_12x12_s1,12,66,True,SA,0.03,0.0,0.9375,0.5940451615488629,0.6096123160000388,0.019050384875001214,0.0,,89.0,2.0,0.03,0.1972226449571748,6.57408816523916,False,23.0,0.0,32.0,0.0,0.1071827150573635,31.09333603822441,0.1934234265706678,0.8436921404270615,inf,0.0625,0.017310203195157234,0.2014746724800358,1.0,30.899912611653743,0.0,0.8747827144891573,1.0,0.18126935503125452,12.934542265754796,5.800619361000145
mix_12x12_s1,12,66,True,SA,0.03,0.0,0.96875,0.6088447617161852,0.6048655040001449,0.01890204700000453,1.0,,89.0,2.0,0.03,0.1972226449571748,6.57408816523916,False,23.0,0.0,32.0,0.0,0.1071827150573635,31.089621654159945,0.1897090425062018,0.8466937800580108,inf,0.0,0.0,0.1071827150573635,1.0,30.979317950090834,0.07940533843709119,0.8411519887012396,0.9358315654426075,0.17706710775000545,inf,5.666147448000174
mix_12x12_s1,12,66,True,Tabu,0.03,0.0,0.96875,0.6313680298322459,1.3737663020001492,0.04293019693750466,0.0,,89.0,2.0,0.03,0.1972226449571748,6.57408816523916,False,23.0,0.0,32.0,0.0,0.1071827150573635,31.20681140866379,0.30689879701004585,0.7519912922821488,inf,0.0,0.0,0.1071827150573635,1.0,31.079821927044478,0.1799093153907343,0.7044298077844833,0.854613060555598,0.17106817181250733,inf,5.474181498000235
mix_12x12_s1,12,66,True,Tabu,0.03,0.0,0.96875,0.6325557434812161,1.3998574879999524,0.04374554649999851,1.0,,89.0,2.0,0.03,0.1972226449571748,6.57408816523916,False,23.0,0.0,32.0,0.0,0.1071827150573635,31.21904189599747,0.31912928434372745,0.7421076844350752,inf,0.0,0.0,0.1071827150573635,1.0,31.07409083995552,0.17417822830177698,0.7153873645600786,0.8592444228046467,0.17451013956249994,inf,5.584324465999998
mix_12x12_s1,12,66,True,SQA,0.03,0.0,1.0,0.767887589498356,12.010954946000084,0.7506846841250052,0.0,,89.0,2.0,0.03,0.1972226449571748,6.57408816523916,False,23.0,0.0,16.0,0.0,0.19361341827271994,31.069580773939578,0.16966816228583426,0.862889062846359,inf,0.0,0.0,0.19361341827271994,1.0,30.979317950090834,0.07940533843709119,0.8983772530926932,0.9358315654426075,0.8921905226250004,inf,14.275048362000007
mix_12x12_s1,12,66,True,SQA,0.03,0.0,1.0,0.7459343715662818,12.066829438000013,0.7541768398750008,1.0,,89.0,2.0,0.03,0.1972226449571748,6.57408816523916,False,23.0,0.0,16.0,0.0,0.19361341827271994,31.107949476795465,0.2080368651417217,0.831882840258307,inf,0.0625,0.01111905730833121,0.2832926836802987,1.0,30.899912611653743,0.0,0.9116956162576983,1.0,0.9051873856874977,64.58998266190277,14.482998170999963
mix_12x12_s1,12,66,True,SA-matched,0.03,0.0,1.0,0.7765901807708453,10.529223014000081,0.32903821918750253,0.0,,89.0,2.0,0.03,0.1972226449571748,6.57408816523916,False,23.0,0.0,32.0,0.0,0.1071827150573635,31.027954849995147,0.12804223834140416,0.8965274860190694,inf,0.09375,0.032400962626319516,0.24218499335778831,1.0,30.899912611653743,0.0,0.9204261732003697,1.0,0.4711228212812486,22.03981273580406,15.075930280999955
mix_12x12_s1,12,66,True,SA-matched,0.03,0.0,0.9375,0.7221259658317121,10.483744097999988,0.32761700306249963,1.0,,89.0,2.0,0.03,0.1972226449571748,6.57408816523916,False,23.0,0.0,32.0,0.0,0.1071827150573635,30.994023738965673,0.09411112731192972,0.9239476358529426,inf,0.21875,0.11023696931531854,0.3875533079044484,1.0,30.899912611653743,0.0,0.9152487196699233,1.0,0.4697215463750055,8.762646756039723,15.031089484000177
mix_12x12_s1,12,66,True,SA,0.1,0.0,1.0,0.5629581971392189,0.5944965219998721,0.018578016312496004,0.0,,89.0,2.0,0.1,0.657408816523916,6.57408816523916,False,23.0,0.0,32.0,0.0,0.1071827150573635,31.162567136700474,0.2626545250467309,0.7877456348225652,inf,0.0,0.0,0.1071827150573635,1.0,30.979317950090834,0.07940533843709119,0.8103552505899658,0.9358315654426075,0.18321884106249087,inf,5.863002913999708
mix_12x12_s1,12,66,True,SA,0.1,0.0,1.0,0.5545595135286044,0.5926981590000651,0.018521817468752033,1.0,,89.0,2.0,0.1,0.657408816523916,6.57408816523916,False,23.0,0.0,32.0,0.0,0.1071827150573635,31.07479874923156,0.17488613757781835,0.8586723525767965,inf,0.0,0.0,0.1071827150573635,1.0,30.979317950090834,0.07940533843709119,0.801586892708954,0.9358315654426075,0.18140408671875718,inf,5.80493077500023
mix_12x12_s1,12,66,True,Tabu,0.1,0.0,0.9375,0.5764986671486821,1.293474083999854,0.04042106512499544,0.0,,89.0,2.0,0.1,0.657408816523916,6.57408816523916,False,23.0,0.0,32.0,0.0,0.1071827150573635,31.21398925508932,0.31407664343557684,0.7461907859473688,inf,0.0,0.0,0.1071827150573635,1.0,31.07409083995552,0.17417822830177698,0.6764871197543163,0.8592444228046467,0.1617112278749957,inf,5.174759291999862
mix_12x12_s1,12,66,True,Tabu,0.1,0.0,1.0,0.5989965203870087,1.2142966869998872,0.037946771468746476,1.0,,89.0,2.0,0.1,0.657408816523916,6.57408816523916,False,23.0,0.0,32.0,0.0,0.1071827150573635,31.14176737114185,0.2418547594881062,0.8045541822241372,inf,0.0,0.0,0.1071827150573635,1.0,31.07409083995552,0.17417822830177698,0.6672142704352604,0.8592444228046467,0.15614365934374774,inf,4.996597098999928
mix_12x12_s1,12,66,True,SQA,0.1,0.0,1.0,0.7113748259250487,11.733510311999908,0.7333443944999942,0.0,,89.0,2.0,0.1,0.657408816523916,6.57408816523916,False,23.0,0.0,16.0,0.0,0.19361341827271994,31.159022026603886,0.2591094149501423,0.7906104820697301,inf,0.0,0.0,0.19361341827271994,1.0,30.979317950090834,0.07940533843709119,0.8614408101475414,0.9358315654426075,0.8864973995625007,inf,14.183958393000012
mix_12x12_s1,12,66,True,SQA,0.1,0.0,1.0,0.7440374468014483,11.782014867999806,0.7363759292499878,1.0,,89.0,2.0,0.1,0.657408816523916,6.57408816523916,False,23.0,0.0,16.0,0.0,0.19361341827271994,31.060317307197828,0.16040469554408432,0.8703749847137344,inf,0.0625,0.01111905730833121,0.2832926836802987,1.0,30.899912611653743,0.0,0.8873685198268388,1.0,0.8912836631874939,63.59787737032373,14.260538610999902
mix_12x12_s1,12,66,True,SA-matched,0.1,0.0,1.0,0.7091482982016853,9.939410008999857,0.31060656278124554,0.0,,89.0,2.0,0.1,0.657408816523916,6.57408816523916,False,23.0,0.0,32.0,0.0,0.1071827150573635,31.121983644360306,0.22207103270656248,0.820541656143017,inf,0.0625,0.017310203195157234,0.2014746724800358,1.0,30.899912611653743,0.0,0.904728039678825,1.0,0.4642877768749969,33.12942704754223,14.8572088599999
mix_12x12_s1,12,66,True,SA-matched,0.1,0.0,1.0,0.7102653355255564,10.10515552600009,0.3157861101875028,1.0,,89.0,2.0,0.1,0.657408816523916,6.57408816523916,False,23.0,0.0,32.0,0.0,0.1071827150573635,31.122686437306726,0.22277382565298254,0.8199737204843147,inf,0.1875,0.08889423936162782,0.3530949575492244,1.0,30.899912611653743,0.0,0.9065466915902323,1.0,0.47454721918749954,10.524838139337257,15.185511013999985
mix_12x12_s1,12,66,True,SA,1.0,0.0,1.0,0.5141045467050462,0.5497815809999338,0.01718067440624793,0.0,,89.0,2.0,1.0,6.57408816523916,6.57408816523916,False,23.0,0.0,32.0,0.0,0.1071827150573635,31.190776074110058,0.2908634624563149,0.7649496441533165,inf,0.0,0.0,0.1071827150573635,1.0,30.979317950090834,0.07940533843709119,0.811391351240974,0.9358315654426075,0.1968494096562452,inf,6.299181108999846
mix_12x12_s1,12,66,True,SA,1.0,0.0,0.9375,0.48720032743035524,0.5521745070000179,0.01725545334375056,1.0,,89.0,2.0,1.0,6.57408816523916,6.57408816523916,False,23.0,0.0,32.0,0.0,0.1071827150573635,31.272234204945804,0.37232159329206027,0.6991223227089004,inf,0.03125,0.005537717362550945,0.15744607800372734,1.0,30.899912611653743,0.0,0.8178359346780635,1.0,0.20146133687499912,29.222103313129605,6.446762779999972
mix_12x12_s1,12,66,True,Tabu,1.0,0.0,0.9375,0.5764986671486821,1.3368741610001962,0.04177731753125613,0.0,,89.0,2.0,1.0,6.57408816523916,6.57408816523916,False,23.0,0.0,32.0,0.0,0.1071827150573635,31.21398925508932,0.31407664343557684,0.7461907859473688,inf,0.0,0.0,0.1071827150573635,1.0,31.07409083995552,0.17417822830177698,0.6764871197543163,0.8592444228046467,0.1644441475625058,inf,5.262212722000186
mix_12x12_s1,12,66,True,Tabu,1.0,0.0,1.0,0.5989965203870087,1.2209032920000027,0.038153227875000084,1.0,,89.0,2.0,1.0,6.57408816523916,6.57408816523916,False,23.0,0.0,32.0,0.0,0.1071827150573635,31.14176737114185,0.2418547594881062,0.8045541822241372,inf,0.0,0.0,0.1071827150573635,1.0,31.07409083995552,0.17417822830177698,0.6672142704352604,0.8592444228046467,0.15773216643749777,inf,5.0474293259999286
mix_12x12_s1,12,66,True,SQA,1.0,0.0,1.0,0.6919020393571449,11.142086524999968,0.696380407812498,0.0,,89.0,2.0,1.0,6.57408816523916,6.57408816523916,False,23.0,0.0,16.0,0.0,0.19361341827271994,31.10021442460992,0.20030181295617666,0.8381336314486172,inf,0.0625,0.01111905730833121,0.2832926836802987,1.0,30.899912611653743,0.0,0.8569465991384686,1.0,0.8581166576874892,61.231233353775195,13.729866522999828
mix_12x12_s1,12,66,True,SQA,1.0,0.0,1.0,0.701570424301257,11.173622158000171,0.6983513848750107,1.0,,89.0,2.0,1.0,6.57408816523916,6.57408816523916,False,23.0,0.0,16.0,0.0,0.19361341827271994,31.165835206313847,0.26592259466010404,0.7851046674110242,inf,0.0625,0.01111905730833121,0.2832926836802987,1.0,30.899912611653743,0.0,0.8880924173781639,1.0,0.8781866725000214,62.6633367273557,14.050986760000342
mix_12x12_s1,12,66,True,SA-matched,1.0,0.0,1.0,0.7062732148237133,9.352599161999933,0.2922687238124979,0.0,,89.0,2.0,1.0,6.57408816523916,6.57408816523916,False,23.0,0.0,32.0,0.0,0.1071827150573635,31.09485300306059,0.1949403914068455,0.8424662624101413,inf,0.03125,0.005537717362550945,0.15744607800372734,1.0,30.899912611653743,0.0,0.8895640521375894,1.0,0.45687635221874956,66.27022421749304,14.620043270999986
mix_12x12_s1,12,66,True,SA-matched,1.0,0.0,1.0,0.6832839048849341,9.318184053999857,0.29119325168749555,1.0,,89.0,2.0,1.0,6.57408816523916,6.57408816523916,False,23.0,0.0,32.0,0.0,0.1071827150573635,31.08653139178368,0.18661878012993682,0.8491910592455257,inf,0.09375,0.032400962626319516,0.24218499335778831,1.0,30.899912611653743,0.0,0.8875572535067795,1.0,0.4483155047812488,20.972853204318895,14.346096152999962
mix_12x12_s2,12,66,True,MILP (HiGHS),,1.0,1.0,1.0,5.792254899999989,5.792254899999989,,,,,,,,,,,,,,,,,,,,,,,,,,,,
mix_12x12_s2,12,66,True,Greedy planner,,0.0,0.0,0.0,0.014736461999973471,0.014736461999973471,,,,,,,,,,,,,,,,,,,,,,,,,,,,
mix_12x12_s2,12,66,True,FeasibleSA,,0.15625,1.0,0.9454856223189214,9.810722007000095,0.30658506271875297,0.0,2112000.0,,,,,,,,,,,,,,,,,,,,,,,,,,
mix_12x12_s2,12,66,True,FeasibleSA,,0.125,1.0,0.9458010476300422,9.405461691000028,0.29392067784375087,1.0,2112000.0,,,,,,,,,,,,,,,,,,,,,,,,,,
mix_12x12_s2,12,66,True,SA,0.01,0.0,0.71875,0.5771243595235251,0.6657282609999129,0.020804008156247278,0.0,,89.0,2.0,0.01,0.06277838962909014,6.277838962909015,False,23.0,0.0,32.0,0.0,0.1071827150573635,31.038303045805996,0.11462175163058319,0.9038045972926039,inf,0.3125,0.17952352116618736,0.4856699969803239,1.0,30.923681294175413,0.0,0.943675177988517,1.0,0.14922985156250235,1.834109628283009,4.775355250000075
mix_12x12_s2,12,66,True,SA,0.01,0.0,0.90625,0.7330752384454741,0.6463756750001721,0.02019923984375538,1.0,,89.0,2.0,0.01,0.06277838962909014,6.277838962909015,False,23.0,0.0,32.0,0.0,0.1071827150573635,31.031535523898004,0.10785422972259084,0.9094841867772296,inf,0.28125,0.15564406845647866,0.4537483693811179,1.0,30.923681294175413,0.0,0.9337150397541792,1.0,0.15393808975000667,2.1466432906228308,4.926018872000213
mix_12x12_s2,12,66,True,Tabu,0.01,0.0,0.9375,0.6906653646373613,1.1963941900000918,0.03738731843750287,0.0,,89.0,2.0,0.01,0.06277838962909014,6.277838962909015,False,23.0,0.0,32.0,0.0,0.1071827150573635,31.09960198140818,0.1759206872327681,0.8523599481583677,inf,0.0,0.0,0.1071827150573635,1.0,31.096894255981713,0.17321296180629986,0.7839105788946708,0.8546323854062265,0.16031030775000232,inf,5.129929848000074
mix_12x12_s2,12,66,True,Tabu,0.01,0.0,0.90625,0.6655204371025092,1.3330288069998915,0.04165715021874661,1.0,,89.0,2.0,0.01,0.06277838962909014,6.277838962909015,False,23.0,0.0,32.0,0.0,0.1071827150573635,31.105018498752283,0.1813372045768702,0.847814178618335,inf,0.0,0.0,0.1071827150573635,1.0,31.096894255981713,0.17321296180629986,0.7780874237771241,0.8546323854062265,0.1670533726562411,inf,5.345707924999715
mix_12x12_s2,12,66,True,SQA,0.01,0.0,0.875,0.7968092168773372,12.281624884999928,0.7676015553124955,0.0,,89.0,2.0,0.01,0.06277838962909014,6.277838962909015,False,23.0,0.0,16.0,0.0,0.19361341827271994,30.992822884332494,0.06914159015708066,0.9419734647711013,inf,0.5625,0.33178195606776517,0.7690163666481448,1.0,30.923681294175413,0.0,0.9706228271011159,1.0,0.8743528221874897,4.870748655383229,13.989645154999835
mix_12x12_s2,12,66,True,SQA,0.01,0.0,0.8125,0.7330703785502195,12.426757404,0.77667233775,1.0,,89.0,2.0,0.01,0.06277838962909014,6.277838962909015,False,23.0,0.0,16.0,0.0,0.19361341827271994,31.018581693906878,0.0949003997314648,0.9203555866195178,inf,0.375,0.18480982554752806,0.613593529020652,1.0,30.923681294175413,0.0,0.9547911121806072,1.0,0.8867813101875015,8.688824079338728,14.188500963000024
mix_12x12_s2,12,66,True,SA-matched,0.01,0.0,0.8125,0.737191126487518,11.17569527600017,0.3492404773750053,0.0,,89.0,2.0,0.01,0.06277838962909014,6.277838962909015,False,23.0,0.0,32.0,0.0,0.1071827150573635,30.955940142272354,0.032258848096940795,0.9729270156892807,inf,0.84375,0.6824550744643347,0.9313568089337279,1.0,30.923681294175413,0.0,0.9888995499417234,1.0,0.4498955271562508,1.1161168515089972,14.396656869000026
mix_12x12_s2,12,66,True,SA-matched,0.01,0.0,0.8125,0.7345812960157818,10.883768663999945,0.34011777074999827,1.0,,89.0,2.0,0.01,0.06277838962909014,6.277838962909015,False,23.0,0.0,32.0,0.0,0.1071827150573635,30.94762799935785,0.02394670518243558,0.9799029161937441,inf,0.71875,0.546251630618882,0.8443559315435214,1.0,30.923681294175413,0.0,0.9799482545662928,1.0,0.44212809168749345,1.605090207202591,14.14809893399979
mix_12x12_s2,12,66,True,SA,0.03,0.0,0.9375,0.5869813478543153,0.6236548269998821,0.019489213343746314,0.0,,89.0,2.0,0.03,0.18833516888727045,6.277838962909015,False,23.0,0.0,32.0,0.0,0.1071827150573635,31.18298234362805,0.2593010494526382,0.7823836355691186,inf,0.0625,0.017310203195157234,0.2014746724800358,1.0,30.923681294175413,0.0,0.8434525205943257,1.0,0.1888829292187495,13.477811684375686,6.044253734999984
mix_12x12_s2,12,66,True,SA,0.03,0.0,0.875,0.5520354336879494,0.6077928730001076,0.018993527281253364,1.0,,89.0,2.0,0.03,0.18833516888727045,6.277838962909015,False,23.0,0.0,32.0,0.0,0.1071827150573635,31.201280042345644,0.2775987481702309,0.7670274359672291,inf,0.09375,0.032400962626319516,0.24218499335778831,1.0,30.923681294175413,0.0,0.8522408488945649,1.0,0.1936496862499979,9.05921477055613,6.196789959999933
mix_12x12_s2,12,66,True,Tabu,0.03,0.0,0.96875,0.5711664407667163,1.1687533629999507,0.03652354259374846,0.0,,89.0,2.0,0.03,0.18833516888727045,6.277838962909015,False,23.0,0.0,32.0,0.0,0.1071827150573635,31.249569741501144,0.3258884473257311,0.7265006861069268,inf,0.0,0.0,0.1071827150573635,1.0,31.12487144255705,0.20119014838163807,0.64554609203117,0.8311527518205492,0.16974637553125405,inf,5.4318840170001295
mix_12x12_s2,12,66,True,Tabu,0.03,0.0,1.0,0.5625787770334432,1.2142148890000044,0.03794421528125014,1.0,,89.0,2.0,0.03,0.18833516888727045,6.277838962909015,False,23.0,0.0,32.0,0.0,0.1071827150573635,31.209337124993066,0.2856558308176531,0.7602655927839781,inf,0.0,0.0,0.1071827150573635,1.0,31.181830464224195,0.2581491700487817,0.6466495751977286,0.7833503412907468,0.17990636703125062,inf,5.75700374500002
mix_12x12_s2,12,66,True,SQA,0.03,0.0,1.0,0.797491872034113,12.118812281999908,0.7574257676249943,0.0,,89.0,2.0,0.03,0.18833516888727045,6.277838962909015,False,23.0,0.0,16.0,0.0,0.19361341827271994,31.072311550581134,0.14863025640572047,0.8752632273887099,inf,0.0625,0.01111905730833121,0.2832926836802987,1.0,30.923681294175413,0.0,0.9033453120569396,1.0,0.8794972647499861,62.75685452493057,14.071956235999778
mix_12x12_s2,12,66,True,SQA,0.03,0.0,1.0,0.7806128682950095,12.171162922000121,0.7606976826250076,1.0,,89.0,2.0,0.03,0.18833516888727045,6.277838962909015,False,23.0,0.0,16.0,0.0,0.19361341827271994,31.061298608704224,0.13761731452881065,0.8845057521605947,inf,0.0,0.0,0.19361341827271994,1.0,31.000585019388012,0.07690372521259903,0.893547386946051,0.9354591540324094,0.8979354308125096,inf,14.366966893000154
mix_12x12_s2,12,66,True,SA-matched,0.03,0.0,1.0,0.776003632441223,10.624416333,0.33201301040625,0.0,,89.0,2.0,0.03,0.18833516888727045,6.277838962909015,False,23.0,0.0,32.0,0.0,0.1071827150573635,31.021328537345394,0.09764724316998041,0.9180503198880009,inf,0.15625,0.06864319106627216,0.31754492553566527,1.0,30.923681294175413,0.0,0.923206362518534,1.0,0.4736782039687526,12.839206059162178,15.157702527000083
mix_12x12_s2,12,66,True,SA-matched,0.03,0.0,0.96875,0.7485388956048544,10.681653379999716,0.3338016681249911,1.0,,89.0,2.0,0.03,0.18833516888727045,6.277838962909015,False,23.0,0.0,32.0,0.0,0.1071827150573635,31.067640641040516,0.1439593468651026,0.8791832514493932,inf,0.09375,0.032400962626319516,0.24218499335778831,1.0,30.923681294175413,0.0,0.9015236450877487,1.0,0.4842767986562393,22.65517498314195,15.496857556999657
mix_12x12_s2,12,66,True,SA,0.1,0.0,1.0,0.5763074707578818,0.6032891459999519,0.018852785812498496,0.0,,89.0,2.0,0.1,0.6277838962909015,6.277838962909015,False,23.0,0.0,32.0,0.0,0.1071827150573635,31.170082712568284,0.2464014183928711,0.7932095493849395,inf,0.03125,0.005537717362550945,0.15744607800372734,1.0,30.923681294175413,0.0,0.8288137898456348,1.0,0.20122139462499433,29.187299527313492,6.439084627999819
mix_12x12_s2,12,66,True,SA,0.1,0.0,1.0,0.5192046548234924,0.5954078109998591,0.018606494093745596,1.0,,89.0,2.0,0.1,0.6277838962909015,6.277838962909015,False,23.0,0.0,32.0,0.0,0.1071827150573635,31.187334435844527,0.26365314166911347,0.7787311764378636,inf,0.0,0.0,0.1071827150573635,1.0,31.000585019388012,0.07690372521259903,0.7944009632446899,0.9354591540324094,0.199429487499998,inf,6.381743599999936
mix_12x12_s2,12,66,True,Tabu,0.1,0.0,1.0,0.5744726538368015,1.2511103299998467,0.03909719781249521,0.0,,89.0,2.0,0.1,0.6277838962909015,6.277838962909015,False,23.0,0.0,32.0,0.0,0.1071827150573635,31.243064928869494,0.3193836346940806,0.7319597988995358,inf,0.0,0.0,0.1071827150573635,1.0,31.12487144255705,0.20119014838163807,0.6429915551966834,0.8311527518205492,0.17054178581250312,inf,5.4573371460001
mix_12x12_s2,12,66,True,Tabu,0.1,0.0,0.9375,0.5194557978620071,1.213245557999926,0.037913923687497686,1.0,,89.0,2.0,0.1,0.6277838962909015,6.277838962909015,False,23.0,0.0,32.0,0.0,0.1071827150573635,31.27335220285606,0.3496709086806469,0.7065414426399232,inf,0.0,0.0,0.1071827150573635,1.0,31.149309152128104,0.22562785795269136,0.6504219992071695,0.8106435964465301,0.17035764912499474,inf,5.451444771999832
mix_12x12_s2,12,66,True,SQA,0.1,0.0,1.0,0.7391585206283883,11.935869695999827,0.7459918559999892,0.0,,89.0,2.0,0.1,0.6277838962909015,6.277838962909015,False,23.0,0.0,16.0,0.0,0.19361341827271994,31.05249307568747,0.12881178151205575,0.8918957264242056,inf,0.0625,0.01111905730833121,0.2832926836802987,1.0,30.923681294175413,0.0,0.858718370271238,1.0,0.9020809293124898,64.3683203115715,14.433294868999837
mix_12x12_s2,12,66,True,SQA,0.1,0.0,1.0,0.7159134902892452,11.886443204999978,0.7429027003124986,1.0,,89.0,2.0,0.1,0.6277838962909015,6.277838962909015,False,23.0,0.0,16.0,0.0,0.19361341827271994,31.144020147015407,0.2203388528399941,0.8150823523501838,inf,0.0,0.0,0.19361341827271994,1.0,31.000585019388012,0.07690372521259903,0.8521552570863966,0.9354591540324094,0.9085761916875015,inf,14.537219067000024
mix_12x12_s2,12,66,True,SA-matched,0.1,0.0,1.0,0.7442973964326374,10.349464162999993,0.3234207550937498,0.0,,89.0,2.0,0.1,0.6277838962909015,6.277838962909015,False,23.0,0.0,32.0,0.0,0.1071827150573635,31.08851693345259,0.16483563927717526,0.861662987389139,inf,0.03125,0.005537717362550945,0.15744607800372734,1.0,30.923681294175413,0.0,0.8854736687599865,1.0,0.4714783764062531,68.38825771219183,15.0873080450001
mix_12x12_s2,12,66,True,SA-matched,0.1,0.0,1.0,0.6982781763660624,10.166611922999891,0.3177066225937466,1.0,,89.0,2.0,0.1,0.6277838962909015,6.277838962909015,False,23.0,0.0,32.0,0.0,0.1071827150573635,31.13605104467277,0.21236975049735562,0.8217703587552615,inf,0.09375,0.032400962626319516,0.24218499335778831,1.0,30.923681294175413,0.0,0.8939512748976359,1.0,0.4701425300625033,21.993953282787235,15.044560962000105
mix_12x12_s2,12,66,True,SA,1.0,0.0,0.96875,0.5171903710743639,0.5518259240002408,0.017244560125007524,0.0,,89.0,2.0,1.0,6.277838962909015,6.277838962909015,False,23.0,0.0,32.0,0.0,0.1071827150573635,31.188091670806116,0.2644103766307033,0.7780956729576077,inf,0.0,0.0,0.1071827150573635,1.0,31.000585019388012,0.07690372521259903,0.7694131877343491,0.9354591540324094,0.18921151318750162,inf,6.054768422000052
mix_12x12_s2,12,66,True,SA,1.0,0.0,1.0,0.5135641527939994,0.5526459220000106,0.01727018506250033,1.0,,89.0,2.0,1.0,6.277838962909015,6.277838962909015,False,23.0,0.0,32.0,0.0,0.1071827150573635,31.265477006499655,0.34179571232424166,0.7131506391853204,inf,0.0,0.0,0.1071827150573635,1.0,31.000585019388012,0.07690372521259903,0.7590209958281875,0.9354591540324094,0.1870072746250031,inf,5.984232788000099
mix_12x12_s2,12,66,True,Tabu,1.0,0.0,1.0,0.5744726538368015,1.2092926090003857,0.03779039403126205,0.0,,89.0,2.0,1.0,6.277838962909015,6.277838962909015,False,23.0,0.0,32.0,0.0,0.1071827150573635,31.243064928869494,0.3193836346940806,0.7319597988995358,inf,0.0,0.0,0.1071827150573635,1.0,31.12487144255705,0.20119014838163807,0.6429915551966834,0.8311527518205492,0.1643726781562691,inf,5.259925701000611
mix_12x12_s2,12,66,True,Tabu,1.0,0.0,0.9375,0.5194557978620071,1.206600304999938,0.037706259531248065,1.0,,89.0,2.0,1.0,6.277838962909015,6.277838962909015,False,23.0,0.0,32.0,0.0,0.1071827150573635,31.27335220285606,0.3496709086806469,0.7065414426399232,inf,0.0,0.0,0.1071827150573635,1.0,31.149309152128104,0.22562785795269136,0.6504219992071695,0.8106435964465301,0.1765114279374984,inf,5.648365693999949
mix_12x12_s2,12,66,True,SQA,1.0,0.0,1.0,0.7064925982292257,11.263798568999846,0.7039874105624904,0.0,,89.0,2.0,1.0,6.277838962909015,6.277838962909015,False,23.0,0.0,16.0,0.0,0.19361341827271994,31.150050415062616,0.2263691208872025,0.8100214973642618,inf,0.0625,0.01111905730833121,0.2832926836802987,1.0,30.923681294175413,0.0,0.834011060099348,1.0,0.8723663040624956,62.24802217214883,13.95786086499993
mix_12x12_s2,12,66,True,SQA,1.0,0.0,1.0,0.7306507031163086,11.337802003999968,0.708612625249998,1.0,,89.0,2.0,1.0,6.277838962909015,6.277838962909015,False,23.0,0.0,16.0,0.0,0.19361341827271994,31.089459587435552,0.16577829326013926,0.8608718724548882,inf,0.0,0.0,0.19361341827271994,1.0,31.000585019388012,0.07690372521259903,0.8914942545641196,0.9354591540324094,0.876467048562489,inf,14.023472776999824
mix_12x12_s2,12,66,True,SA-matched,1.0,0.0,1.0,0.6979570051139744,9.508499177999965,0.2971405993124989,0.0,,89.0,2.0,1.0,6.277838962909015,6.277838962909015,False,23.0,0.0,32.0,0.0,0.1071827150573635,31.11305838866827,0.18937709449285833,0.8410667642995919,inf,0.125,0.04970053844474301,0.2806864978482796,1.0,30.923681294175413,0.0,0.8839689753242954,1.0,0.4536845792499946,15.646468273415834,14.517906535999828
mix_12x12_s2,12,66,True,SA-matched,1.0,0.0,1.0,0.6932958742703417,9.615428004000023,0.3004821251250007,1.0,,89.0,2.0,1.0,6.277838962909015,6.277838962909015,False,23.0,0.0,32.0,0.0,0.1071827150573635,31.112852363756808,0.18917106958139485,0.8412396690846266,inf,0.0625,0.017310203195157234,0.2014746724800358,1.0,30.923681294175413,0.0,0.8745746348070231,1.0,0.4527410061562449,32.3055029271694,14.487712196999837
